18	36	34	333
18	36	34	300
18	36	34	300
18	36	34	268
18	36	34	268
18	36	34	231
18	36	34	231
18	36	34	195
18	36	34	195
18	36	34	169
18	36	34	169
18	36	34	169
18	36	34	160
18	36	34	160
18	36	34	168
18	36	34	168
18	36	34	182
18	36	34	182
18	36	34	196
18	36	34	204
18	36	34	204
18	36	34	207
18	36	34	207
18	36	34	206
18	36	34	206
18	36	34	202
18	36	34	202
18	36	34	195
18	36	34	195
18	36	34	195
18	36	34	186
18	36	34	186
18	36	34	179
18	36	34	179
18	36	34	178
18	36	34	178
18	36	34	178
18	36	34	178
18	36	34	179
18	36	34	179
18	36	34	185
18	36	34	185
18	36	34	188
18	36	34	188
18	36	34	193
18	36	34	193
18	36	34	196
18	36	34	196
18	36	34	196
18	36	34	196
18	36	34	195
18	36	34	195
18	36	34	187
18	36	34	187
18	36	34	189
18	36	34	189
18	36	34	193
18	36	34	193
18	36	34	215
18	36	34	215
18	36	34	267
18	36	34	267
18	36	34	350
18	36	34	350
18	36	34	438
18	36	34	438
18	36	34	507
18	36	34	507
18	36	34	512
18	36	34	512
18	36	34	512
18	36	34	512
18	36	34	471
18	36	34	471
18	36	34	416
18	36	34	416
18	36	34	364
18	36	34	364
18	36	34	328
18	36	34	328
18	36	34	295
18	36	34	295
18	36	34	260
18	36	34	260
18	36	34	222
18	36	34	222
18	36	34	189
18	36	34	189
18	36	34	166
18	36	34	166
18	36	34	159
18	36	34	159
18	36	34	166
18	36	34	166
18	36	34	182
18	36	34	182
18	36	34	204
18	36	34	204
18	36	34	214
18	36	34	214
18	36	35	217
18	36	35	217
18	36	35	212
18	36	35	212
18	36	35	204
18	36	35	204
18	36	35	196
18	36	35	196
18	36	35	188
18	36	35	188
18	36	35	188
18	36	35	185
18	36	35	185
18	36	35	182
18	36	35	182
18	36	35	184
18	36	35	190
18	36	35	190
18	36	35	201
18	36	35	201
18	36	35	205
18	36	35	205
18	36	35	207
18	36	35	207
18	36	35	209
18	36	35	209
18	36	35	209
18	36	35	209
18	36	35	209
18	36	35	207
18	36	35	207
18	36	35	207
18	36	35	207
18	36	35	206
18	36	35	206
18	36	35	211
18	36	35	211
18	36	35	234
18	36	35	234
18	36	35	298
18	36	35	298
18	36	35	389
18	36	35	389
18	36	35	477
18	36	35	477
18	36	35	512
18	36	35	512
18	36	35	512
18	36	35	512
18	36	35	512
18	36	35	512
18	36	35	469
18	36	35	469
18	36	35	413
18	36	35	413
18	36	35	361
18	36	35	361
18	36	35	322
18	36	35	322
18	36	35	289
18	36	35	289
18	36	35	254
18	36	35	254
18	36	35	217
18	36	35	217
18	36	35	186
18	36	35	186
18	36	35	171
18	36	35	171
18	36	35	171
18	36	35	171
18	36	35	187
18	36	35	187
18	36	35	203
18	36	35	203
18	36	35	218
18	36	35	218
18	36	35	221
18	36	35	221
18	36	35	217
18	36	35	217
18	36	35	210
18	36	35	210
18	36	35	202
18	36	35	202
18	36	35	192
18	36	35	192
18	36	35	187
18	36	35	187
18	36	35	183
18	36	35	183
18	36	35	183
18	36	35	183
18	36	35	186
18	36	35	186
18	36	35	192
18	36	35	192
18	36	35	193
18	36	35	193
18	36	35	196
18	36	36	196
18	36	36	198
18	36	36	198
18	36	36	199
18	36	36	199
18	36	36	199
18	36	36	196
18	36	36	195
18	36	36	195
18	36	36	195
18	36	36	195
18	36	36	201
18	36	36	201
18	36	36	231
18	36	36	231
18	36	36	295
18	36	36	295
18	36	36	388
18	36	36	388
18	36	36	388
18	36	36	481
18	36	36	512
18	36	36	512
18	36	36	512
18	36	36	512
18	36	36	512
18	36	36	508
18	36	36	508
18	36	36	455
18	36	36	455
18	36	36	395
18	36	36	395
18	36	36	344
18	36	36	344
18	36	36	311
18	36	36	311
18	36	36	275
18	36	36	275
18	36	36	240
18	36	36	240
18	36	36	201
18	36	36	201
18	36	36	170
18	36	36	170
18	36	36	152
18	36	36	152
18	36	36	152
18	36	36	152
18	36	36	167
18	36	36	167
18	36	36	184
18	36	36	184
18	36	36	196
18	36	36	196
18	36	36	202
18	36	36	202
18	36	36	201
18	36	36	201
18	36	36	196
18	36	36	196
18	36	36	188
18	36	36	188
18	36	36	178
18	36	36	178
18	36	36	173
18	36	36	173
18	36	36	170
18	36	36	170
18	36	36	171
18	36	36	171
18	36	36	176
18	36	36	176
18	36	36	179
18	36	36	179
18	36	36	185
18	36	36	185
18	36	36	188
18	36	36	188
18	36	36	196
18	36	36	196
18	36	36	199
18	36	36	199
18	36	36	199
18	36	36	199
18	36	36	198
18	36	36	198
18	36	36	198
18	36	36	198
18	36	36	204
18	36	36	204
18	36	36	229
18	36	36	229
18	36	36	286
18	36	36	286
18	36	36	286
18	36	36	376
18	36	36	468
18	36	36	468
18	36	36	468
18	36	36	512
18	36	37	512
18	36	37	512
18	36	37	512
18	36	37	512
18	36	37	512
18	36	37	467
18	36	37	467
18	36	37	416
18	36	37	416
18	36	37	369
18	36	37	339
18	36	37	339
18	36	37	309
18	36	37	309
18	36	37	275
18	36	37	275
18	36	37	275
18	36	37	234
18	36	37	234
18	36	37	196
18	36	37	196
18	36	37	170
18	36	37	170
18	36	37	161
18	36	37	161
18	36	37	168
18	36	37	168
18	36	37	183
18	36	37	183
18	36	37	199
18	36	37	199
18	36	37	210
18	36	37	210
18	36	37	213
18	36	37	213
18	36	37	210
18	36	37	210
18	36	37	203
18	36	37	203
18	36	37	194
18	36	37	194
18	36	37	188
18	36	37	188
18	36	37	185
18	36	37	185
18	36	37	187
18	36	37	187
18	36	37	190
18	36	37	190
18	36	37	193
18	36	37	193
18	36	37	197
18	36	37	197
18	36	37	201
18	36	37	201
18	36	37	204
18	36	37	204
18	36	37	204
18	36	37	204
18	36	37	201
18	36	37	201
18	36	37	200
18	36	37	200
18	36	37	201
18	36	37	201
18	36	37	206
18	36	37	206
18	36	37	229
18	36	37	229
18	36	37	281
18	36	37	281
18	36	37	361
18	36	37	361
18	36	37	433
18	36	37	433
18	36	37	489
18	36	37	489
18	36	37	503
18	36	37	503
18	36	37	484
18	36	37	484
18	36	37	444
18	36	37	444
18	36	37	399
18	36	37	399
18	36	37	355
18	36	37	355
18	36	37	331
18	36	37	331
18	36	37	301
18	36	37	301
18	36	37	301
18	36	37	267
18	36	37	267
18	36	37	231
18	36	37	196
18	36	37	196
18	36	37	196
18	36	37	166
18	36	38	166
18	36	38	160
18	36	38	160
18	36	38	167
18	36	38	167
18	36	38	181
18	36	38	181
18	36	38	188
18	36	38	198
18	36	38	198
18	36	38	208
18	36	38	208
18	36	38	208
18	36	38	208
18	36	38	208
18	36	38	201
18	36	38	194
18	36	38	194
18	36	38	194
18	36	38	185
18	36	38	185
18	36	38	181
18	36	38	181
18	36	38	179
18	36	38	179
18	36	38	179
18	36	38	179
18	36	38	182
18	36	38	182
18	36	38	185
18	36	38	185
18	36	38	190
18	36	38	190
18	36	38	193
18	36	38	193
18	36	38	194
18	36	38	194
18	36	38	192
18	36	38	192
18	36	38	194
18	36	38	194
18	36	38	197
18	36	38	197
18	36	38	202
18	36	38	202
18	36	38	223
18	36	38	223
18	36	38	270
18	36	38	270
18	36	38	345
18	36	38	345
18	36	38	410
18	36	38	410
18	36	38	461
18	36	38	461
18	36	38	478
18	36	38	478
18	36	38	460
18	36	38	460
18	36	38	422
18	36	38	422
18	36	38	378
18	36	38	378
18	36	38	336
18	36	38	336
18	36	38	313
18	36	38	313
18	36	38	288
18	36	38	288
18	36	38	258
18	36	38	258
18	36	38	224
18	36	38	224
18	36	38	194
18	36	38	194
18	36	38	179
18	36	38	179
18	36	38	182
18	36	38	182
18	36	38	191
18	36	38	191
18	36	38	203
18	36	38	203
18	36	38	215
18	36	38	215
18	36	38	220
18	36	38	220
18	36	38	219
18	36	38	219
18	36	38	215
18	36	38	215
18	36	38	209
18	36	38	209
18	36	38	202
18	36	38	202
18	36	38	202
18	36	38	198
18	36	38	198
18	36	38	196
18	36	38	196
18	36	39	199
18	36	39	199
18	36	39	200
18	36	39	202
18	36	39	202
18	36	39	207
18	36	39	207
18	36	39	207
18	36	39	210
18	36	39	210
18	36	39	210
18	36	39	210
18	36	39	210
18	36	39	210
18	36	39	208
18	36	39	208
18	36	39	208
18	36	39	208
18	36	39	212
18	36	39	212
18	36	39	234
18	36	39	234
18	36	39	278
18	36	39	278
18	36	39	347
18	36	39	347
18	36	39	413
18	36	39	413
18	36	39	464
18	36	39	464
18	36	39	480
18	36	39	480
18	36	39	464
18	36	39	464
18	36	39	427
18	36	39	427
18	36	39	378
18	36	39	378
18	36	39	339
18	36	39	339
18	36	39	318
18	36	39	318
18	36	39	291
18	36	39	291
18	36	39	262
18	36	39	262
18	36	39	229
18	36	39	229
18	36	39	204
18	36	39	204
18	36	39	189
18	36	39	189
18	36	39	187
18	36	39	187
18	36	39	196
18	36	39	196
18	36	39	210
18	36	39	210
18	36	39	223
18	36	39	223
18	36	39	229
18	36	39	229
18	36	39	229
18	36	39	229
18	36	39	224
18	36	39	224
18	36	39	215
18	36	39	215
18	36	39	209
18	36	39	209
18	36	39	204
18	36	39	204
18	36	39	202
18	36	39	202
18	36	39	203
18	36	39	203
18	36	39	204
18	36	39	204
18	36	39	201
18	36	39	201
18	36	39	207
18	36	39	207
18	36	39	209
18	36	39	209
18	36	39	209
18	36	39	209
18	36	39	207
18	36	39	207
18	36	39	207
18	36	39	201
18	36	39	201
18	36	39	201
18	36	39	201
18	36	39	205
18	36	39	205
18	36	39	226
18	36	39	226
18	36	39	271
18	36	39	271
18	36	39	342
18	36	40	342
18	36	40	416
18	36	40	467
18	36	40	467
18	36	40	485
18	36	40	463
18	36	40	463
18	36	40	463
18	36	40	421
18	36	40	421
18	36	40	375
18	36	40	375
18	36	40	333
18	36	40	333
18	36	40	311
18	36	40	311
18	36	40	280
18	36	40	280
18	36	40	252
18	36	40	252
18	36	40	222
18	36	40	222
18	36	40	195
18	36	40	195
18	36	40	178
18	36	40	178
18	36	40	175
18	36	40	175
18	36	40	181
18	36	40	181
18	36	40	193
18	36	40	193
18	36	40	204
18	36	40	204
18	36	40	212
18	36	40	212
18	36	40	211
18	36	40	211
18	36	40	209
18	36	40	209
18	36	40	207
18	36	40	207
18	36	40	199
18	36	40	199
18	36	40	193
18	36	40	193
18	36	40	190
18	36	40	190
18	36	40	187
18	36	40	187
18	36	40	187
18	36	40	187
18	36	40	188
18	36	40	188
18	36	40	190
18	36	40	190
18	36	40	193
18	36	40	193
18	36	40	202
18	36	40	202
18	36	40	202
18	36	40	202
18	36	40	201
18	36	40	201
18	36	40	199
18	36	40	199
18	36	40	204
18	36	40	204
18	36	40	214
18	36	40	214
18	36	40	245
18	36	40	245
18	36	40	307
18	36	40	307
18	36	40	377
18	36	40	377
18	36	40	452
18	36	40	452
18	36	40	452
18	36	40	483
18	36	40	479
18	36	40	479
18	36	40	479
18	36	40	449
18	36	40	449
18	36	40	406
18	36	40	406
18	36	40	364
18	36	40	364
18	36	40	335
18	36	40	335
18	36	40	309
18	36	40	309
18	36	40	283
18	36	40	283
18	36	40	254
18	36	40	254
18	36	40	226
18	36	40	226
18	36	40	202
18	36	41	202
18	36	41	191
18	36	41	191
18	36	41	192
18	36	41	196
18	36	41	196
18	36	41	209
18	36	41	209
18	36	41	218
18	36	41	218
18	36	41	227
18	36	41	227
18	36	41	226
18	36	41	226
18	36	41	221
18	36	41	221
18	36	41	215
18	36	41	215
18	36	41	207
18	36	41	207
18	36	41	202
18	36	41	202
18	36	41	199
18	36	41	199
18	36	41	198
18	36	41	198
18	36	41	199
18	36	41	199
18	36	41	203
18	36	41	203
18	36	41	210
18	36	41	210
18	36	41	212
18	36	41	212
18	36	41	215
18	36	41	215
18	36	41	214
18	36	41	214
18	36	41	212
18	36	41	212
18	36	41	208
18	36	41	208
18	36	41	213
18	36	41	213
18	36	41	234
18	36	41	234
18	36	41	289
18	36	41	289
18	36	41	365
18	36	41	365
18	36	41	436
18	36	41	436
18	36	41	485
18	36	41	485
18	36	41	493
18	36	41	493
18	36	41	493
18	36	41	465
18	36	41	420
18	36	41	420
18	36	41	420
18	36	41	372
18	36	41	332
18	36	41	332
18	36	41	310
18	36	41	310
18	36	41	284
18	36	41	284
18	36	41	256
18	36	41	256
18	36	41	226
18	36	41	226
18	36	41	201
18	36	41	201
18	36	41	185
18	36	41	185
18	36	41	177
18	36	41	177
18	36	41	177
18	36	41	186
18	36	41	186
18	36	41	199
18	36	41	199
18	36	41	210
18	36	41	210
18	36	41	216
18	36	41	216
18	36	41	217
18	36	41	217
18	36	41	213
18	36	41	213
18	36	41	205
18	36	41	199
18	36	41	199
18	36	41	199
18	36	41	193
18	36	41	193
18	36	41	187
18	36	42	187
18	36	42	188
18	36	42	188
18	36	42	189
18	36	42	189
18	36	42	193
18	36	42	193
18	36	42	196
18	36	42	196
18	36	42	198
18	36	42	198
18	36	42	201
18	36	42	201
18	36	42	200
18	36	42	200
18	36	42	200
18	36	42	200
18	36	42	199
18	36	42	199
18	36	42	199
18	36	42	199
18	36	42	214
18	36	42	214
18	36	42	254
18	36	42	254
18	36	42	325
18	36	42	325
18	36	42	400
18	36	42	400
18	36	42	457
18	36	42	457
18	36	42	482
18	36	42	482
18	36	42	466
18	36	42	466
18	36	42	426
18	36	42	426
18	36	42	372
18	36	42	372
18	36	42	331
18	36	42	331
18	36	42	303
18	36	42	303
18	36	42	277
18	36	42	277
18	36	42	250
18	36	42	250
18	36	42	221
18	36	42	221
18	36	42	194
18	36	42	194
18	36	42	177
18	36	42	177
18	36	42	177
18	36	42	172
18	36	42	172
18	36	42	180
18	36	42	180
18	36	42	193
18	36	42	212
18	36	42	212
18	36	42	222
18	36	42	222
18	36	42	221
18	36	42	221
18	36	42	215
18	36	42	215
18	36	42	215
18	36	42	209
18	36	42	200
18	36	42	200
18	36	42	200
18	36	42	196
18	36	42	196
18	36	42	193
18	36	42	193
18	36	42	196
18	36	42	196
18	36	42	199
18	36	42	199
18	36	42	206
18	36	42	206
18	36	42	207
18	36	42	207
18	36	42	208
18	36	42	208
18	36	42	207
18	36	42	207
18	36	42	207
18	36	42	205
18	36	42	205
18	36	42	205
18	36	42	207
18	36	42	207
18	36	42	212
18	36	42	212
18	36	42	233
18	36	42	233
18	36	42	282
18	36	42	282
18	36	43	369
18	36	43	369
18	36	43	441
18	36	43	441
18	36	43	491
18	36	43	491
18	36	43	497
18	36	43	497
18	36	43	470
18	36	43	470
18	36	43	422
18	36	43	422
18	36	43	372
18	36	43	372
18	36	43	336
18	36	43	336
18	36	43	305
18	36	43	305
18	36	43	278
18	36	43	278
18	36	43	250
18	36	43	250
18	36	43	221
18	36	43	221
18	36	43	199
18	36	43	199
18	36	43	190
18	36	43	190
18	36	43	192
18	36	43	192
18	36	43	204
18	36	43	204
18	36	43	217
18	36	43	217
18	36	43	229
18	36	43	229
18	36	43	231
18	36	43	231
18	36	43	226
18	36	43	226
18	36	43	220
18	36	43	220
18	36	43	210
18	36	43	210
18	36	43	202
18	36	43	202
18	36	43	197
18	36	43	197
18	36	43	197
18	36	43	195
18	36	43	195
18	36	43	197
18	36	43	200
18	36	43	200
18	36	43	204
18	36	43	204
18	36	43	210
18	36	43	210
18	36	43	212
18	36	43	212
18	36	43	211
18	36	43	211
18	36	43	210
18	36	43	210
18	36	43	210
18	36	43	210
18	36	43	210
18	36	43	210
18	36	43	210
18	36	43	218
18	36	43	218
18	36	43	249
18	36	43	249
18	36	43	314
18	36	43	314
18	36	43	394
18	36	43	394
18	36	43	466
18	36	43	466
18	36	43	501
18	36	43	501
18	36	43	496
18	36	43	496
18	36	43	459
18	36	43	459
18	36	43	410
18	36	43	410
18	36	43	363
18	36	43	363
18	36	43	330
18	36	43	330
18	36	43	310
18	36	43	310
18	36	43	287
18	36	43	287
18	36	43	258
18	36	43	258
18	36	43	219
18	36	43	219
18	36	43	185
18	36	43	185
18	36	44	170
18	36	44	170
18	36	44	168
18	36	44	168
18	36	44	180
18	36	44	180
18	36	44	193
18	36	44	193
18	36	44	206
18	36	44	206
18	36	44	213
18	36	44	213
18	36	44	210
18	36	44	210
18	36	44	206
18	36	44	206
18	36	44	198
18	36	44	198
18	36	44	189
18	36	44	189
18	36	44	182
18	36	44	182
18	36	44	180
18	36	44	180
18	36	44	181
18	36	44	181
18	36	44	183
18	36	44	183
18	36	44	187
18	36	44	187
18	36	44	191
18	36	44	191
18	36	44	192
18	36	44	192
18	36	44	193
18	36	44	193
18	36	44	195
18	36	44	195
18	36	44	195
18	36	44	195
18	36	44	195
18	36	44	197
18	36	44	197
18	36	44	206
18	36	44	206
18	36	44	237
18	36	44	237
18	36	44	301
18	36	44	301
18	36	44	380
18	36	44	380
18	36	44	457
18	36	44	498
18	36	44	498
18	36	44	502
18	36	44	502
18	36	44	475
18	36	44	475
18	36	44	475
18	36	44	428
18	36	44	428
18	36	44	380
18	36	44	380
18	36	44	344
18	36	44	344
18	36	44	318
18	36	44	318
18	36	44	292
18	36	44	292
18	36	44	261
18	36	44	261
18	36	44	225
18	36	44	225
18	36	44	192
18	36	44	192
18	36	44	172
18	36	44	172
18	36	44	173
18	36	44	173
18	36	44	182
18	36	44	182
18	36	44	196
18	36	44	196
18	36	44	208
18	36	44	208
18	36	44	215
18	36	44	215
18	36	44	217
18	36	44	217
18	36	44	211
18	36	44	211
18	36	44	202
18	36	44	202
18	36	44	193
18	36	44	193
18	36	44	188
18	36	44	188
18	36	44	185
18	36	44	185
18	36	45	191
18	36	45	191
18	36	45	195
18	36	45	195
18	36	45	199
18	36	45	199
18	36	45	201
18	36	45	201
18	36	45	204
18	36	45	204
18	36	45	204
18	36	45	204
18	36	45	204
18	36	45	204
18	36	45	204
18	36	45	204
18	36	45	205
18	36	45	205
18	36	45	218
18	36	45	218
18	36	45	256
18	36	45	256
18	36	45	326
18	36	45	326
18	36	45	410
18	36	45	410
18	36	45	481
18	36	45	481
18	36	45	512
18	36	45	512
18	36	45	512
18	36	45	512
18	36	45	482
18	36	45	482
18	36	45	433
18	36	45	433
18	36	45	433
18	36	45	382
18	36	45	382
18	36	45	343
18	36	45	314
18	36	45	314
18	36	45	314
18	36	45	283
18	36	45	283
18	36	45	249
18	36	45	249
18	36	45	213
18	36	45	189
18	36	45	189
18	36	45	176
18	36	45	176
18	36	45	177
18	36	45	177
18	36	45	187
18	36	45	187
18	36	45	187
18	36	45	201
18	36	45	201
18	36	45	210
18	36	45	210
18	36	45	215
18	36	45	215
18	36	45	211
18	36	45	211
18	36	45	205
18	36	45	205
18	36	45	196
18	36	45	196
18	36	45	189
18	36	45	189
18	36	45	185
18	36	45	185
18	36	45	184
18	36	45	184
18	36	45	185
18	36	45	185
18	36	45	188
18	36	45	188
18	36	45	188
18	36	45	188
18	36	45	192
18	36	45	192
18	36	45	196
18	36	45	196
18	36	45	199
18	36	45	199
18	36	45	199
18	36	45	199
18	36	45	199
18	36	45	199
18	36	45	199
18	36	45	199
18	36	45	206
18	36	45	206
18	36	45	235
18	36	45	235
18	36	45	300
18	36	45	300
18	36	45	386
18	36	46	386
18	36	46	470
18	36	46	470
18	36	46	512
18	36	46	512
18	36	46	512
18	36	46	512
18	36	46	477
18	36	46	477
18	36	46	424
18	36	46	424
18	36	46	370
18	36	46	370
18	36	46	328
18	36	46	328
18	36	46	300
18	36	46	300
18	36	46	263
18	36	46	263
18	36	46	227
18	36	46	227
18	36	46	194
18	36	46	194
18	36	46	170
18	36	46	170
18	36	46	161
18	36	46	161
18	36	46	169
18	36	46	169
18	36	46	183
18	36	46	183
18	36	46	183
18	36	46	196
18	36	46	196
18	36	46	206
18	36	46	206
18	36	46	209
18	36	46	209
18	36	46	205
18	36	46	205
18	36	46	194
18	36	46	194
18	36	46	185
18	36	46	185
18	36	46	177
18	36	46	172
18	36	46	172
18	36	46	172
18	36	46	174
18	36	46	174
18	36	46	176
18	36	46	176
18	36	46	181
18	36	46	181
18	36	46	185
18	36	46	185
18	36	46	188
18	36	46	188
18	36	46	191
18	36	46	191
18	36	46	198
18	36	46	198
18	36	46	197
18	36	46	197
18	36	46	197
18	36	46	197
18	36	46	200
18	36	46	200
18	36	46	215
18	36	46	215
18	36	46	254
18	36	46	254
18	36	46	336
18	36	46	336
18	36	46	426
18	36	46	426
18	36	46	496
18	36	46	496
18	36	46	512
18	36	46	512
18	36	46	512
18	36	46	512
18	36	46	471
18	36	46	471
18	36	46	419
18	36	46	419
18	36	46	367
18	36	46	367
18	36	46	333
18	36	46	333
18	36	46	300
18	36	46	300
18	36	46	265
18	36	46	265
18	36	46	229
18	36	46	229
18	36	46	195
18	36	46	195
18	36	46	177
18	36	46	177
18	36	46	174
18	36	47	174
18	36	47	183
18	36	47	183
18	36	47	199
18	36	47	199
18	36	47	199
18	36	47	211
18	36	47	218
18	36	47	218
18	36	47	217
18	36	47	217
18	36	47	211
18	36	47	211
18	36	47	203
18	36	47	203
18	36	47	193
18	36	47	193
18	36	47	186
18	36	47	186
18	36	47	185
18	36	47	185
18	36	47	186
18	36	47	186
18	36	47	186
18	36	47	190
18	36	47	190
18	36	47	196
18	36	47	196
18	36	47	200
18	36	47	200
18	36	47	203
18	36	47	203
18	36	47	203
18	36	47	203
18	36	47	203
18	36	47	203
18	36	47	203
18	36	47	203
18	36	47	202
18	36	47	202
18	36	47	210
18	36	47	233
18	36	47	233
18	36	47	233
18	36	47	293
18	36	47	293
18	36	47	380
18	36	47	380
18	36	47	465
18	36	47	465
18	36	47	512
18	36	47	512
18	36	47	512
18	36	47	512
18	36	47	512
18	36	47	512
18	36	47	483
18	36	47	483
18	36	47	421
18	36	47	421
18	36	47	372
18	36	47	372
18	36	47	339
18	36	47	339
18	36	47	308
18	36	47	308
18	36	47	270
18	36	47	270
18	36	47	228
18	36	47	228
18	36	47	190
18	36	47	190
18	36	47	164
18	36	47	164
18	36	47	155
18	36	47	155
18	36	47	165
18	36	47	165
18	36	47	178
18	36	47	178
18	36	47	195
18	36	47	195
18	36	47	205
18	36	47	205
18	36	47	208
18	36	47	208
18	36	47	204
18	36	47	204
18	36	47	196
18	36	47	196
18	36	47	188
18	36	47	188
18	36	47	179
18	36	47	179
18	36	47	175
18	36	47	175
18	36	47	174
18	36	47	174
18	36	47	177
18	36	48	177
18	36	48	177
18	36	48	177
18	36	48	177
18	36	48	181
18	36	48	181
18	36	48	181
18	36	48	185
18	36	48	185
18	36	48	185
18	36	48	185
18	36	48	189
18	36	48	189
18	36	48	191
18	36	48	191
18	36	48	196
18	36	48	196
18	36	48	219
18	36	48	219
18	36	48	219
18	36	48	269
18	36	48	269
18	36	48	368
18	36	48	456
18	36	48	456
18	36	48	456
18	36	48	512
18	36	48	512
18	36	48	512
18	36	48	512
18	36	48	512
18	36	48	512
18	36	48	474
18	36	48	474
18	36	48	416
18	36	48	416
18	36	48	364
18	36	48	364
18	36	48	332
18	36	48	332
18	36	48	295
18	36	48	295
18	36	48	259
18	36	48	259
18	36	48	217
18	36	48	217
18	36	48	177
18	36	48	177
18	36	48	152
18	36	48	152
18	36	48	142
18	36	48	142
18	36	48	151
18	36	48	151
18	36	48	169
18	36	48	169
18	36	48	185
18	36	48	185
18	36	48	196
18	36	48	196
18	36	48	204
18	36	48	204
18	36	48	199
18	36	48	199
18	36	48	190
18	36	48	190
18	36	48	180
18	36	48	180
18	36	48	173
18	36	48	173
18	36	48	169
18	36	48	169
18	36	48	171
18	36	48	171
18	36	48	174
18	36	48	174
18	36	48	179
18	36	48	179
18	36	48	184
18	36	48	184
18	36	48	193
18	36	48	193
18	36	48	195
18	36	48	195
18	36	48	196
18	36	48	196
18	36	48	195
18	36	48	195
18	36	48	195
18	36	48	195
18	36	48	199
18	36	48	199
18	36	48	215
18	36	48	215
18	36	48	215
18	36	48	261
18	36	48	344
18	36	48	344
18	36	48	344
18	36	48	436
18	36	49	436
18	36	49	512
18	36	49	512
18	36	49	512
18	36	49	512
18	36	49	488
18	36	49	488
18	36	49	431
18	36	49	431
18	36	49	375
18	36	49	375
18	36	49	336
18	36	49	336
18	36	49	300
18	36	49	300
18	36	49	300
18	36	49	263
18	36	49	263
18	36	49	222
18	36	49	222
18	36	49	186
18	36	49	186
18	36	49	163
18	36	49	163
18	36	49	158
18	36	49	158
18	36	49	167
18	36	49	167
18	36	49	185
18	36	49	185
18	36	49	201
18	36	49	201
18	36	49	210
18	36	49	210
18	36	49	212
18	36	49	212
18	36	49	208
18	36	49	208
18	36	49	200
18	36	49	200
18	36	49	189
18	36	49	189
18	36	49	177
18	36	49	177
18	36	49	174
18	36	49	174
18	36	49	177
18	36	49	177
18	36	49	182
18	36	49	182
18	36	49	188
18	36	49	188
18	36	49	191
18	36	49	191
18	36	49	198
18	36	49	198
18	36	49	201
18	36	49	201
18	36	49	201
18	36	49	201
18	36	49	199
18	36	49	199
18	36	49	199
18	36	49	199
18	36	49	200
18	36	49	200
18	36	49	213
18	36	49	213
18	36	49	254
18	36	49	254
18	36	49	332
18	36	49	332
18	36	49	424
18	36	49	424
18	36	49	503
18	36	49	503
18	36	49	512
18	36	49	512
18	36	49	512
18	36	49	512
18	36	49	488
18	36	49	488
18	36	49	427
18	36	49	427
18	36	49	370
18	36	49	370
18	36	49	333
18	36	49	333
18	36	49	333
18	36	49	297
18	36	49	297
18	36	49	261
18	36	49	261
18	36	49	221
18	36	49	221
18	36	49	188
18	36	49	188
18	36	49	165
18	36	49	165
18	36	50	152
18	36	50	163
18	36	50	163
18	36	50	181
18	36	50	181
18	36	50	181
18	36	50	196
18	36	50	204
18	36	50	204
18	36	50	204
18	36	50	205
18	36	50	199
18	36	50	199
18	36	50	199
18	36	50	190
18	36	50	190
18	36	50	181
18	36	50	181
18	36	50	174
18	36	50	174
18	36	50	168
18	36	50	168
18	36	50	168
18	36	50	168
18	36	50	173
18	36	50	173
18	36	50	178
18	36	50	178
18	36	50	184
18	36	50	184
18	36	50	185
18	36	50	185
18	36	50	188
18	36	50	188
18	36	50	190
18	36	50	190
18	36	50	190
18	36	50	190
18	36	50	190
18	36	50	190
18	36	50	192
18	36	50	192
18	36	50	212
18	36	50	212
18	36	50	265
18	36	50	265
18	36	50	353
18	36	50	353
18	36	50	442
18	36	50	442
18	36	50	512
18	36	50	512
18	36	50	512
18	36	50	512
18	36	50	512
18	36	50	512
18	36	50	463
18	36	50	463
18	36	50	399
18	36	50	399
18	36	50	347
18	36	50	347
18	36	50	310
18	36	50	310
18	36	50	275
18	36	50	275
18	36	50	239
18	36	50	239
18	36	50	204
18	36	50	204
18	36	50	174
18	36	50	174
18	36	50	157
18	36	50	157
18	36	50	157
18	36	50	157
18	36	50	167
18	36	50	167
18	36	50	183
18	36	50	183
18	36	50	203
18	36	50	203
18	36	50	208
18	36	50	208
18	36	50	207
18	36	50	207
18	36	50	201
18	36	50	201
18	36	50	201
18	36	50	192
18	36	50	192
18	36	50	183
18	36	50	183
18	36	50	177
18	36	50	177
18	36	50	174
18	36	50	175
18	36	50	175
18	36	50	181
18	36	50	181
18	36	51	190
18	36	51	190
18	36	51	194
18	36	51	194
18	36	51	197
18	36	51	197
18	36	51	197
18	36	51	199
18	36	51	199
18	36	51	199
18	36	51	199
18	36	51	199
18	36	51	199
18	36	51	199
18	36	51	199
18	36	51	204
18	36	51	204
18	36	51	227
18	36	51	227
18	36	51	287
18	36	51	287
18	36	51	391
18	36	51	391
18	36	51	482
18	36	51	482
18	36	51	512
18	36	51	512
18	36	51	512
18	36	51	512
18	36	51	512
18	36	51	512
18	36	51	482
18	36	51	482
18	36	51	426
18	36	51	426
18	36	51	373
18	36	51	373
18	36	51	339
18	36	51	339
18	36	51	304
18	36	51	304
18	36	51	265
18	36	51	265
18	36	51	223
18	36	51	223
18	36	51	186
18	36	51	186
18	36	51	162
18	36	51	162
18	36	51	155
18	36	51	155
18	36	51	166
18	36	51	166
18	36	51	182
18	36	51	182
18	36	51	199
18	36	51	199
18	36	51	210
18	36	51	210
18	36	51	210
18	36	51	210
18	36	51	204
18	36	51	204
18	36	51	198
18	36	51	198
18	36	51	190
18	36	51	190
18	36	51	185
18	36	51	185
18	36	51	182
18	36	51	182
18	36	51	182
18	36	51	182
18	36	51	185
18	36	51	185
18	36	51	188
18	36	51	188
18	36	51	194
18	36	51	194
18	36	51	194
18	36	51	197
18	36	51	197
18	36	51	196
18	36	51	196
18	36	51	197
18	36	51	197
18	36	51	196
18	36	51	196
18	36	51	196
18	36	51	196
18	36	51	199
18	36	51	199
18	36	51	215
18	36	51	265
18	36	51	265
18	36	51	355
18	36	51	355
18	36	51	355
18	36	51	450
18	36	51	512
18	36	52	512
18	36	52	512
18	36	52	512
18	36	52	512
18	36	52	512
18	36	52	512
18	36	52	494
18	36	52	494
18	36	52	436
18	36	52	436
18	36	52	378
18	36	52	378
18	36	52	338
18	36	52	338
18	36	52	304
18	36	52	304
18	36	52	267
18	36	52	267
18	36	52	226
18	36	52	226
18	36	52	179
18	36	52	179
18	36	52	150
18	36	52	150
18	36	52	138
18	36	52	138
18	36	52	143
18	36	52	143
18	36	52	161
18	36	52	161
18	36	52	179
18	36	52	179
18	36	52	191
18	36	52	191
18	36	52	197
18	36	52	197
18	36	52	193
18	36	52	193
18	36	52	187
18	36	52	187
18	36	52	176
18	36	52	176
18	36	52	168
18	36	52	168
18	36	52	164
18	36	52	164
18	36	52	163
18	36	52	163
18	36	52	166
18	36	52	166
18	36	52	171
18	36	52	171
18	36	52	176
18	36	52	176
18	36	52	182
18	36	52	182
18	36	52	184
18	36	52	184
18	36	52	188
18	36	52	188
18	36	52	189
18	36	52	189
18	36	52	188
18	36	52	188
18	36	52	188
18	36	52	188
18	36	52	196
18	36	52	196
18	36	52	225
18	36	52	225
18	36	52	293
18	36	52	293
18	36	52	388
18	36	52	388
18	36	52	480
18	36	52	480
18	36	52	480
18	36	52	512
18	36	52	512
18	36	52	512
18	36	52	512
18	36	52	512
18	36	52	512
18	36	52	460
18	36	52	460
18	36	52	400
18	36	52	400
18	36	52	351
18	36	52	351
18	36	52	314
18	36	52	277
18	36	52	277
18	36	52	240
18	36	52	240
18	36	52	240
18	36	52	200
18	36	52	166
18	36	52	166
18	36	52	166
18	36	52	152
18	36	53	152
18	36	53	154
18	36	53	154
18	36	53	167
18	36	53	167
18	36	53	185
18	36	53	185
18	36	53	200
18	36	53	200
18	36	53	204
18	36	53	204
18	36	53	202
18	36	53	202
18	36	53	195
18	36	53	195
18	36	53	192
18	36	53	192
18	36	53	185
18	36	53	185
18	36	53	182
18	36	53	182
18	36	53	179
18	36	53	179
18	36	53	179
18	36	53	179
18	36	53	186
18	36	53	186
18	36	53	190
18	36	53	190
18	36	53	195
18	36	53	195
18	36	53	199
18	36	53	199
18	36	53	199
18	36	53	199
18	36	53	200
18	36	53	200
18	36	53	199
18	36	53	199
18	36	53	198
18	36	53	198
18	36	53	204
18	36	53	204
18	36	53	215
18	36	53	215
18	36	53	251
18	36	53	251
18	36	53	324
18	36	53	324
18	36	53	417
18	36	53	417
18	36	53	417
18	36	53	501
18	36	53	512
18	36	53	512
18	36	53	512
18	36	53	512
18	36	53	505
18	36	53	505
18	36	53	446
18	36	53	446
18	36	53	386
18	36	53	386
18	36	53	343
18	36	53	343
18	36	53	302
18	36	53	302
18	36	53	265
18	36	53	265
18	36	53	265
18	36	53	225
18	36	53	225
18	36	53	191
18	36	53	191
18	36	53	166
18	36	53	166
18	36	53	157
18	36	53	157
18	36	53	165
18	36	53	165
18	36	53	182
18	36	53	182
18	36	53	199
18	36	53	199
18	36	53	210
18	36	53	210
18	36	53	212
18	36	53	209
18	36	53	209
18	36	53	209
18	36	53	203
18	36	53	203
18	36	53	194
18	36	53	194
18	36	53	186
18	36	53	186
18	36	53	182
18	36	53	182
18	36	53	182
18	36	53	182
18	36	54	179
18	36	54	179
18	36	54	184
18	36	54	184
18	36	54	189
18	36	54	189
18	36	54	193
18	36	54	193
18	36	54	196
18	36	54	196
18	36	54	196
18	36	54	196
18	36	54	195
18	36	54	195
18	36	54	194
18	36	54	194
18	36	54	194
18	36	54	194
18	36	54	204
18	36	54	204
18	36	54	242
18	36	54	242
18	36	54	321
18	36	54	321
18	36	54	416
18	36	54	416
18	36	54	494
18	36	54	494
18	36	54	512
18	36	54	512
18	36	54	512
18	36	54	512
18	36	54	482
18	36	54	482
18	36	54	421
18	36	54	421
18	36	54	361
18	36	54	361
18	36	54	313
18	36	54	313
18	36	54	273
18	36	54	273
18	36	54	234
18	36	54	234
18	36	54	199
18	36	54	199
18	36	54	199
18	36	54	167
18	36	54	167
18	36	54	150
18	36	54	150
18	36	54	149
18	36	54	162
18	36	54	162
18	36	54	179
18	36	54	179
18	36	54	195
18	36	54	195
18	36	54	205
18	36	54	205
18	36	54	207
18	36	54	207
18	36	54	197
18	36	54	197
18	36	54	188
18	36	54	188
18	36	54	188
18	36	54	178
18	36	54	178
18	36	54	174
18	36	54	174
18	36	54	173
18	36	54	173
18	36	54	172
18	36	54	172
18	36	54	176
18	36	54	176
18	36	54	180
18	36	54	180
18	36	54	185
18	36	54	185
18	36	54	194
18	36	54	194
18	36	54	195
18	36	54	195
18	36	54	196
18	36	54	196
18	36	54	197
18	36	54	197
18	36	54	197
18	36	54	197
18	36	54	199
18	36	54	199
18	36	54	213
18	36	54	213
18	36	54	259
18	36	54	259
18	36	54	346
18	36	54	346
18	36	54	441
18	36	55	441
18	36	55	512
18	36	55	512
18	36	55	512
18	36	55	512
18	36	55	512
18	36	55	512
18	36	55	488
18	36	55	488
18	36	55	425
18	36	55	425
18	36	55	367
18	36	55	367
18	36	55	328
18	36	55	328
18	36	55	292
18	36	55	292
18	36	55	256
18	36	55	256
18	36	55	221
18	36	55	221
18	36	55	189
18	36	55	189
18	36	55	168
18	36	55	168
18	36	55	164
18	36	55	164
18	36	55	173
18	36	55	173
18	36	55	188
18	36	55	188
18	36	55	204
18	36	55	204
18	36	55	212
18	36	55	212
18	36	55	213
18	36	55	213
18	36	55	209
18	36	55	209
18	36	55	209
18	36	55	201
18	36	55	201
18	36	55	193
18	36	55	193
18	36	55	185
18	36	55	181
18	36	55	181
18	36	55	181
18	36	55	181
18	36	55	185
18	36	55	185
18	36	55	192
18	36	55	192
18	36	55	199
18	36	55	199
18	36	55	204
18	36	55	204
18	36	55	206
18	36	55	206
18	36	55	206
18	36	55	204
18	36	55	204
18	36	55	203
18	36	55	203
18	36	55	202
18	36	55	202
18	36	55	203
18	36	55	203
18	36	55	218
18	36	55	218
18	36	55	260
18	36	55	260
18	36	55	344
18	36	55	344
18	36	55	442
18	36	55	442
18	36	55	512
18	36	55	512
18	36	55	512
18	36	55	512
18	36	55	512
18	36	55	512
18	36	55	512
18	36	55	512
18	36	55	466
18	36	55	466
18	36	55	406
18	36	55	406
18	36	55	357
18	36	55	357
18	36	55	321
18	36	55	321
18	36	55	283
18	36	55	283
18	36	55	240
18	36	55	240
18	36	55	196
18	36	55	196
18	36	55	156
18	36	55	156
18	36	56	142
18	36	56	142
18	36	56	147
18	36	56	147
18	36	56	165
18	36	56	165
18	36	56	184
18	36	56	184
18	36	56	200
18	36	56	200
18	36	56	207
18	36	56	207
18	36	56	204
18	36	56	204
18	36	56	198
18	36	56	198
18	36	56	190
18	36	56	190
18	36	56	182
18	36	56	182
18	36	56	170
18	36	56	170
18	36	56	168
18	36	56	168
18	36	56	169
18	36	56	169
18	36	56	172
18	36	56	172
18	36	56	177
18	36	56	177
18	36	56	182
18	36	56	182
18	36	56	185
18	36	56	185
18	36	56	187
18	36	56	187
18	36	56	187
18	36	56	187
18	36	56	187
18	36	56	186
18	36	56	186
18	36	56	186
18	36	56	186
18	36	56	194
18	36	56	229
18	36	56	229
18	36	56	303
18	36	56	303
18	36	56	400
18	36	56	400
18	36	56	492
18	36	56	492
18	36	56	512
18	36	56	512
18	36	56	512
18	36	56	512
18	36	56	512
18	36	56	512
18	36	56	512
18	36	56	464
18	36	56	464
18	36	56	402
18	36	56	402
18	36	56	348
18	36	56	348
18	36	56	312
18	36	56	312
18	36	56	274
18	36	56	274
18	36	56	234
18	36	56	234
18	36	56	191
18	36	56	191
18	36	56	157
18	36	56	157
18	36	56	138
18	36	56	138
18	36	56	137
18	36	56	137
18	36	56	155
18	36	56	155
18	36	56	175
18	36	56	175
18	36	56	191
18	36	56	191
18	36	56	199
18	36	56	199
18	36	56	199
18	36	56	199
18	36	56	191
18	36	56	191
18	36	56	182
18	36	56	182
18	36	56	173
18	36	56	173
18	36	56	168
18	36	56	168
18	36	56	166
18	36	56	166
18	36	56	173
18	36	57	173
18	36	57	178
18	36	57	178
18	36	57	184
18	36	57	184
18	36	57	189
18	36	57	189
18	36	57	193
18	36	57	193
18	36	57	195
18	36	57	195
18	36	57	198
18	36	57	198
18	36	57	196
18	36	57	196
18	36	57	195
18	36	57	195
18	36	57	198
18	36	57	198
18	36	57	212
18	36	57	212
18	36	57	268
18	36	57	268
18	36	57	358
18	36	57	358
18	36	57	454
18	36	57	454
18	36	57	512
18	36	57	512
18	36	57	512
18	36	57	512
18	36	57	512
18	36	57	512
18	36	57	504
18	36	57	504
18	36	57	504
18	36	57	442
18	36	57	442
18	36	57	380
18	36	57	380
18	36	57	338
18	36	57	338
18	36	57	300
18	36	57	261
18	36	57	261
18	36	57	261
18	36	57	221
18	36	57	221
18	36	57	183
18	36	57	183
18	36	57	158
18	36	57	158
18	36	57	152
18	36	57	152
18	36	57	162
18	36	57	162
18	36	57	179
18	36	57	179
18	36	57	199
18	36	57	199
18	36	57	210
18	36	57	210
18	36	57	213
18	36	57	213
18	36	57	207
18	36	57	207
18	36	57	197
18	36	57	197
18	36	57	188
18	36	57	188
18	36	57	180
18	36	57	180
18	36	57	175
18	36	57	175
18	36	57	176
18	36	57	176
18	36	57	182
18	36	57	182
18	36	57	189
18	36	57	189
18	36	57	195
18	36	57	195
18	36	57	199
18	36	57	199
18	36	57	202
18	36	57	202
18	36	57	201
18	36	57	201
18	36	57	201
18	36	57	201
18	36	57	200
18	36	57	200
18	36	57	200
18	36	57	200
18	36	57	207
18	36	57	207
18	36	57	233
18	36	57	233
18	36	57	298
18	36	57	298
18	36	58	401
18	36	58	401
18	36	58	495
18	36	58	495
18	36	58	512
18	36	58	512
18	36	58	512
18	36	58	512
18	36	58	512
18	36	58	512
18	36	58	463
18	36	58	463
18	36	58	397
18	36	58	397
18	36	58	345
18	36	58	345
18	36	58	307
18	36	58	307
18	36	58	260
18	36	58	260
18	36	58	223
18	36	58	223
18	36	58	185
18	36	58	185
18	36	58	185
18	36	58	160
18	36	58	160
18	36	58	149
18	36	58	149
18	36	58	158
18	36	58	158
18	36	58	175
18	36	58	175
18	36	58	191
18	36	58	191
18	36	58	203
18	36	58	203
18	36	58	206
18	36	58	206
18	36	58	199
18	36	58	190
18	36	58	190
18	36	58	190
18	36	58	181
18	36	58	181
18	36	58	174
18	36	58	174
18	36	58	168
18	36	58	168
18	36	58	168
18	36	58	168
18	36	58	171
18	36	58	171
18	36	58	175
18	36	58	175
18	36	58	180
18	36	58	180
18	36	58	185
18	36	58	185
18	36	58	188
18	36	58	188
18	36	58	191
18	36	58	191
18	36	58	190
18	36	58	190
18	36	58	190
18	36	58	190
18	36	58	190
18	36	58	190
18	36	58	197
18	36	58	197
18	36	58	229
18	36	58	229
18	36	58	304
18	36	58	304
18	36	58	402
18	36	58	402
18	36	58	506
18	36	58	506
18	36	58	512
18	36	58	512
18	36	58	512
18	36	58	512
18	36	58	512
18	36	58	512
18	36	58	456
18	36	58	456
18	36	58	393
18	36	58	393
18	36	58	343
18	36	58	343
18	36	58	303
18	36	58	303
18	36	58	265
18	36	58	265
18	36	58	224
18	36	58	224
18	36	58	185
18	36	58	185
18	36	58	158
18	36	59	158
18	36	59	148
18	36	59	148
18	36	59	148
18	36	59	152
18	36	59	170
18	36	59	170
18	36	59	191
18	36	59	191
18	36	59	204
18	36	59	204
18	36	59	208
18	36	59	208
18	36	59	204
18	36	59	204
18	36	59	196
18	36	59	196
18	36	59	186
18	36	59	186
18	36	59	186
18	36	59	182
18	36	59	177
18	36	59	177
18	36	59	177
18	36	59	176
18	36	59	176
18	36	59	179
18	36	59	179
18	36	59	183
18	36	59	183
18	36	59	188
18	36	59	188
18	36	59	194
18	36	59	194
18	36	59	196
18	36	59	197
18	36	59	197
18	36	59	197
18	36	59	199
18	36	59	199
18	36	59	201
18	36	59	201
18	36	59	202
18	36	59	202
18	36	59	212
18	36	59	212
18	36	59	245
18	36	59	245
18	36	59	319
18	36	59	319
18	36	59	418
18	36	59	418
18	36	59	512
18	36	59	512
18	36	59	512
18	36	59	512
18	36	59	512
18	36	59	512
18	36	59	512
18	36	59	512
18	36	59	493
18	36	59	493
18	36	59	432
18	36	59	432
18	36	59	376
18	36	59	376
18	36	59	338
18	36	59	338
18	36	59	299
18	36	59	299
18	36	59	261
18	36	59	261
18	36	59	217
18	36	59	217
18	36	59	177
18	36	59	177
18	36	59	151
18	36	59	151
18	36	59	144
18	36	59	144
18	36	59	157
18	36	59	157
18	36	59	177
18	36	59	177
18	36	59	197
18	36	59	197
18	36	59	208
18	36	59	208
18	36	59	210
18	36	59	210
18	36	59	204
18	36	59	204
18	36	59	195
18	36	59	195
18	36	59	185
18	36	59	185
18	36	59	177
18	36	59	177
18	36	59	177
18	36	59	174
18	37	0	172
18	37	0	172
18	37	0	174
18	37	0	174
18	37	0	181
18	37	0	181
18	37	0	186
18	37	0	186
18	37	0	196
18	37	0	196
18	37	0	199
18	37	0	199
18	37	0	199
18	37	0	199
18	37	0	199
18	37	0	196
18	37	0	194
18	37	0	194
18	37	0	194
18	37	0	197
18	37	0	197
18	37	0	215
18	37	0	215
18	37	0	275
18	37	0	275
18	37	0	373
18	37	0	373
18	37	0	474
18	37	0	474
18	37	0	512
18	37	0	512
18	37	0	512
18	37	0	512
18	37	0	512
18	37	0	512
18	37	0	499
18	37	0	499
18	37	0	430
18	37	0	430
18	37	0	372
18	37	0	372
18	37	0	331
18	37	0	331
18	37	0	292
18	37	0	292
18	37	0	250
18	37	0	250
18	37	0	207
18	37	0	207
18	37	0	166
18	37	0	166
18	37	0	135
18	37	0	135
18	37	0	124
18	37	0	124
18	37	0	133
18	37	0	133
18	37	0	152
18	37	0	152
18	37	0	174
18	37	0	174
18	37	0	188
18	37	0	188
18	37	0	192
18	37	0	192
18	37	0	190
18	37	0	190
18	37	0	186
18	37	0	186
18	37	0	177
18	37	0	177
18	37	0	170
18	37	0	170
18	37	0	165
18	37	0	165
18	37	0	163
18	37	0	163
18	37	0	166
18	37	0	166
18	37	0	174
18	37	0	174
18	37	0	179
18	37	0	179
18	37	0	185
18	37	0	185
18	37	0	187
18	37	0	187
18	37	0	187
18	37	0	187
18	37	0	185
18	37	0	185
18	37	0	185
18	37	0	185
18	37	0	187
18	37	0	187
18	37	0	187
18	37	0	199
18	37	0	239
18	37	0	239
18	37	0	336
18	37	1	434
18	37	1	434
18	37	1	512
18	37	1	512
18	37	1	512
18	37	1	512
18	37	1	512
18	37	1	512
18	37	1	512
18	37	1	512
18	37	1	512
18	37	1	454
18	37	1	454
18	37	1	388
18	37	1	388
18	37	1	339
18	37	1	339
18	37	1	299
18	37	1	299
18	37	1	260
18	37	1	260
18	37	1	218
18	37	1	218
18	37	1	180
18	37	1	180
18	37	1	153
18	37	1	153
18	37	1	145
18	37	1	145
18	37	1	154
18	37	1	154
18	37	1	174
18	37	1	174
18	37	1	193
18	37	1	193
18	37	1	206
18	37	1	206
18	37	1	210
18	37	1	210
18	37	1	207
18	37	1	207
18	37	1	198
18	37	1	198
18	37	1	189
18	37	1	189
18	37	1	180
18	37	1	180
18	37	1	177
18	37	1	177
18	37	1	177
18	37	1	177
18	37	1	181
18	37	1	181
18	37	1	187
18	37	1	187
18	37	1	192
18	37	1	192
18	37	1	197
18	37	1	197
18	37	1	203
18	37	1	203
18	37	1	203
18	37	1	203
18	37	1	204
18	37	1	204
18	37	1	202
18	37	1	202
18	37	1	199
18	37	1	199
18	37	1	205
18	37	1	205
18	37	1	236
18	37	1	236
18	37	1	311
18	37	1	311
18	37	1	412
18	37	1	412
18	37	1	512
18	37	1	512
18	37	1	512
18	37	1	512
18	37	1	512
18	37	1	512
18	37	1	512
18	37	1	512
18	37	1	512
18	37	1	470
18	37	1	470
18	37	1	402
18	37	1	402
18	37	1	348
18	37	1	348
18	37	1	303
18	37	1	262
18	37	1	262
18	37	1	223
18	37	1	223
18	37	1	182
18	37	1	182
18	37	2	160
18	37	2	160
18	37	2	160
18	37	2	152
18	37	2	152
18	37	2	163
18	37	2	163
18	37	2	179
18	37	2	179
18	37	2	196
18	37	2	196
18	37	2	208
18	37	2	208
18	37	2	210
18	37	2	210
18	37	2	206
18	37	2	206
18	37	2	197
18	37	2	197
18	37	2	180
18	37	2	180
18	37	2	172
18	37	2	172
18	37	2	168
18	37	2	168
18	37	2	168
18	37	2	168
18	37	2	172
18	37	2	172
18	37	2	178
18	37	2	178
18	37	2	185
18	37	2	185
18	37	2	188
18	37	2	188
18	37	2	191
18	37	2	191
18	37	2	193
18	37	2	193
18	37	2	188
18	37	2	188
18	37	2	188
18	37	2	188
18	37	2	188
18	37	2	188
18	37	2	199
18	37	2	199
18	37	2	235
18	37	2	235
18	37	2	315
18	37	2	315
18	37	2	415
18	37	2	415
18	37	2	509
18	37	2	509
18	37	2	512
18	37	2	512
18	37	2	512
18	37	2	512
18	37	2	512
18	37	2	512
18	37	2	449
18	37	2	449
18	37	2	384
18	37	2	384
18	37	2	333
18	37	2	333
18	37	2	294
18	37	2	294
18	37	2	256
18	37	2	256
18	37	2	216
18	37	2	216
18	37	2	178
18	37	2	178
18	37	2	149
18	37	2	149
18	37	2	140
18	37	2	140
18	37	2	140
18	37	2	146
18	37	2	146
18	37	2	163
18	37	2	163
18	37	2	182
18	37	2	182
18	37	2	194
18	37	2	194
18	37	2	199
18	37	2	199
18	37	2	196
18	37	2	188
18	37	2	188
18	37	2	180
18	37	2	180
18	37	2	173
18	37	2	173
18	37	2	168
18	37	2	168
18	37	2	168
18	37	3	171
18	37	3	174
18	37	3	174
18	37	3	174
18	37	3	180
18	37	3	180
18	37	3	180
18	37	3	180
18	37	3	186
18	37	3	186
18	37	3	189
18	37	3	189
18	37	3	192
18	37	3	192
18	37	3	195
18	37	3	195
18	37	3	193
18	37	3	193
18	37	3	193
18	37	3	193
18	37	3	209
18	37	3	209
18	37	3	242
18	37	3	242
18	37	3	314
18	37	3	314
18	37	3	414
18	37	3	414
18	37	3	508
18	37	3	508
18	37	3	512
18	37	3	512
18	37	3	512
18	37	3	512
18	37	3	512
18	37	3	512
18	37	3	488
18	37	3	488
18	37	3	419
18	37	3	419
18	37	3	358
18	37	3	358
18	37	3	320
18	37	3	320
18	37	3	282
18	37	3	282
18	37	3	240
18	37	3	240
18	37	3	201
18	37	3	201
18	37	3	166
18	37	3	166
18	37	3	146
18	37	3	146
18	37	3	145
18	37	3	145
18	37	3	159
18	37	3	159
18	37	3	184
18	37	3	184
18	37	3	203
18	37	3	203
18	37	3	212
18	37	3	212
18	37	3	212
18	37	3	212
18	37	3	205
18	37	3	205
18	37	3	197
18	37	3	197
18	37	3	187
18	37	3	187
18	37	3	179
18	37	3	179
18	37	3	176
18	37	3	176
18	37	3	177
18	37	3	177
18	37	3	177
18	37	3	180
18	37	3	180
18	37	3	185
18	37	3	185
18	37	3	190
18	37	3	190
18	37	3	195
18	37	3	197
18	37	3	197
18	37	3	200
18	37	3	200
18	37	3	200
18	37	3	200
18	37	3	200
18	37	3	200
18	37	3	200
18	37	3	202
18	37	3	202
18	37	3	223
18	37	3	223
18	37	3	278
18	37	4	278
18	37	4	380
18	37	4	380
18	37	4	480
18	37	4	480
18	37	4	512
18	37	4	512
18	37	4	512
18	37	4	512
18	37	4	512
18	37	4	512
18	37	4	505
18	37	4	505
18	37	4	438
18	37	4	438
18	37	4	375
18	37	4	375
18	37	4	319
18	37	4	319
18	37	4	278
18	37	4	278
18	37	4	239
18	37	4	239
18	37	4	200
18	37	4	200
18	37	4	166
18	37	4	166
18	37	4	144
18	37	4	144
18	37	4	138
18	37	4	138
18	37	4	148
18	37	4	148
18	37	4	168
18	37	4	168
18	37	4	187
18	37	4	187
18	37	4	199
18	37	4	199
18	37	4	199
18	37	4	199
18	37	4	190
18	37	4	190
18	37	4	179
18	37	4	179
18	37	4	170
18	37	4	170
18	37	4	165
18	37	4	165
18	37	4	161
18	37	4	161
18	37	4	163
18	37	4	163
18	37	4	168
18	37	4	168
18	37	4	174
18	37	4	174
18	37	4	181
18	37	4	181
18	37	4	186
18	37	4	186
18	37	4	189
18	37	4	189
18	37	4	191
18	37	4	191
18	37	4	190
18	37	4	190
18	37	4	190
18	37	4	190
18	37	4	190
18	37	4	190
18	37	4	190
18	37	4	201
18	37	4	201
18	37	4	231
18	37	4	303
18	37	4	303
18	37	4	303
18	37	4	402
18	37	4	402
18	37	4	510
18	37	4	510
18	37	4	512
18	37	4	512
18	37	4	512
18	37	4	512
18	37	4	512
18	37	4	469
18	37	4	469
18	37	4	400
18	37	4	400
18	37	4	343
18	37	4	343
18	37	4	343
18	37	4	302
18	37	4	302
18	37	4	261
18	37	4	261
18	37	4	223
18	37	4	223
18	37	5	185
18	37	5	185
18	37	5	158
18	37	5	158
18	37	5	147
18	37	5	147
18	37	5	152
18	37	5	152
18	37	5	169
18	37	5	169
18	37	5	187
18	37	5	187
18	37	5	201
18	37	5	201
18	37	5	207
18	37	5	207
18	37	5	204
18	37	5	204
18	37	5	199
18	37	5	199
18	37	5	193
18	37	5	193
18	37	5	185
18	37	5	185
18	37	5	177
18	37	5	177
18	37	5	175
18	37	5	175
18	37	5	177
18	37	5	177
18	37	5	182
18	37	5	182
18	37	5	190
18	37	5	190
18	37	5	196
18	37	5	196
18	37	5	199
18	37	5	199
18	37	5	201
18	37	5	201
18	37	5	205
18	37	5	205
18	37	5	204
18	37	5	204
18	37	5	202
18	37	5	202
18	37	5	202
18	37	5	202
18	37	5	214
18	37	5	214
18	37	5	254
18	37	5	254
18	37	5	332
18	37	5	332
18	37	5	429
18	37	5	429
18	37	5	512
18	37	5	512
18	37	5	512
18	37	5	512
18	37	5	512
18	37	5	512
18	37	5	506
18	37	5	506
18	37	5	444
18	37	5	444
18	37	5	380
18	37	5	380
18	37	5	380
18	37	5	335
18	37	5	335
18	37	5	296
18	37	5	296
18	37	5	257
18	37	5	257
18	37	5	221
18	37	5	221
18	37	5	188
18	37	5	188
18	37	5	165
18	37	5	165
18	37	5	160
18	37	5	171
18	37	5	171
18	37	5	190
18	37	5	190
18	37	5	190
18	37	5	207
18	37	5	217
18	37	5	217
18	37	5	217
18	37	5	219
18	37	5	219
18	37	5	212
18	37	5	212
18	37	5	202
18	37	5	202
18	37	5	192
18	37	5	192
18	37	5	180
18	37	6	180
18	37	6	177
18	37	6	177
18	37	6	177
18	37	6	177
18	37	6	181
18	37	6	181
18	37	6	187
18	37	6	187
18	37	6	192
18	37	6	192
18	37	6	196
18	37	6	196
18	37	6	197
18	37	6	197
18	37	6	200
18	37	6	200
18	37	6	201
18	37	6	201
18	37	6	199
18	37	6	199
18	37	6	193
18	37	6	193
18	37	6	199
18	37	6	199
18	37	6	229
18	37	6	229
18	37	6	297
18	37	6	297
18	37	6	391
18	37	6	391
18	37	6	482
18	37	6	482
18	37	6	512
18	37	6	512
18	37	6	512
18	37	6	512
18	37	6	494
18	37	6	494
18	37	6	431
18	37	6	431
18	37	6	368
18	37	6	368
18	37	6	322
18	37	6	322
18	37	6	281
18	37	6	281
18	37	6	244
18	37	6	244
18	37	6	210
18	37	6	210
18	37	6	179
18	37	6	179
18	37	6	158
18	37	6	158
18	37	6	155
18	37	6	155
18	37	6	166
18	37	6	166
18	37	6	185
18	37	6	185
18	37	6	200
18	37	6	200
18	37	6	200
18	37	6	210
18	37	6	210
18	37	6	207
18	37	6	207
18	37	6	201
18	37	6	201
18	37	6	190
18	37	6	190
18	37	6	182
18	37	6	182
18	37	6	174
18	37	6	174
18	37	6	168
18	37	6	168
18	37	6	168
18	37	6	168
18	37	6	177
18	37	6	182
18	37	6	182
18	37	6	182
18	37	6	189
18	37	6	189
18	37	6	192
18	37	6	192
18	37	6	195
18	37	6	195
18	37	6	196
18	37	6	196
18	37	6	196
18	37	6	196
18	37	6	195
18	37	6	195
18	37	6	195
18	37	6	195
18	37	6	199
18	37	6	199
18	37	7	232
18	37	7	232
18	37	7	298
18	37	7	298
18	37	7	394
18	37	7	394
18	37	7	489
18	37	7	489
18	37	7	512
18	37	7	512
18	37	7	512
18	37	7	512
18	37	7	512
18	37	7	512
18	37	7	476
18	37	7	476
18	37	7	408
18	37	7	408
18	37	7	357
18	37	7	357
18	37	7	317
18	37	7	317
18	37	7	281
18	37	7	281
18	37	7	245
18	37	7	245
18	37	7	207
18	37	7	207
18	37	7	179
18	37	7	179
18	37	7	165
18	37	7	165
18	37	7	165
18	37	7	165
18	37	7	177
18	37	7	177
18	37	7	195
18	37	7	195
18	37	7	212
18	37	7	212
18	37	7	217
18	37	7	217
18	37	7	213
18	37	7	213
18	37	7	207
18	37	7	207
18	37	7	199
18	37	7	199
18	37	7	190
18	37	7	190
18	37	7	186
18	37	7	186
18	37	7	184
18	37	7	184
18	37	7	185
18	37	7	185
18	37	7	187
18	37	7	187
18	37	7	187
18	37	7	191
18	37	7	191
18	37	7	196
18	37	7	196
18	37	7	200
18	37	7	200
18	37	7	203
18	37	7	203
18	37	7	204
18	37	7	204
18	37	7	202
18	37	7	202
18	37	7	202
18	37	7	202
18	37	7	202
18	37	7	202
18	37	7	211
18	37	7	248
18	37	7	248
18	37	7	248
18	37	7	323
18	37	7	323
18	37	7	434
18	37	7	434
18	37	7	512
18	37	7	512
18	37	7	512
18	37	7	512
18	37	7	512
18	37	7	512
18	37	7	512
18	37	7	512
18	37	7	493
18	37	7	493
18	37	7	427
18	37	7	427
18	37	7	372
18	37	7	372
18	37	7	327
18	37	7	327
18	37	7	288
18	37	8	288
18	37	8	246
18	37	8	246
18	37	8	201
18	37	8	201
18	37	8	164
18	37	8	164
18	37	8	144
18	37	8	144
18	37	8	144
18	37	8	144
18	37	8	157
18	37	8	157
18	37	8	178
18	37	8	178
18	37	8	196
18	37	8	196
18	37	8	206
18	37	8	206
18	37	8	201
18	37	8	201
18	37	8	195
18	37	8	195
18	37	8	185
18	37	8	185
18	37	8	175
18	37	8	175
18	37	8	169
18	37	8	169
18	37	8	166
18	37	8	166
18	37	8	166
18	37	8	166
18	37	8	166
18	37	8	170
18	37	8	176
18	37	8	176
18	37	8	176
18	37	8	181
18	37	8	185
18	37	8	185
18	37	8	190
18	37	8	190
18	37	8	193
18	37	8	193
18	37	8	189
18	37	8	189
18	37	8	188
18	37	8	188
18	37	8	184
18	37	8	184
18	37	8	193
18	37	8	193
18	37	8	233
18	37	8	233
18	37	8	233
18	37	8	314
18	37	8	314
18	37	8	419
18	37	8	419
18	37	8	512
18	37	8	512
18	37	8	512
18	37	8	512
18	37	8	512
18	37	8	512
18	37	8	512
18	37	8	512
18	37	8	485
18	37	8	485
18	37	8	419
18	37	8	359
18	37	8	359
18	37	8	359
18	37	8	322
18	37	8	322
18	37	8	279
18	37	8	279
18	37	8	234
18	37	8	234
18	37	8	188
18	37	8	188
18	37	8	150
18	37	8	150
18	37	8	132
18	37	8	132
18	37	8	133
18	37	8	133
18	37	8	149
18	37	8	149
18	37	8	172
18	37	8	172
18	37	8	190
18	37	8	190
18	37	8	201
18	37	8	201
18	37	8	201
18	37	8	201
18	37	8	199
18	37	8	199
18	37	9	190
18	37	9	190
18	37	9	179
18	37	9	179
18	37	9	173
18	37	9	173
18	37	9	172
18	37	9	172
18	37	9	174
18	37	9	174
18	37	9	179
18	37	9	179
18	37	9	184
18	37	9	184
18	37	9	190
18	37	9	190
18	37	9	194
18	37	9	194
18	37	9	196
18	37	9	196
18	37	9	201
18	37	9	201
18	37	9	199
18	37	9	199
18	37	9	198
18	37	9	198
18	37	9	197
18	37	9	197
18	37	9	197
18	37	9	206
18	37	9	206
18	37	9	238
18	37	9	238
18	37	9	311
18	37	9	412
18	37	9	412
18	37	9	412
18	37	9	512
18	37	9	512
18	37	9	512
18	37	9	512
18	37	9	512
18	37	9	512
18	37	9	512
18	37	9	512
18	37	9	496
18	37	9	430
18	37	9	430
18	37	9	430
18	37	9	369
18	37	9	369
18	37	9	329
18	37	9	329
18	37	9	288
18	37	9	288
18	37	9	240
18	37	9	240
18	37	9	194
18	37	9	194
18	37	9	155
18	37	9	155
18	37	9	139
18	37	9	139
18	37	9	142
18	37	9	142
18	37	9	160
18	37	9	160
18	37	9	184
18	37	9	184
18	37	9	199
18	37	9	199
18	37	9	215
18	37	9	215
18	37	9	213
18	37	9	213
18	37	9	205
18	37	9	205
18	37	9	194
18	37	9	194
18	37	9	179
18	37	9	179
18	37	9	172
18	37	9	172
18	37	9	171
18	37	9	171
18	37	9	171
18	37	9	171
18	37	9	174
18	37	9	174
18	37	9	179
18	37	9	179
18	37	9	188
18	37	9	188
18	37	9	194
18	37	9	194
18	37	9	199
18	37	9	199
18	37	9	200
18	37	9	200
18	37	9	191
18	37	10	191
18	37	10	194
18	37	10	194
18	37	10	195
18	37	10	195
18	37	10	197
18	37	10	197
18	37	10	215
18	37	10	215
18	37	10	267
18	37	10	267
18	37	10	360
18	37	10	360
18	37	10	460
18	37	10	460
18	37	10	512
18	37	10	512
18	37	10	512
18	37	10	512
18	37	10	512
18	37	10	512
18	37	10	485
18	37	10	485
18	37	10	485
18	37	10	418
18	37	10	354
18	37	10	354
18	37	10	354
18	37	10	312
18	37	10	312
18	37	10	273
18	37	10	273
18	37	10	234
18	37	10	195
18	37	10	195
18	37	10	163
18	37	10	163
18	37	10	144
18	37	10	144
18	37	10	146
18	37	10	146
18	37	10	160
18	37	10	160
18	37	10	160
18	37	10	178
18	37	10	178
18	37	10	194
18	37	10	194
18	37	10	201
18	37	10	201
18	37	10	199
18	37	10	199
18	37	10	191
18	37	10	191
18	37	10	181
18	37	10	181
18	37	10	171
18	37	10	171
18	37	10	164
18	37	10	164
18	37	10	163
18	37	10	163
18	37	10	165
18	37	10	165
18	37	10	169
18	37	10	169
18	37	10	175
18	37	10	175
18	37	10	183
18	37	10	183
18	37	10	188
18	37	10	188
18	37	10	193
18	37	10	193
18	37	10	193
18	37	10	193
18	37	10	191
18	37	10	191
18	37	10	189
18	37	10	189
18	37	10	195
18	37	10	195
18	37	10	200
18	37	10	200
18	37	10	229
18	37	10	229
18	37	10	298
18	37	10	298
18	37	10	397
18	37	10	397
18	37	10	493
18	37	10	493
18	37	10	512
18	37	10	512
18	37	10	512
18	37	10	512
18	37	10	512
18	37	10	512
18	37	10	466
18	37	10	466
18	37	11	402
18	37	11	402
18	37	11	351
18	37	11	351
18	37	11	308
18	37	11	308
18	37	11	271
18	37	11	271
18	37	11	232
18	37	11	232
18	37	11	195
18	37	11	195
18	37	11	166
18	37	11	166
18	37	11	154
18	37	11	154
18	37	11	159
18	37	11	159
18	37	11	179
18	37	11	179
18	37	11	197
18	37	11	197
18	37	11	205
18	37	11	205
18	37	11	208
18	37	11	208
18	37	11	206
18	37	11	206
18	37	11	198
18	37	11	198
18	37	11	193
18	37	11	193
18	37	11	185
18	37	11	185
18	37	11	179
18	37	11	179
18	37	11	179
18	37	11	179
18	37	11	184
18	37	11	184
18	37	11	189
18	37	11	189
18	37	11	193
18	37	11	193
18	37	11	197
18	37	11	197
18	37	11	201
18	37	11	201
18	37	11	203
18	37	11	203
18	37	11	204
18	37	11	204
18	37	11	202
18	37	11	202
18	37	11	200
18	37	11	200
18	37	11	201
18	37	11	201
18	37	11	206
18	37	11	206
18	37	11	243
18	37	11	243
18	37	11	320
18	37	11	320
18	37	11	421
18	37	11	421
18	37	11	512
18	37	11	512
18	37	11	512
18	37	11	512
18	37	11	512
18	37	11	512
18	37	11	512
18	37	11	512
18	37	11	490
18	37	11	490
18	37	11	415
18	37	11	415
18	37	11	355
18	37	11	355
18	37	11	319
18	37	11	319
18	37	11	281
18	37	11	281
18	37	11	240
18	37	11	240
18	37	11	240
18	37	11	202
18	37	11	202
18	37	11	168
18	37	11	168
18	37	11	148
18	37	11	144
18	37	11	144
18	37	11	159
18	37	11	159
18	37	11	178
18	37	11	178
18	37	11	189
18	37	12	189
18	37	12	197
18	37	12	197
18	37	12	197
18	37	12	198
18	37	12	198
18	37	12	193
18	37	12	193
18	37	12	186
18	37	12	186
18	37	12	177
18	37	12	177
18	37	12	170
18	37	12	170
18	37	12	167
18	37	12	167
18	37	12	166
18	37	12	166
18	37	12	168
18	37	12	168
18	37	12	173
18	37	12	173
18	37	12	178
18	37	12	178
18	37	12	184
18	37	12	184
18	37	12	187
18	37	12	187
18	37	12	189
18	37	12	189
18	37	12	189
18	37	12	189
18	37	12	188
18	37	12	188
18	37	12	188
18	37	12	188
18	37	12	191
18	37	12	191
18	37	12	212
18	37	12	212
18	37	12	269
18	37	12	269
18	37	12	373
18	37	12	373
18	37	12	473
18	37	12	473
18	37	12	512
18	37	12	512
18	37	12	512
18	37	12	512
18	37	12	512
18	37	12	512
18	37	12	496
18	37	12	496
18	37	12	432
18	37	12	432
18	37	12	366
18	37	12	366
18	37	12	366
18	37	12	323
18	37	12	285
18	37	12	285
18	37	12	247
18	37	12	247
18	37	12	209
18	37	12	209
18	37	12	171
18	37	12	171
18	37	12	146
18	37	12	146
18	37	12	141
18	37	12	141
18	37	12	147
18	37	12	147
18	37	12	169
18	37	12	169
18	37	12	187
18	37	12	187
18	37	12	187
18	37	12	199
18	37	12	199
18	37	12	210
18	37	12	210
18	37	12	204
18	37	12	204
18	37	12	196
18	37	12	196
18	37	12	185
18	37	12	185
18	37	12	176
18	37	12	171
18	37	12	171
18	37	12	171
18	37	12	171
18	37	12	171
18	37	12	176
18	37	12	176
18	37	12	180
18	37	12	180
18	37	12	188
18	37	13	188
18	37	13	199
18	37	13	199
18	37	13	201
18	37	13	201
18	37	13	203
18	37	13	203
18	37	13	203
18	37	13	203
18	37	13	201
18	37	13	201
18	37	13	199
18	37	13	199
18	37	13	199
18	37	13	199
18	37	13	208
18	37	13	208
18	37	13	243
18	37	13	243
18	37	13	319
18	37	13	319
18	37	13	434
18	37	13	434
18	37	13	512
18	37	13	512
18	37	13	512
18	37	13	512
18	37	13	512
18	37	13	512
18	37	13	512
18	37	13	512
18	37	13	483
18	37	13	483
18	37	13	413
18	37	13	413
18	37	13	358
18	37	13	358
18	37	13	315
18	37	13	315
18	37	13	270
18	37	13	270
18	37	13	230
18	37	13	230
18	37	13	192
18	37	13	192
18	37	13	163
18	37	13	163
18	37	13	149
18	37	13	149
18	37	13	153
18	37	13	153
18	37	13	171
18	37	13	171
18	37	13	190
18	37	13	190
18	37	13	205
18	37	13	205
18	37	13	215
18	37	13	215
18	37	13	212
18	37	13	212
18	37	13	204
18	37	13	204
18	37	13	193
18	37	13	193
18	37	13	183
18	37	13	183
18	37	13	178
18	37	13	178
18	37	13	174
18	37	13	174
18	37	13	174
18	37	13	174
18	37	13	174
18	37	13	178
18	37	13	178
18	37	13	183
18	37	13	183
18	37	13	190
18	37	13	190
18	37	13	196
18	37	13	196
18	37	13	193
18	37	13	193
18	37	13	194
18	37	13	194
18	37	13	193
18	37	13	192
18	37	13	192
18	37	13	193
18	37	13	193
18	37	13	193
18	37	13	194
18	37	13	194
18	37	13	206
18	37	13	206
18	37	13	243
18	37	13	243
18	37	13	321
18	37	13	321
18	37	14	419
18	37	14	419
18	37	14	512
18	37	14	512
18	37	14	512
18	37	14	512
18	37	14	512
18	37	14	512
18	37	14	498
18	37	14	498
18	37	14	434
18	37	14	434
18	37	14	367
18	37	14	367
18	37	14	318
18	37	14	318
18	37	14	276
18	37	14	276
18	37	14	237
18	37	14	237
18	37	14	200
18	37	14	200
18	37	14	171
18	37	14	171
18	37	14	152
18	37	14	152
18	37	14	148
18	37	14	148
18	37	14	157
18	37	14	157
18	37	14	175
18	37	14	175
18	37	14	192
18	37	14	192
18	37	14	203
18	37	14	203
18	37	14	204
18	37	14	204
18	37	14	199
18	37	14	199
18	37	14	190
18	37	14	190
18	37	14	179
18	37	14	179
18	37	14	173
18	37	14	173
18	37	14	168
18	37	14	168
18	37	14	168
18	37	14	168
18	37	14	168
18	37	14	171
18	37	14	175
18	37	14	175
18	37	14	183
18	37	14	183
18	37	14	184
18	37	14	184
18	37	14	189
18	37	14	189
18	37	14	198
18	37	14	198
18	37	14	198
18	37	14	198
18	37	14	199
18	37	14	199
18	37	14	199
18	37	14	198
18	37	14	198
18	37	14	200
18	37	14	200
18	37	14	213
18	37	14	213
18	37	14	251
18	37	14	251
18	37	14	328
18	37	14	328
18	37	14	423
18	37	14	423
18	37	14	512
18	37	14	512
18	37	14	512
18	37	14	512
18	37	14	512
18	37	14	512
18	37	14	494
18	37	14	494
18	37	14	426
18	37	14	426
18	37	14	362
18	37	14	362
18	37	14	318
18	37	14	318
18	37	14	278
18	37	14	278
18	37	14	243
18	37	14	243
18	37	14	210
18	37	14	210
18	37	14	184
18	37	15	184
18	37	15	170
18	37	15	170
18	37	15	171
18	37	15	171
18	37	15	187
18	37	15	187
18	37	15	206
18	37	15	206
18	37	15	221
18	37	15	221
18	37	15	227
18	37	15	227
18	37	15	224
18	37	15	224
18	37	15	215
18	37	15	215
18	37	15	203
18	37	15	203
18	37	15	194
18	37	15	194
18	37	15	185
18	37	15	185
18	37	15	181
18	37	15	181
18	37	15	180
18	37	15	180
18	37	15	186
18	37	15	186
18	37	15	193
18	37	15	193
18	37	15	201
18	37	15	201
18	37	15	206
18	37	15	206
18	37	15	207
18	37	15	207
18	37	15	209
18	37	15	209
18	37	15	207
18	37	15	207
18	37	15	203
18	37	15	203
18	37	15	202
18	37	15	202
18	37	15	207
18	37	15	207
18	37	15	234
18	37	15	234
18	37	15	303
18	37	15	303
18	37	15	402
18	37	15	402
18	37	15	499
18	37	15	499
18	37	15	512
18	37	15	512
18	37	15	512
18	37	15	512
18	37	15	512
18	37	15	512
18	37	15	512
18	37	15	467
18	37	15	467
18	37	15	399
18	37	15	399
18	37	15	344
18	37	15	344
18	37	15	305
18	37	15	305
18	37	15	269
18	37	15	269
18	37	15	234
18	37	15	234
18	37	15	199
18	37	15	199
18	37	15	171
18	37	15	171
18	37	15	157
18	37	15	157
18	37	15	157
18	37	15	174
18	37	15	174
18	37	15	174
18	37	15	193
18	37	15	193
18	37	15	205
18	37	15	205
18	37	15	211
18	37	15	211
18	37	15	207
18	37	15	207
18	37	15	197
18	37	15	197
18	37	15	187
18	37	15	187
18	37	15	178
18	37	15	178
18	37	15	172
18	37	15	172
18	37	16	170
18	37	16	170
18	37	16	169
18	37	16	169
18	37	16	174
18	37	16	174
18	37	16	179
18	37	16	179
18	37	16	185
18	37	16	185
18	37	16	188
18	37	16	188
18	37	16	191
18	37	16	191
18	37	16	194
18	37	16	194
18	37	16	193
18	37	16	193
18	37	16	192
18	37	16	192
18	37	16	193
18	37	16	193
18	37	16	207
18	37	16	207
18	37	16	253
18	37	16	253
18	37	16	340
18	37	16	340
18	37	16	444
18	37	16	444
18	37	16	512
18	37	16	512
18	37	16	512
18	37	16	512
18	37	16	512
18	37	16	512
18	37	16	512
18	37	16	512
18	37	16	512
18	37	16	479
18	37	16	410
18	37	16	410
18	37	16	410
18	37	16	355
18	37	16	314
18	37	16	314
18	37	16	275
18	37	16	275
18	37	16	234
18	37	16	234
18	37	16	193
18	37	16	193
18	37	16	160
18	37	16	160
18	37	16	144
18	37	16	144
18	37	16	145
18	37	16	145
18	37	16	160
18	37	16	160
18	37	16	188
18	37	16	188
18	37	16	202
18	37	16	202
18	37	16	210
18	37	16	210
18	37	16	209
18	37	16	209
18	37	16	198
18	37	16	198
18	37	16	198
18	37	16	189
18	37	16	189
18	37	16	181
18	37	16	181
18	37	16	175
18	37	16	174
18	37	16	174
18	37	16	179
18	37	16	179
18	37	16	188
18	37	16	188
18	37	16	195
18	37	16	195
18	37	16	195
18	37	16	201
18	37	16	205
18	37	16	205
18	37	16	205
18	37	16	204
18	37	16	204
18	37	16	204
18	37	16	204
18	37	16	201
18	37	16	201
18	37	16	201
18	37	16	201
18	37	16	205
18	37	16	205
18	37	16	225
18	37	17	225
18	37	17	292
18	37	17	292
18	37	17	388
18	37	17	388
18	37	17	493
18	37	17	493
18	37	17	512
18	37	17	512
18	37	17	512
18	37	17	512
18	37	17	512
18	37	17	512
18	37	17	512
18	37	17	512
18	37	17	485
18	37	17	485
18	37	17	419
18	37	17	419
18	37	17	356
18	37	17	356
18	37	17	320
18	37	17	320
18	37	17	276
18	37	17	276
18	37	17	226
18	37	17	226
18	37	17	180
18	37	17	180
18	37	17	147
18	37	17	147
18	37	17	135
18	37	17	135
18	37	17	143
18	37	17	143
18	37	17	162
18	37	17	162
18	37	17	185
18	37	17	185
18	37	17	199
18	37	17	199
18	37	17	205
18	37	17	205
18	37	17	204
18	37	17	204
18	37	17	196
18	37	17	196
18	37	17	186
18	37	17	186
18	37	17	177
18	37	17	177
18	37	17	171
18	37	17	171
18	37	17	171
18	37	17	171
18	37	17	173
18	37	17	173
18	37	17	179
18	37	17	179
18	37	17	186
18	37	17	186
18	37	17	187
18	37	17	187
18	37	17	190
18	37	17	190
18	37	17	190
18	37	17	190
18	37	17	190
18	37	17	189
18	37	17	189
18	37	17	188
18	37	17	188
18	37	17	187
18	37	17	191
18	37	17	191
18	37	17	217
18	37	17	217
18	37	17	278
18	37	17	278
18	37	17	376
18	37	17	376
18	37	17	489
18	37	17	489
18	37	17	489
18	37	17	512
18	37	17	512
18	37	17	512
18	37	17	512
18	37	17	512
18	37	17	512
18	37	17	512
18	37	17	512
18	37	17	449
18	37	17	449
18	37	17	387
18	37	17	387
18	37	17	336
18	37	17	336
18	37	17	298
18	37	17	298
18	37	18	253
18	37	18	253
18	37	18	204
18	37	18	204
18	37	18	156
18	37	18	156
18	37	18	122
18	37	18	122
18	37	18	116
18	37	18	116
18	37	18	130
18	37	18	130
18	37	18	151
18	37	18	151
18	37	18	173
18	37	18	173
18	37	18	186
18	37	18	186
18	37	18	191
18	37	18	191
18	37	18	196
18	37	18	196
18	37	18	188
18	37	18	188
18	37	18	177
18	37	18	177
18	37	18	166
18	37	18	166
18	37	18	161
18	37	18	161
18	37	18	161
18	37	18	161
18	37	18	165
18	37	18	165
18	37	18	171
18	37	18	171
18	37	18	179
18	37	18	179
18	37	18	186
18	37	18	186
18	37	18	198
18	37	18	198
18	37	18	199
18	37	18	199
18	37	18	199
18	37	18	199
18	37	18	196
18	37	18	196
18	37	18	196
18	37	18	196
18	37	18	198
18	37	18	198
18	37	18	214
18	37	18	214
18	37	18	214
18	37	18	265
18	37	18	359
18	37	18	359
18	37	18	359
18	37	18	477
18	37	18	512
18	37	18	512
18	37	18	512
18	37	18	512
18	37	18	512
18	37	18	512
18	37	18	512
18	37	18	512
18	37	18	512
18	37	18	463
18	37	18	396
18	37	18	396
18	37	18	348
18	37	18	348
18	37	18	306
18	37	18	306
18	37	18	306
18	37	18	262
18	37	18	262
18	37	18	216
18	37	18	216
18	37	18	174
18	37	18	174
18	37	18	146
18	37	18	146
18	37	18	141
18	37	18	141
18	37	18	157
18	37	18	157
18	37	18	179
18	37	18	179
18	37	18	199
18	37	18	199
18	37	18	209
18	37	18	209
18	37	18	212
18	37	18	212
18	37	18	206
18	37	18	206
18	37	18	195
18	37	19	195
18	37	19	182
18	37	19	182
18	37	19	176
18	37	19	176
18	37	19	176
18	37	19	176
18	37	19	179
18	37	19	179
18	37	19	183
18	37	19	183
18	37	19	188
18	37	19	188
18	37	19	193
18	37	19	193
18	37	19	196
18	37	19	196
18	37	19	199
18	37	19	199
18	37	19	199
18	37	19	199
18	37	19	195
18	37	19	195
18	37	19	193
18	37	19	193
18	37	19	193
18	37	19	193
18	37	19	205
18	37	19	205
18	37	19	245
18	37	19	245
18	37	19	330
18	37	19	330
18	37	19	434
18	37	19	434
18	37	19	512
18	37	19	512
18	37	19	512
18	37	19	512
18	37	19	512
18	37	19	512
18	37	19	510
18	37	19	510
18	37	19	444
18	37	19	444
18	37	19	377
18	37	19	377
18	37	19	331
18	37	19	331
18	37	19	293
18	37	19	293
18	37	19	256
18	37	19	256
18	37	19	256
18	37	19	218
18	37	19	218
18	37	19	171
18	37	19	171
18	37	19	139
18	37	19	139
18	37	19	125
18	37	19	125
18	37	19	135
18	37	19	135
18	37	19	159
18	37	19	159
18	37	19	179
18	37	19	193
18	37	19	193
18	37	19	193
18	37	19	199
18	37	19	199
18	37	19	199
18	37	19	199
18	37	19	189
18	37	19	189
18	37	19	177
18	37	19	177
18	37	19	168
18	37	19	168
18	37	19	162
18	37	19	162
18	37	19	163
18	37	19	163
18	37	19	166
18	37	19	166
18	37	19	172
18	37	19	172
18	37	19	180
18	37	19	180
18	37	19	185
18	37	19	185
18	37	19	187
18	37	19	187
18	37	19	188
18	37	19	188
18	37	19	185
18	37	19	185
18	37	19	183
18	37	19	183
18	37	20	185
18	37	20	185
18	37	20	198
18	37	20	198
18	37	20	230
18	37	20	230
18	37	20	304
18	37	20	304
18	37	20	406
18	37	20	406
18	37	20	507
18	37	20	507
18	37	20	512
18	37	20	512
18	37	20	512
18	37	20	512
18	37	20	512
18	37	20	512
18	37	20	487
18	37	20	487
18	37	20	420
18	37	20	420
18	37	20	361
18	37	20	361
18	37	20	322
18	37	20	322
18	37	20	322
18	37	20	282
18	37	20	239
18	37	20	239
18	37	20	239
18	37	20	194
18	37	20	155
18	37	20	155
18	37	20	136
18	37	20	136
18	37	20	135
18	37	20	135
18	37	20	150
18	37	20	150
18	37	20	178
18	37	20	178
18	37	20	196
18	37	20	196
18	37	20	207
18	37	20	207
18	37	20	207
18	37	20	207
18	37	20	207
18	37	20	201
18	37	20	201
18	37	20	191
18	37	20	191
18	37	20	180
18	37	20	180
18	37	20	173
18	37	20	173
18	37	20	169
18	37	20	169
18	37	20	168
18	37	20	168
18	37	20	177
18	37	20	177
18	37	20	185
18	37	20	185
18	37	20	190
18	37	20	190
18	37	20	197
18	37	20	197
18	37	20	201
18	37	20	201
18	37	20	202
18	37	20	202
18	37	20	201
18	37	20	201
18	37	20	200
18	37	20	200
18	37	20	198
18	37	20	198
18	37	20	206
18	37	20	206
18	37	20	245
18	37	20	245
18	37	20	336
18	37	20	336
18	37	20	442
18	37	20	442
18	37	20	512
18	37	20	512
18	37	20	512
18	37	20	512
18	37	20	512
18	37	20	512
18	37	20	512
18	37	20	512
18	37	20	489
18	37	20	489
18	37	20	421
18	37	20	421
18	37	20	354
18	37	21	354
18	37	21	317
18	37	21	317
18	37	21	278
18	37	21	278
18	37	21	234
18	37	21	234
18	37	21	192
18	37	21	192
18	37	21	155
18	37	21	155
18	37	21	136
18	37	21	136
18	37	21	136
18	37	21	136
18	37	21	152
18	37	21	152
18	37	21	172
18	37	21	172
18	37	21	190
18	37	21	190
18	37	21	196
18	37	21	196
18	37	21	197
18	37	21	197
18	37	21	197
18	37	21	190
18	37	21	190
18	37	21	180
18	37	21	171
18	37	21	171
18	37	21	166
18	37	21	166
18	37	21	164
18	37	21	164
18	37	21	165
18	37	21	165
18	37	21	169
18	37	21	169
18	37	21	174
18	37	21	174
18	37	21	174
18	37	21	179
18	37	21	179
18	37	21	183
18	37	21	183
18	37	21	185
18	37	21	185
18	37	21	188
18	37	21	188
18	37	21	187
18	37	21	187
18	37	21	185
18	37	21	185
18	37	21	188
18	37	21	188
18	37	21	201
18	37	21	201
18	37	21	244
18	37	21	244
18	37	21	333
18	37	21	333
18	37	21	449
18	37	21	449
18	37	21	512
18	37	21	512
18	37	21	512
18	37	21	512
18	37	21	512
18	37	21	512
18	37	21	512
18	37	21	512
18	37	21	454
18	37	21	454
18	37	21	387
18	37	21	387
18	37	21	334
18	37	21	334
18	37	21	294
18	37	21	294
18	37	21	254
18	37	21	254
18	37	21	211
18	37	21	211
18	37	21	173
18	37	21	173
18	37	21	142
18	37	21	142
18	37	21	131
18	37	21	131
18	37	21	137
18	37	21	137
18	37	21	154
18	37	21	154
18	37	21	176
18	37	21	176
18	37	21	191
18	37	21	191
18	37	21	199
18	37	21	199
18	37	22	206
18	37	22	206
18	37	22	199
18	37	22	199
18	37	22	188
18	37	22	188
18	37	22	178
18	37	22	178
18	37	22	172
18	37	22	172
18	37	22	170
18	37	22	170
18	37	22	172
18	37	22	172
18	37	22	172
18	37	22	177
18	37	22	184
18	37	22	184
18	37	22	184
18	37	22	190
18	37	22	190
18	37	22	196
18	37	22	196
18	37	22	200
18	37	22	200
18	37	22	200
18	37	22	200
18	37	22	200
18	37	22	198
18	37	22	198
18	37	22	202
18	37	22	202
18	37	22	219
18	37	22	219
18	37	22	219
18	37	22	268
18	37	22	268
18	37	22	358
18	37	22	358
18	37	22	470
18	37	22	470
18	37	22	512
18	37	22	512
18	37	22	512
18	37	22	512
18	37	22	512
18	37	22	512
18	37	22	507
18	37	22	507
18	37	22	440
18	37	22	440
18	37	22	374
18	37	22	374
18	37	22	328
18	37	22	328
18	37	22	289
18	37	22	289
18	37	22	253
18	37	22	253
18	37	22	215
18	37	22	215
18	37	22	181
18	37	22	181
18	37	22	158
18	37	22	158
18	37	22	151
18	37	22	151
18	37	22	161
18	37	22	161
18	37	22	177
18	37	22	177
18	37	22	193
18	37	22	193
18	37	22	204
18	37	22	204
18	37	22	210
18	37	22	210
18	37	22	207
18	37	22	207
18	37	22	199
18	37	22	199
18	37	22	187
18	37	22	187
18	37	22	179
18	37	22	179
18	37	22	175
18	37	22	175
18	37	22	174
18	37	22	174
18	37	22	177
18	37	22	177
18	37	22	185
18	37	22	185
18	37	22	191
18	37	22	191
18	37	22	196
18	37	22	196
18	37	22	199
18	37	22	199
18	37	22	198
18	37	23	198
18	37	23	192
18	37	23	191
18	37	23	191
18	37	23	189
18	37	23	189
18	37	23	193
18	37	23	193
18	37	23	210
18	37	23	210
18	37	23	210
18	37	23	264
18	37	23	264
18	37	23	358
18	37	23	358
18	37	23	455
18	37	23	455
18	37	23	512
18	37	23	512
18	37	23	512
18	37	23	512
18	37	23	512
18	37	23	470
18	37	23	470
18	37	23	401
18	37	23	401
18	37	23	339
18	37	23	339
18	37	23	339
18	37	23	296
18	37	23	256
18	37	23	256
18	37	23	256
18	37	23	222
18	37	23	222
18	37	23	188
18	37	23	188
18	37	23	162
18	37	23	162
18	37	23	150
18	37	23	150
18	37	23	154
18	37	23	154
18	37	23	169
18	37	23	169
18	37	23	186
18	37	23	186
18	37	23	201
18	37	23	201
18	37	23	207
18	37	23	207
18	37	23	203
18	37	23	203
18	37	23	196
18	37	23	196
18	37	23	187
18	37	23	187
18	37	23	178
18	37	23	178
18	37	23	171
18	37	23	171
18	37	23	173
18	37	23	173
18	37	23	175
18	37	23	175
18	37	23	178
18	37	23	178
18	37	23	185
18	37	23	185
18	37	23	189
18	37	23	189
18	37	23	193
18	37	23	193
18	37	23	195
18	37	23	195
18	37	23	195
18	37	23	195
18	37	23	193
18	37	23	193
18	37	23	192
18	37	23	192
18	37	23	201
18	37	23	201
18	37	23	227
18	37	23	227
18	37	23	289
18	37	23	289
18	37	23	388
18	37	23	388
18	37	23	485
18	37	23	485
18	37	23	512
18	37	23	512
18	37	23	512
18	37	23	512
18	37	23	512
18	37	23	512
18	37	23	477
18	37	23	477
18	37	24	405
18	37	24	405
18	37	24	348
18	37	24	348
18	37	24	305
18	37	24	305
18	37	24	266
18	37	24	266
18	37	24	266
18	37	24	229
18	37	24	229
18	37	24	196
18	37	24	196
18	37	24	169
18	37	24	169
18	37	24	160
18	37	24	160
18	37	24	166
18	37	24	182
18	37	24	182
18	37	24	207
18	37	24	207
18	37	24	207
18	37	24	220
18	37	24	222
18	37	24	222
18	37	24	222
18	37	24	218
18	37	24	218
18	37	24	210
18	37	24	210
18	37	24	199
18	37	24	199
18	37	24	189
18	37	24	189
18	37	24	185
18	37	24	185
18	37	24	183
18	37	24	183
18	37	24	184
18	37	24	184
18	37	24	188
18	37	24	188
18	37	24	195
18	37	24	195
18	37	24	201
18	37	24	201
18	37	24	204
18	37	24	204
18	37	24	204
18	37	24	204
18	37	24	204
18	37	24	204
18	37	24	205
18	37	24	205
18	37	24	205
18	37	24	205
18	37	24	205
18	37	24	205
18	37	24	228
18	37	24	228
18	37	24	291
18	37	24	291
18	37	24	399
18	37	24	399
18	37	24	501
18	37	24	501
18	37	24	512
18	37	24	512
18	37	24	512
18	37	24	512
18	37	24	512
18	37	24	512
18	37	24	512
18	37	24	512
18	37	24	446
18	37	24	446
18	37	24	381
18	37	24	381
18	37	24	325
18	37	24	325
18	37	24	287
18	37	24	287
18	37	24	245
18	37	24	245
18	37	24	204
18	37	24	204
18	37	24	167
18	37	24	167
18	37	24	144
18	37	24	144
18	37	24	143
18	37	24	143
18	37	24	155
18	37	24	155
18	37	24	174
18	37	24	174
18	37	24	192
18	37	24	192
18	37	24	192
18	37	25	200
18	37	25	200
18	37	25	199
18	37	25	199
18	37	25	195
18	37	25	195
18	37	25	185
18	37	25	185
18	37	25	177
18	37	25	177
18	37	25	169
18	37	25	169
18	37	25	166
18	37	25	166
18	37	25	166
18	37	25	169
18	37	25	169
18	37	25	169
18	37	25	178
18	37	25	178
18	37	25	183
18	37	25	183
18	37	25	190
18	37	25	190
18	37	25	191
18	37	25	191
18	37	25	190
18	37	25	190
18	37	25	190
18	37	25	190
18	37	25	188
18	37	25	188
18	37	25	190
18	37	25	190
18	37	25	206
18	37	25	206
18	37	25	254
18	37	25	254
18	37	25	346
18	37	25	346
18	37	25	453
18	37	25	453
18	37	25	512
18	37	25	512
18	37	25	512
18	37	25	512
18	37	25	512
18	37	25	512
18	37	25	512
18	37	25	512
18	37	25	490
18	37	25	490
18	37	25	423
18	37	25	423
18	37	25	364
18	37	25	364
18	37	25	322
18	37	25	322
18	37	25	277
18	37	25	277
18	37	25	227
18	37	25	227
18	37	25	178
18	37	25	178
18	37	25	144
18	37	25	144
18	37	25	129
18	37	25	129
18	37	25	136
18	37	25	136
18	37	25	157
18	37	25	157
18	37	25	180
18	37	25	180
18	37	25	199
18	37	25	199
18	37	25	208
18	37	25	208
18	37	25	208
18	37	25	205
18	37	25	199
18	37	25	199
18	37	25	193
18	37	25	193
18	37	25	185
18	37	25	185
18	37	25	179
18	37	25	179
18	37	25	177
18	37	25	177
18	37	25	180
18	37	25	180
18	37	25	185
18	37	25	185
18	37	25	185
18	37	25	191
18	37	25	198
18	37	25	198
18	37	25	198
18	37	25	201
18	37	26	201
18	37	26	203
18	37	26	203
18	37	26	204
18	37	26	204
18	37	26	202
18	37	26	202
18	37	26	204
18	37	26	204
18	37	26	208
18	37	26	235
18	37	26	235
18	37	26	304
18	37	26	304
18	37	26	304
18	37	26	407
18	37	26	510
18	37	26	510
18	37	26	510
18	37	26	512
18	37	26	512
18	37	26	512
18	37	26	512
18	37	26	512
18	37	26	512
18	37	26	512
18	37	26	512
18	37	26	470
18	37	26	470
18	37	26	403
18	37	26	403
18	37	26	352
18	37	26	352
18	37	26	306
18	37	26	306
18	37	26	256
18	37	26	256
18	37	26	204
18	37	26	204
18	37	26	159
18	37	26	159
18	37	26	128
18	37	26	128
18	37	26	124
18	37	26	124
18	37	26	141
18	37	26	141
18	37	26	169
18	37	26	169
18	37	26	193
18	37	26	193
18	37	26	206
18	37	26	206
18	37	26	209
18	37	26	209
18	37	26	204
18	37	26	204
18	37	26	193
18	37	26	193
18	37	26	181
18	37	26	181
18	37	26	166
18	37	26	166
18	37	26	163
18	37	26	163
18	37	26	163
18	37	26	163
18	37	26	167
18	37	26	167
18	37	26	174
18	37	26	174
18	37	26	174
18	37	26	180
18	37	26	185
18	37	26	185
18	37	26	187
18	37	26	187
18	37	26	188
18	37	26	188
18	37	26	186
18	37	26	186
18	37	26	184
18	37	26	184
18	37	26	187
18	37	26	187
18	37	26	199
18	37	26	199
18	37	26	243
18	37	26	243
18	37	26	331
18	37	26	331
18	37	26	331
18	37	26	437
18	37	26	437
18	37	26	512
18	37	26	512
18	37	26	512
18	37	26	512
18	37	26	512
18	37	26	512
18	37	27	512
18	37	27	512
18	37	27	470
18	37	27	470
18	37	27	400
18	37	27	400
18	37	27	342
18	37	27	342
18	37	27	297
18	37	27	297
18	37	27	252
18	37	27	206
18	37	27	206
18	37	27	206
18	37	27	163
18	37	27	163
18	37	27	130
18	37	27	130
18	37	27	119
18	37	27	119
18	37	27	129
18	37	27	129
18	37	27	160
18	37	27	160
18	37	27	183
18	37	27	183
18	37	27	199
18	37	27	199
18	37	27	204
18	37	27	204
18	37	27	201
18	37	27	201
18	37	27	190
18	37	27	190
18	37	27	179
18	37	27	179
18	37	27	171
18	37	27	171
18	37	27	168
18	37	27	168
18	37	27	168
18	37	27	168
18	37	27	177
18	37	27	177
18	37	27	185
18	37	27	185
18	37	27	190
18	37	27	190
18	37	27	195
18	37	27	195
18	37	27	199
18	37	27	199
18	37	27	199
18	37	27	199
18	37	27	199
18	37	27	199
18	37	27	197
18	37	27	197
18	37	27	197
18	37	27	197
18	37	27	206
18	37	27	206
18	37	27	254
18	37	27	254
18	37	27	254
18	37	27	342
18	37	27	448
18	37	27	448
18	37	27	512
18	37	27	512
18	37	27	512
18	37	27	512
18	37	27	512
18	37	27	512
18	37	27	512
18	37	27	512
18	37	27	468
18	37	27	468
18	37	27	400
18	37	27	400
18	37	27	344
18	37	27	344
18	37	27	301
18	37	27	301
18	37	27	257
18	37	27	257
18	37	27	257
18	37	27	211
18	37	27	168
18	37	27	168
18	37	27	168
18	37	27	142
18	37	27	142
18	37	27	138
18	37	27	138
18	37	27	153
18	37	27	153
18	37	27	178
18	37	27	178
18	37	27	200
18	37	28	200
18	37	28	213
18	37	28	213
18	37	28	215
18	37	28	206
18	37	28	206
18	37	28	206
18	37	28	196
18	37	28	196
18	37	28	185
18	37	28	185
18	37	28	176
18	37	28	176
18	37	28	171
18	37	28	171
18	37	28	171
18	37	28	171
18	37	28	177
18	37	28	177
18	37	28	182
18	37	28	182
18	37	28	190
18	37	28	190
18	37	28	190
18	37	28	190
18	37	28	193
18	37	28	193
18	37	28	194
18	37	28	194
18	37	28	192
18	37	28	192
18	37	28	190
18	37	28	190
18	37	28	193
18	37	28	193
18	37	28	218
18	37	28	218
18	37	28	283
18	37	28	283
18	37	28	385
18	37	28	385
18	37	28	499
18	37	28	499
18	37	28	512
18	37	28	512
18	37	28	512
18	37	28	512
18	37	28	512
18	37	28	512
18	37	28	505
18	37	28	505
18	37	28	435
18	37	28	435
18	37	28	369
18	37	28	369
18	37	28	325
18	37	28	325
18	37	28	284
18	37	28	284
18	37	28	238
18	37	28	238
18	37	28	185
18	37	28	185
18	37	28	185
18	37	28	146
18	37	28	146
18	37	28	122
18	37	28	122
18	37	28	118
18	37	28	133
18	37	28	133
18	37	28	157
18	37	28	157
18	37	28	179
18	37	28	179
18	37	28	190
18	37	28	190
18	37	28	192
18	37	28	192
18	37	28	187
18	37	28	187
18	37	28	177
18	37	28	177
18	37	28	177
18	37	28	166
18	37	28	166
18	37	28	159
18	37	28	159
18	37	28	158
18	37	28	158
18	37	28	160
18	37	28	160
18	37	28	166
18	37	28	166
18	37	28	174
18	37	28	174
18	37	28	180
18	37	28	180
18	37	28	187
18	37	28	187
18	37	29	186
18	37	29	186
18	37	29	190
18	37	29	190
18	37	29	192
18	37	29	192
18	37	29	192
18	37	29	192
18	37	29	201
18	37	29	201
18	37	29	240
18	37	29	240
18	37	29	322
18	37	29	322
18	37	29	427
18	37	29	427
18	37	29	512
18	37	29	512
18	37	29	512
18	37	29	512
18	37	29	512
18	37	29	512
18	37	29	512
18	37	29	512
18	37	29	499
18	37	29	499
18	37	29	429
18	37	29	429
18	37	29	365
18	37	29	365
18	37	29	322
18	37	29	322
18	37	29	278
18	37	29	278
18	37	29	230
18	37	29	230
18	37	29	184
18	37	29	184
18	37	29	145
18	37	29	145
18	37	29	128
18	37	29	128
18	37	29	130
18	37	29	130
18	37	29	148
18	37	29	148
18	37	29	172
18	37	29	172
18	37	29	196
18	37	29	196
18	37	29	208
18	37	29	208
18	37	29	210
18	37	29	210
18	37	29	203
18	37	29	203
18	37	29	203
18	37	29	189
18	37	29	189
18	37	29	177
18	37	29	177
18	37	29	173
18	37	29	173
18	37	29	168
18	37	29	168
18	37	29	173
18	37	29	181
18	37	29	181
18	37	29	188
18	37	29	188
18	37	29	195
18	37	29	195
18	37	29	201
18	37	29	201
18	37	29	201
18	37	29	201
18	37	29	199
18	37	29	199
18	37	29	199
18	37	29	196
18	37	29	196
18	37	29	196
18	37	29	196
18	37	29	204
18	37	29	204
18	37	29	245
18	37	29	245
18	37	29	331
18	37	29	331
18	37	29	436
18	37	29	436
18	37	29	512
18	37	29	512
18	37	29	512
18	37	29	512
18	37	29	512
18	37	29	512
18	37	29	512
18	37	29	512
18	37	29	484
18	37	30	484
18	37	30	402
18	37	30	402
18	37	30	344
18	37	30	344
18	37	30	303
18	37	30	303
18	37	30	259
18	37	30	259
18	37	30	212
18	37	30	212
18	37	30	168
18	37	30	168
18	37	30	135
18	37	30	135
18	37	30	119
18	37	30	119
18	37	30	124
18	37	30	124
18	37	30	143
18	37	30	143
18	37	30	166
18	37	30	166
18	37	30	184
18	37	30	184
18	37	30	191
18	37	30	191
18	37	30	190
18	37	30	182
18	37	30	182
18	37	30	174
18	37	30	174
18	37	30	166
18	37	30	166
18	37	30	160
18	37	30	160
18	37	30	159
18	37	30	159
18	37	30	160
18	37	30	160
18	37	30	168
18	37	30	168
18	37	30	173
18	37	30	173
18	37	30	177
18	37	30	177
18	37	30	181
18	37	30	181
18	37	30	182
18	37	30	182
18	37	30	181
18	37	30	181
18	37	30	179
18	37	30	179
18	37	30	179
18	37	30	179
18	37	30	179
18	37	30	187
18	37	30	187
18	37	30	218
18	37	30	218
18	37	30	286
18	37	30	404
18	37	30	404
18	37	30	504
18	37	30	504
18	37	30	512
18	37	30	512
18	37	30	512
18	37	30	512
18	37	30	512
18	37	30	512
18	37	30	474
18	37	30	474
18	37	30	474
18	37	30	401
18	37	30	401
18	37	30	342
18	37	30	342
18	37	30	298
18	37	30	298
18	37	30	257
18	37	30	257
18	37	30	218
18	37	30	218
18	37	30	179
18	37	30	179
18	37	30	150
18	37	30	150
18	37	30	138
18	37	30	138
18	37	30	144
18	37	30	144
18	37	30	161
18	37	30	161
18	37	30	181
18	37	30	181
18	37	30	199
18	37	30	199
18	37	31	207
18	37	31	207
18	37	31	209
18	37	31	209
18	37	31	200
18	37	31	200
18	37	31	189
18	37	31	189
18	37	31	179
18	37	31	179
18	37	31	176
18	37	31	176
18	37	31	174
18	37	31	174
18	37	31	177
18	37	31	177
18	37	31	182
18	37	31	182
18	37	31	188
18	37	31	188
18	37	31	193
18	37	31	193
18	37	31	201
18	37	31	201
18	37	31	203
18	37	31	203
18	37	31	201
18	37	31	201
18	37	31	201
18	37	31	201
18	37	31	201
18	37	31	201
18	37	31	208
18	37	31	208
18	37	31	240
18	37	31	240
18	37	31	314
18	37	31	314
18	37	31	416
18	37	31	416
18	37	31	512
18	37	31	512
18	37	31	512
18	37	31	512
18	37	31	512
18	37	31	512
18	37	31	512
18	37	31	512
18	37	31	452
18	37	31	452
18	37	31	381
18	37	31	381
18	37	31	329
18	37	31	329
18	37	31	329
18	37	31	285
18	37	31	285
18	37	31	248
18	37	31	248
18	37	31	210
18	37	31	171
18	37	31	171
18	37	31	152
18	37	31	152
18	37	31	150
18	37	31	150
18	37	31	163
18	37	31	163
18	37	31	163
18	37	31	181
18	37	31	181
18	37	31	199
18	37	31	199
18	37	31	210
18	37	31	210
18	37	31	210
18	37	31	210
18	37	31	204
18	37	31	204
18	37	31	193
18	37	31	193
18	37	31	179
18	37	31	179
18	37	31	171
18	37	31	171
18	37	31	167
18	37	31	167
18	37	31	168
18	37	31	168
18	37	31	170
18	37	31	170
18	37	31	174
18	37	31	174
18	37	31	182
18	37	31	182
18	37	31	188
18	37	31	188
18	37	31	193
18	37	31	193
18	37	31	195
18	37	32	195
18	37	32	185
18	37	32	185
18	37	32	179
18	37	32	179
18	37	32	182
18	37	32	182
18	37	32	205
18	37	32	205
18	37	32	265
18	37	32	265
18	37	32	364
18	37	32	364
18	37	32	463
18	37	32	463
18	37	32	512
18	37	32	512
18	37	32	512
18	37	32	512
18	37	32	512
18	37	32	512
18	37	32	479
18	37	32	479
18	37	32	411
18	37	32	411
18	37	32	347
18	37	32	347
18	37	32	305
18	37	32	305
18	37	32	266
18	37	32	266
18	37	32	227
18	37	32	227
18	37	32	193
18	37	32	193
18	37	32	163
18	37	32	163
18	37	32	149
18	37	32	149
18	37	32	149
18	37	32	149
18	37	32	171
18	37	32	171
18	37	32	190
18	37	32	190
18	37	32	190
18	37	32	203
18	37	32	203
18	37	32	208
18	37	32	208
18	37	32	208
18	37	32	208
18	37	32	204
18	37	32	204
18	37	32	196
18	37	32	185
18	37	32	185
18	37	32	179
18	37	32	179
18	37	32	176
18	37	32	176
18	37	32	180
18	37	32	180
18	37	32	180
18	37	32	185
18	37	32	185
18	37	32	188
18	37	32	188
18	37	32	194
18	37	32	194
18	37	32	197
18	37	32	197
18	37	32	198
18	37	32	198
18	37	32	199
18	37	32	199
18	37	32	199
18	37	32	199
18	37	32	201
18	37	32	201
18	37	32	207
18	37	32	207
18	37	32	237
18	37	32	237
18	37	32	302
18	37	32	302
18	37	32	397
18	37	32	397
18	37	32	491
18	37	32	491
18	37	32	512
18	37	32	512
18	37	32	512
18	37	32	512
18	37	32	512
18	37	32	512
18	37	32	492
18	37	32	492
18	37	32	426
18	37	32	426
18	37	33	358
18	37	33	358
18	37	33	319
18	37	33	319
18	37	33	275
18	37	33	275
18	37	33	237
18	37	33	237
18	37	33	201
18	37	33	201
18	37	33	175
18	37	33	175
18	37	33	158
18	37	33	158
18	37	33	158
18	37	33	158
18	37	33	171
18	37	33	171
18	37	33	190
18	37	33	190
18	37	33	205
18	37	33	205
18	37	33	215
18	37	33	215
18	37	33	215
18	37	33	215
18	37	33	204
18	37	33	204
18	37	33	190
18	37	33	190
18	37	33	182
18	37	33	182
18	37	33	180
18	37	33	180
18	37	33	179
18	37	33	179
18	37	33	179
18	37	33	179
18	37	33	182
18	37	33	182
18	37	33	182
18	37	33	185
18	37	33	185
18	37	33	184
18	37	33	184
18	37	33	187
18	37	33	187
18	37	33	190
18	37	33	190
18	37	33	190
18	37	33	190
18	37	33	190
18	37	33	190
18	37	33	190
18	37	33	197
18	37	33	197
18	37	33	197
18	37	33	218
18	37	33	270
18	37	33	270
18	37	33	270
18	37	33	362
18	37	33	362
18	37	33	459
18	37	33	459
18	37	33	512
18	37	33	512
18	37	33	512
18	37	33	512
18	37	33	512
18	37	33	512
18	37	33	461
18	37	33	461
18	37	33	399
18	37	33	399
18	37	33	344
18	37	33	344
18	37	33	306
18	37	33	306
18	37	33	270
18	37	33	270
18	37	33	226
18	37	33	226
18	37	33	190
18	37	33	190
18	37	33	160
18	37	33	160
18	37	33	146
18	37	33	146
18	37	33	149
18	37	33	149
18	37	33	163
18	37	33	163
18	37	33	182
18	37	33	182
18	37	33	196
18	37	33	196
18	37	33	203
18	37	33	203
18	37	33	201
18	37	34	201
18	37	34	199
18	37	34	199
18	37	34	188
18	37	34	188
18	37	34	178
18	37	34	178
18	37	34	171
18	37	34	171
18	37	34	169
18	37	34	169
18	37	34	170
18	37	34	170
18	37	34	175
18	37	34	175
18	37	34	180
18	37	34	180
18	37	34	186
18	37	34	186
18	37	34	190
18	37	34	190
18	37	34	199
18	37	34	199
18	37	34	200
18	37	34	200
18	37	34	199
18	37	34	199
18	37	34	199
18	37	34	199
18	37	34	203
18	37	34	203
18	37	34	222
18	37	34	222
18	37	34	222
18	37	34	274
18	37	34	274
18	37	34	361
18	37	34	361
18	37	34	448
18	37	34	448
18	37	34	512
18	37	34	512
18	37	34	512
18	37	34	512
18	37	34	512
18	37	34	512
18	37	34	465
18	37	34	465
18	37	34	405
18	37	34	405
18	37	34	357
18	37	34	315
18	37	34	315
18	37	34	315
18	37	34	281
18	37	34	281
18	37	34	248
18	37	34	248
18	37	34	210
18	37	34	210
18	37	34	182
18	37	34	182
18	37	34	168
18	37	34	168
18	37	34	174
18	37	34	174
18	37	34	188
18	37	34	188
18	37	34	205
18	37	34	205
18	37	34	218
18	37	34	218
18	37	34	222
18	37	34	222
18	37	34	221
18	37	34	221
18	37	34	212
18	37	34	212
18	37	34	201
18	37	34	201
18	37	34	190
18	37	34	190
18	37	34	184
18	37	34	184
18	37	34	183
18	37	34	183
18	37	34	187
18	37	34	187
18	37	34	191
18	37	34	191
18	37	34	196
18	37	34	196
18	37	34	200
18	37	34	200
18	37	34	203
18	37	34	203
18	37	34	204
18	37	34	204
18	37	34	205
18	37	34	205
18	37	35	205
18	37	35	205
18	37	35	201
18	37	35	201
18	37	35	210
18	37	35	210
18	37	35	244
18	37	35	244
18	37	35	315
18	37	35	315
18	37	35	315
18	37	35	405
18	37	35	485
18	37	35	485
18	37	35	512
18	37	35	512
18	37	35	512
18	37	35	512
18	37	35	485
18	37	35	485
18	37	35	417
18	37	35	417
18	37	35	357
18	37	35	357
18	37	35	357
18	37	35	317
18	37	35	281
18	37	35	281
18	37	35	281
18	37	35	246
18	37	35	246
18	37	35	212
18	37	35	212
18	37	35	182
18	37	35	182
18	37	35	166
18	37	35	166
18	37	35	166
18	37	35	166
18	37	35	176
18	37	35	176
18	37	35	191
18	37	35	191
18	37	35	204
18	37	35	204
18	37	35	209
18	37	35	203
18	37	35	203
18	37	35	203
18	37	35	196
18	37	35	189
18	37	35	189
18	37	35	189
18	37	35	182
18	37	35	182
18	37	35	178
18	37	35	178
18	37	35	177
18	37	35	177
18	37	35	177
18	37	35	177
18	37	35	185
18	37	35	185
18	37	35	192
18	37	35	192
18	37	35	195
18	37	35	195
18	37	35	197
18	37	35	197
18	37	35	199
18	37	35	199
18	37	35	198
18	37	35	198
18	37	35	196
18	37	35	196
18	37	35	193
18	37	35	193
18	37	35	191
18	37	35	191
18	37	35	210
18	37	35	210
18	37	35	262
18	37	35	262
18	37	35	368
18	37	35	368
18	37	35	453
18	37	35	453
18	37	35	512
18	37	35	512
18	37	35	512
18	37	35	512
18	37	35	512
18	37	35	512
18	37	35	485
18	37	35	485
18	37	35	422
18	37	35	422
18	37	35	365
18	37	35	365
18	37	35	328
18	37	36	328
18	37	36	295
18	37	36	295
18	37	36	259
18	37	36	259
18	37	36	259
18	37	36	222
18	37	36	190
18	37	36	190
18	37	36	190
18	37	36	171
18	37	36	168
18	37	36	168
18	37	36	179
18	37	36	179
18	37	36	195
18	37	36	195
18	37	36	210
18	37	36	210
18	37	36	218
18	37	36	218
18	37	36	218
18	37	36	220
18	37	36	220
18	37	36	212
18	37	36	202
18	37	36	202
18	37	36	193
18	37	36	193
18	37	36	193
18	37	36	187
18	37	36	187
18	37	36	185
18	37	36	185
18	37	36	186
18	37	36	186
18	37	36	190
18	37	36	190
18	37	36	194
18	37	36	194
18	37	36	199
18	37	36	199
18	37	36	201
18	37	36	201
18	37	36	204
18	37	36	204
18	37	36	206
18	37	36	206
18	37	36	205
18	37	36	205
18	37	36	205
18	37	36	205
18	37	36	206
18	37	36	206
18	37	36	218
18	37	36	218
18	37	36	259
18	37	36	259
18	37	36	340
18	37	36	340
18	37	36	435
18	37	36	435
18	37	36	512
18	37	36	512
18	37	36	512
18	37	36	512
18	37	36	512
18	37	36	512
18	37	36	504
18	37	36	504
18	37	36	446
18	37	36	446
18	37	36	389
18	37	36	389
18	37	36	350
18	37	36	350
18	37	36	314
18	37	36	314
18	37	36	278
18	37	36	278
18	37	36	231
18	37	36	231
18	37	36	190
18	37	36	190
18	37	36	162
18	37	36	162
18	37	36	149
18	37	36	149
18	37	36	152
18	37	36	152
18	37	36	168
18	37	36	168
18	37	36	184
18	37	36	184
18	37	36	198
18	37	36	198
18	37	36	203
18	37	36	203
18	37	36	200
18	37	36	200
18	37	37	193
18	37	37	193
18	37	37	193
18	37	37	181
18	37	37	181
18	37	37	172
18	37	37	172
18	37	37	167
18	37	37	166
18	37	37	166
18	37	37	171
18	37	37	171
18	37	37	177
18	37	37	177
18	37	37	182
18	37	37	182
18	37	37	187
18	37	37	187
18	37	37	187
18	37	37	188
18	37	37	188
18	37	37	189
18	37	37	189
18	37	37	186
18	37	37	186
18	37	37	186
18	37	37	186
18	37	37	186
18	37	37	186
18	37	37	193
18	37	37	193
18	37	37	218
18	37	37	218
18	37	37	278
18	37	37	278
18	37	37	374
18	37	37	374
18	37	37	466
18	37	37	466
18	37	37	512
18	37	37	512
18	37	37	512
18	37	37	512
18	37	37	512
18	37	37	512
18	37	37	477
18	37	37	477
18	37	37	417
18	37	37	417
18	37	37	362
18	37	37	362
18	37	37	327
18	37	37	327
18	37	37	289
18	37	37	289
18	37	37	248
18	37	37	248
18	37	37	206
18	37	37	206
18	37	37	169
18	37	37	169
18	37	37	152
18	37	37	152
18	37	37	152
18	37	37	152
18	37	37	163
18	37	37	163
18	37	37	184
18	37	37	184
18	37	37	200
18	37	37	200
18	37	37	210
18	37	37	210
18	37	37	210
18	37	37	210
18	37	37	206
18	37	37	206
18	37	37	197
18	37	37	197
18	37	37	188
18	37	37	188
18	37	37	182
18	37	37	182
18	37	37	178
18	37	37	178
18	37	37	178
18	37	37	178
18	37	37	182
18	37	37	182
18	37	37	188
18	37	37	188
18	37	37	193
18	37	37	193
18	37	37	193
18	37	37	198
18	37	37	200
18	37	37	200
18	37	37	200
18	37	37	202
18	37	37	202
18	37	38	202
18	37	38	202
18	37	38	201
18	37	38	201
18	37	38	200
18	37	38	208
18	37	38	208
18	37	38	241
18	37	38	241
18	37	38	241
18	37	38	311
18	37	38	402
18	37	38	402
18	37	38	402
18	37	38	493
18	37	38	493
18	37	38	512
18	37	38	512
18	37	38	512
18	37	38	512
18	37	38	512
18	37	38	512
18	37	38	455
18	37	38	455
18	37	38	393
18	37	38	393
18	37	38	347
18	37	38	347
18	37	38	307
18	37	38	307
18	37	38	273
18	37	38	273
18	37	38	237
18	37	38	237
18	37	38	199
18	37	38	199
18	37	38	171
18	37	38	171
18	37	38	159
18	37	38	159
18	37	38	166
18	37	38	166
18	37	38	178
18	37	38	178
18	37	38	194
18	37	38	194
18	37	38	204
18	37	38	204
18	37	38	208
18	37	38	208
18	37	38	205
18	37	38	205
18	37	38	198
18	37	38	198
18	37	38	188
18	37	38	188
18	37	38	179
18	37	38	179
18	37	38	174
18	37	38	174
18	37	38	173
18	37	38	173
18	37	38	172
18	37	38	172
18	37	38	177
18	37	38	177
18	37	38	182
18	37	38	182
18	37	38	187
18	37	38	187
18	37	38	189
18	37	38	189
18	37	38	193
18	37	38	193
18	37	38	193
18	37	38	193
18	37	38	191
18	37	38	191
18	37	38	190
18	37	38	190
18	37	38	196
18	37	38	196
18	37	38	231
18	37	38	231
18	37	38	304
18	37	38	304
18	37	38	401
18	37	38	401
18	37	38	493
18	37	38	493
18	37	38	493
18	37	38	512
18	37	38	512
18	37	38	512
18	37	38	512
18	37	38	503
18	37	38	503
18	37	38	440
18	37	38	440
18	37	38	375
18	37	39	375
18	37	39	325
18	37	39	286
18	37	39	286
18	37	39	250
18	37	39	250
18	37	39	250
18	37	39	212
18	37	39	212
18	37	39	177
18	37	39	177
18	37	39	155
18	37	39	155
18	37	39	151
18	37	39	151
18	37	39	161
18	37	39	161
18	37	39	180
18	37	39	180
18	37	39	196
18	37	39	196
18	37	39	212
18	37	39	212
18	37	39	212
18	37	39	212
18	37	39	206
18	37	39	206
18	37	39	196
18	37	39	196
18	37	39	186
18	37	39	186
18	37	39	179
18	37	39	179
18	37	39	176
18	37	39	176
18	37	39	176
18	37	39	176
18	37	39	183
18	37	39	183
18	37	39	188
18	37	39	188
18	37	39	193
18	37	39	193
18	37	39	202
18	37	39	202
18	37	39	204
18	37	39	204
18	37	39	204
18	37	39	204
18	37	39	203
18	37	39	203
18	37	39	201
18	37	39	201
18	37	39	201
18	37	39	201
18	37	39	211
18	37	39	211
18	37	39	245
18	37	39	245
18	37	39	323
18	37	39	323
18	37	39	425
18	37	39	425
18	37	39	512
18	37	39	512
18	37	39	512
18	37	39	512
18	37	39	512
18	37	39	512
18	37	39	512
18	37	39	512
18	37	39	468
18	37	39	468
18	37	39	409
18	37	39	409
18	37	39	362
18	37	39	362
18	37	39	322
18	37	39	322
18	37	39	281
18	37	39	281
18	37	39	232
18	37	39	232
18	37	39	191
18	37	39	191
18	37	39	191
18	37	39	160
18	37	39	160
18	37	39	148
18	37	39	148
18	37	39	155
18	37	39	155
18	37	39	173
18	37	39	173
18	37	39	193
18	37	39	193
18	37	39	207
18	37	39	207
18	37	39	212
18	37	39	212
18	37	40	210
18	37	40	210
18	37	40	201
18	37	40	201
18	37	40	190
18	37	40	190
18	37	40	180
18	37	40	180
18	37	40	175
18	37	40	175
18	37	40	175
18	37	40	175
18	37	40	178
18	37	40	178
18	37	40	184
18	37	40	184
18	37	40	185
18	37	40	185
18	37	40	190
18	37	40	190
18	37	40	195
18	37	40	195
18	37	40	190
18	37	40	190
18	37	40	190
18	37	40	190
18	37	40	190
18	37	40	190
18	37	40	190
18	37	40	190
18	37	40	199
18	37	40	199
18	37	40	229
18	37	40	229
18	37	40	299
18	37	40	299
18	37	40	397
18	37	40	397
18	37	40	495
18	37	40	495
18	37	40	512
18	37	40	512
18	37	40	512
18	37	40	512
18	37	40	512
18	37	40	512
18	37	40	500
18	37	40	500
18	37	40	433
18	37	40	433
18	37	40	369
18	37	40	369
18	37	40	325
18	37	40	325
18	37	40	285
18	37	40	285
18	37	40	242
18	37	40	242
18	37	40	196
18	37	40	196
18	37	40	151
18	37	40	151
18	37	40	151
18	37	40	127
18	37	40	126
18	37	40	126
18	37	40	143
18	37	40	143
18	37	40	165
18	37	40	165
18	37	40	185
18	37	40	185
18	37	40	196
18	37	40	196
18	37	40	199
18	37	40	199
18	37	40	194
18	37	40	194
18	37	40	182
18	37	40	182
18	37	40	173
18	37	40	173
18	37	40	173
18	37	40	171
18	37	40	171
18	37	40	168
18	37	40	168
18	37	40	168
18	37	40	168
18	37	40	173
18	37	40	173
18	37	40	179
18	37	40	179
18	37	40	185
18	37	40	190
18	37	40	190
18	37	40	195
18	37	40	195
18	37	40	195
18	37	40	195
18	37	41	195
18	37	41	194
18	37	41	194
18	37	41	197
18	37	41	197
18	37	41	198
18	37	41	198
18	37	41	211
18	37	41	211
18	37	41	252
18	37	41	252
18	37	41	338
18	37	41	338
18	37	41	443
18	37	41	443
18	37	41	512
18	37	41	512
18	37	41	512
18	37	41	512
18	37	41	512
18	37	41	512
18	37	41	512
18	37	41	512
18	37	41	493
18	37	41	493
18	37	41	426
18	37	41	426
18	37	41	365
18	37	41	365
18	37	41	323
18	37	41	323
18	37	41	281
18	37	41	281
18	37	41	234
18	37	41	234
18	37	41	188
18	37	41	188
18	37	41	152
18	37	41	152
18	37	41	135
18	37	41	135
18	37	41	140
18	37	41	140
18	37	41	159
18	37	41	159
18	37	41	179
18	37	41	179
18	37	41	197
18	37	41	197
18	37	41	207
18	37	41	207
18	37	41	207
18	37	41	207
18	37	41	201
18	37	41	201
18	37	41	190
18	37	41	190
18	37	41	190
18	37	41	182
18	37	41	176
18	37	41	176
18	37	41	177
18	37	41	177
18	37	41	179
18	37	41	179
18	37	41	184
18	37	41	184
18	37	41	190
18	37	41	190
18	37	41	196
18	37	41	196
18	37	41	196
18	37	41	199
18	37	41	200
18	37	41	200
18	37	41	200
18	37	41	200
18	37	41	200
18	37	41	198
18	37	41	198
18	37	41	196
18	37	41	196
18	37	41	198
18	37	41	198
18	37	41	207
18	37	41	207
18	37	41	248
18	37	41	248
18	37	41	334
18	37	41	334
18	37	41	440
18	37	41	440
18	37	41	512
18	37	41	512
18	37	41	512
18	37	41	512
18	37	41	512
18	37	41	512
18	37	41	512
18	37	41	512
18	37	42	466
18	37	42	466
18	37	42	396
18	37	42	396
18	37	42	339
18	37	42	339
18	37	42	295
18	37	42	295
18	37	42	251
18	37	42	251
18	37	42	207
18	37	42	207
18	37	42	166
18	37	42	166
18	37	42	137
18	37	42	137
18	37	42	128
18	37	42	128
18	37	42	136
18	37	42	136
18	37	42	157
18	37	42	157
18	37	42	178
18	37	42	178
18	37	42	192
18	37	42	192
18	37	42	198
18	37	42	198
18	37	42	196
18	37	42	196
18	37	42	188
18	37	42	188
18	37	42	177
18	37	42	177
18	37	42	168
18	37	42	168
18	37	42	163
18	37	42	163
18	37	42	159
18	37	42	159
18	37	42	162
18	37	42	162
18	37	42	168
18	37	42	168
18	37	42	176
18	37	42	176
18	37	42	183
18	37	42	183
18	37	42	189
18	37	42	189
18	37	42	189
18	37	42	191
18	37	42	191
18	37	42	190
18	37	42	190
18	37	42	189
18	37	42	186
18	37	42	186
18	37	42	187
18	37	42	187
18	37	42	196
18	37	42	196
18	37	42	240
18	37	42	240
18	37	42	322
18	37	42	322
18	37	42	322
18	37	42	427
18	37	42	512
18	37	42	512
18	37	42	512
18	37	42	512
18	37	42	512
18	37	42	512
18	37	42	512
18	37	42	512
18	37	42	512
18	37	42	470
18	37	42	470
18	37	42	396
18	37	42	396
18	37	42	339
18	37	42	339
18	37	42	295
18	37	42	295
18	37	42	252
18	37	42	252
18	37	42	211
18	37	42	211
18	37	42	173
18	37	42	173
18	37	42	149
18	37	42	149
18	37	42	146
18	37	42	146
18	37	42	157
18	37	42	157
18	37	42	178
18	37	42	178
18	37	42	197
18	37	43	197
18	37	43	214
18	37	43	214
18	37	43	216
18	37	43	216
18	37	43	210
18	37	43	210
18	37	43	199
18	37	43	199
18	37	43	187
18	37	43	187
18	37	43	181
18	37	43	181
18	37	43	177
18	37	43	177
18	37	43	177
18	37	43	177
18	37	43	181
18	37	43	181
18	37	43	185
18	37	43	185
18	37	43	193
18	37	43	193
18	37	43	201
18	37	43	201
18	37	43	204
18	37	43	204
18	37	43	206
18	37	43	206
18	37	43	204
18	37	43	204
18	37	43	203
18	37	43	203
18	37	43	201
18	37	43	201
18	37	43	205
18	37	43	205
18	37	43	232
18	37	43	232
18	37	43	299
18	37	43	299
18	37	43	299
18	37	43	401
18	37	43	401
18	37	43	512
18	37	43	512
18	37	43	512
18	37	43	512
18	37	43	512
18	37	43	512
18	37	43	512
18	37	43	512
18	37	43	482
18	37	43	482
18	37	43	410
18	37	43	347
18	37	43	347
18	37	43	309
18	37	43	309
18	37	43	309
18	37	43	270
18	37	43	221
18	37	43	221
18	37	43	181
18	37	43	181
18	37	43	181
18	37	43	152
18	37	43	152
18	37	43	139
18	37	43	139
18	37	43	143
18	37	43	143
18	37	43	159
18	37	43	159
18	37	43	178
18	37	43	178
18	37	43	193
18	37	43	193
18	37	43	199
18	37	43	199
18	37	43	199
18	37	43	199
18	37	43	188
18	37	43	188
18	37	43	178
18	37	43	178
18	37	43	168
18	37	43	168
18	37	43	165
18	37	43	165
18	37	43	163
18	37	43	163
18	37	43	164
18	37	43	164
18	37	43	168
18	37	43	168
18	37	43	175
18	37	43	175
18	37	43	182
18	37	43	182
18	37	44	188
18	37	44	188
18	37	44	192
18	37	44	192
18	37	44	191
18	37	44	191
18	37	44	188
18	37	44	188
18	37	44	185
18	37	44	185
18	37	44	187
18	37	44	187
18	37	44	201
18	37	44	201
18	37	44	250
18	37	44	250
18	37	44	342
18	37	44	342
18	37	44	450
18	37	44	450
18	37	44	512
18	37	44	512
18	37	44	512
18	37	44	512
18	37	44	512
18	37	44	512
18	37	44	512
18	37	44	512
18	37	44	465
18	37	44	465
18	37	44	393
18	37	44	393
18	37	44	339
18	37	44	339
18	37	44	339
18	37	44	296
18	37	44	256
18	37	44	256
18	37	44	214
18	37	44	214
18	37	44	214
18	37	44	175
18	37	44	175
18	37	44	146
18	37	44	146
18	37	44	137
18	37	44	137
18	37	44	146
18	37	44	146
18	37	44	163
18	37	44	183
18	37	44	183
18	37	44	200
18	37	44	200
18	37	44	200
18	37	44	207
18	37	44	206
18	37	44	206
18	37	44	206
18	37	44	192
18	37	44	192
18	37	44	183
18	37	44	183
18	37	44	180
18	37	44	180
18	37	44	175
18	37	44	175
18	37	44	176
18	37	44	176
18	37	44	179
18	37	44	179
18	37	44	184
18	37	44	184
18	37	44	192
18	37	44	192
18	37	44	199
18	37	44	199
18	37	44	203
18	37	44	203
18	37	44	204
18	37	44	204
18	37	44	201
18	37	44	201
18	37	44	202
18	37	44	202
18	37	44	203
18	37	44	203
18	37	44	206
18	37	44	206
18	37	44	224
18	37	44	224
18	37	44	278
18	37	44	278
18	37	44	372
18	37	44	372
18	37	44	478
18	37	44	478
18	37	44	512
18	37	44	512
18	37	44	512
18	37	45	512
18	37	45	512
18	37	45	512
18	37	45	512
18	37	45	512
18	37	45	459
18	37	45	459
18	37	45	390
18	37	45	390
18	37	45	339
18	37	45	339
18	37	45	295
18	37	45	295
18	37	45	252
18	37	45	252
18	37	45	210
18	37	45	210
18	37	45	174
18	37	45	174
18	37	45	149
18	37	45	149
18	37	45	140
18	37	45	140
18	37	45	151
18	37	45	151
18	37	45	169
18	37	45	169
18	37	45	189
18	37	45	189
18	37	45	202
18	37	45	202
18	37	45	205
18	37	45	205
18	37	45	201
18	37	45	201
18	37	45	192
18	37	45	192
18	37	45	182
18	37	45	182
18	37	45	174
18	37	45	174
18	37	45	174
18	37	45	164
18	37	45	164
18	37	45	164
18	37	45	166
18	37	45	166
18	37	45	172
18	37	45	172
18	37	45	182
18	37	45	182
18	37	45	188
18	37	45	188
18	37	45	193
18	37	45	193
18	37	45	193
18	37	45	193
18	37	45	193
18	37	45	192
18	37	45	191
18	37	45	191
18	37	45	191
18	37	45	189
18	37	45	189
18	37	45	190
18	37	45	190
18	37	45	211
18	37	45	211
18	37	45	267
18	37	45	267
18	37	45	366
18	37	45	366
18	37	45	468
18	37	45	468
18	37	45	512
18	37	45	512
18	37	45	512
18	37	45	512
18	37	45	512
18	37	45	512
18	37	45	495
18	37	45	495
18	37	45	421
18	37	45	421
18	37	45	354
18	37	45	354
18	37	45	309
18	37	45	309
18	37	45	267
18	37	45	267
18	37	45	227
18	37	45	227
18	37	45	189
18	37	45	189
18	37	45	157
18	37	45	157
18	37	45	141
18	37	45	141
18	37	45	140
18	37	46	140
18	37	46	154
18	37	46	154
18	37	46	179
18	37	46	179
18	37	46	194
18	37	46	194
18	37	46	201
18	37	46	201
18	37	46	200
18	37	46	200
18	37	46	194
18	37	46	194
18	37	46	186
18	37	46	186
18	37	46	180
18	37	46	180
18	37	46	174
18	37	46	174
18	37	46	172
18	37	46	172
18	37	46	172
18	37	46	172
18	37	46	180
18	37	46	180
18	37	46	185
18	37	46	185
18	37	46	191
18	37	46	191
18	37	46	195
18	37	46	195
18	37	46	197
18	37	46	197
18	37	46	199
18	37	46	199
18	37	46	199
18	37	46	199
18	37	46	197
18	37	46	197
18	37	46	197
18	37	46	196
18	37	46	196
18	37	46	200
18	37	46	227
18	37	46	227
18	37	46	290
18	37	46	290
18	37	46	389
18	37	46	389
18	37	46	491
18	37	46	491
18	37	46	512
18	37	46	512
18	37	46	512
18	37	46	512
18	37	46	512
18	37	46	512
18	37	46	512
18	37	46	502
18	37	46	502
18	37	46	426
18	37	46	426
18	37	46	349
18	37	46	349
18	37	46	303
18	37	46	303
18	37	46	260
18	37	46	260
18	37	46	223
18	37	46	223
18	37	46	188
18	37	46	188
18	37	46	165
18	37	46	165
18	37	46	156
18	37	46	156
18	37	46	161
18	37	46	161
18	37	46	177
18	37	46	177
18	37	46	199
18	37	46	199
18	37	46	212
18	37	46	212
18	37	46	218
18	37	46	218
18	37	46	213
18	37	46	213
18	37	46	204
18	37	46	204
18	37	46	193
18	37	46	193
18	37	46	183
18	37	46	183
18	37	46	177
18	37	46	177
18	37	46	174
18	37	46	174
18	37	46	177
18	37	46	177
18	37	47	182
18	37	47	182
18	37	47	188
18	37	47	188
18	37	47	189
18	37	47	189
18	37	47	193
18	37	47	193
18	37	47	195
18	37	47	195
18	37	47	197
18	37	47	197
18	37	47	196
18	37	47	196
18	37	47	194
18	37	47	194
18	37	47	196
18	37	47	196
18	37	47	211
18	37	47	211
18	37	47	262
18	37	47	262
18	37	47	357
18	37	47	357
18	37	47	464
18	37	47	464
18	37	47	512
18	37	47	512
18	37	47	512
18	37	47	512
18	37	47	512
18	37	47	512
18	37	47	512
18	37	47	490
18	37	47	490
18	37	47	419
18	37	47	419
18	37	47	348
18	37	47	348
18	37	47	305
18	37	47	305
18	37	47	264
18	37	47	223
18	37	47	223
18	37	47	190
18	37	47	190
18	37	47	160
18	37	47	160
18	37	47	146
18	37	47	146
18	37	47	146
18	37	47	149
18	37	47	149
18	37	47	164
18	37	47	164
18	37	47	185
18	37	47	185
18	37	47	199
18	37	47	199
18	37	47	205
18	37	47	205
18	37	47	204
18	37	47	204
18	37	47	196
18	37	47	196
18	37	47	185
18	37	47	185
18	37	47	176
18	37	47	176
18	37	47	169
18	37	47	169
18	37	47	166
18	37	47	166
18	37	47	168
18	37	47	168
18	37	47	174
18	37	47	174
18	37	47	183
18	37	47	183
18	37	47	189
18	37	47	189
18	37	47	193
18	37	47	193
18	37	47	198
18	37	47	198
18	37	47	196
18	37	47	196
18	37	47	196
18	37	47	196
18	37	47	194
18	37	47	194
18	37	47	197
18	37	47	197
18	37	47	211
18	37	47	211
18	37	47	256
18	37	47	256
18	37	47	345
18	37	47	345
18	37	47	449
18	37	48	449
18	37	48	512
18	37	48	512
18	37	48	512
18	37	48	512
18	37	48	512
18	37	48	512
18	37	48	512
18	37	48	512
18	37	48	470
18	37	48	470
18	37	48	402
18	37	48	402
18	37	48	352
18	37	48	352
18	37	48	312
18	37	48	312
18	37	48	273
18	37	48	273
18	37	48	232
18	37	48	232
18	37	48	193
18	37	48	193
18	37	48	193
18	37	48	166
18	37	48	155
18	37	48	155
18	37	48	155
18	37	48	163
18	37	48	163
18	37	48	180
18	37	48	180
18	37	48	198
18	37	48	198
18	37	48	210
18	37	48	210
18	37	48	215
18	37	48	212
18	37	48	212
18	37	48	206
18	37	48	206
18	37	48	195
18	37	48	195
18	37	48	195
18	37	48	188
18	37	48	188
18	37	48	183
18	37	48	183
18	37	48	182
18	37	48	182
18	37	48	184
18	37	48	184
18	37	48	188
18	37	48	188
18	37	48	193
18	37	48	193
18	37	48	197
18	37	48	197
18	37	48	201
18	37	48	201
18	37	48	201
18	37	48	201
18	37	48	201
18	37	48	201
18	37	48	198
18	37	48	198
18	37	48	197
18	37	48	197
18	37	48	204
18	37	48	204
18	37	48	232
18	37	48	232
18	37	48	299
18	37	48	299
18	37	48	398
18	37	48	398
18	37	48	496
18	37	48	496
18	37	48	512
18	37	48	512
18	37	48	512
18	37	48	512
18	37	48	512
18	37	48	512
18	37	48	505
18	37	48	505
18	37	48	438
18	37	48	438
18	37	48	376
18	37	48	376
18	37	48	331
18	37	48	331
18	37	48	292
18	37	48	292
18	37	48	250
18	37	48	250
18	37	48	204
18	37	48	204
18	37	48	166
18	37	48	166
18	37	49	141
18	37	49	141
18	37	49	134
18	37	49	134
18	37	49	148
18	37	49	148
18	37	49	170
18	37	49	170
18	37	49	189
18	37	49	189
18	37	49	201
18	37	49	201
18	37	49	203
18	37	49	203
18	37	49	197
18	37	49	197
18	37	49	188
18	37	49	188
18	37	49	179
18	37	49	179
18	37	49	179
18	37	49	171
18	37	49	171
18	37	49	166
18	37	49	166
18	37	49	166
18	37	49	166
18	37	49	170
18	37	49	170
18	37	49	177
18	37	49	177
18	37	49	182
18	37	49	182
18	37	49	185
18	37	49	185
18	37	49	186
18	37	49	189
18	37	49	189
18	37	49	188
18	37	49	188
18	37	49	188
18	37	49	183
18	37	49	183
18	37	49	192
18	37	49	192
18	37	49	212
18	37	49	212
18	37	49	261
18	37	49	261
18	37	49	351
18	37	49	351
18	37	49	453
18	37	49	453
18	37	49	512
18	37	49	512
18	37	49	512
18	37	49	512
18	37	49	512
18	37	49	512
18	37	49	512
18	37	49	512
18	37	49	455
18	37	49	455
18	37	49	388
18	37	49	388
18	37	49	342
18	37	49	342
18	37	49	301
18	37	49	301
18	37	49	256
18	37	49	256
18	37	49	216
18	37	49	216
18	37	49	175
18	37	49	175
18	37	49	152
18	37	49	152
18	37	49	144
18	37	49	144
18	37	49	152
18	37	49	152
18	37	49	176
18	37	49	176
18	37	49	194
18	37	49	194
18	37	49	207
18	37	49	207
18	37	49	211
18	37	49	211
18	37	49	206
18	37	49	206
18	37	49	198
18	37	49	198
18	37	49	187
18	37	49	187
18	37	49	179
18	37	49	179
18	37	49	175
18	37	49	175
18	37	49	174
18	37	50	174
18	37	50	181
18	37	50	181
18	37	50	188
18	37	50	188
18	37	50	193
18	37	50	193
18	37	50	196
18	37	50	196
18	37	50	199
18	37	50	199
18	37	50	199
18	37	50	199
18	37	50	199
18	37	50	199
18	37	50	199
18	37	50	197
18	37	50	197
18	37	50	198
18	37	50	198
18	37	50	203
18	37	50	203
18	37	50	229
18	37	50	229
18	37	50	299
18	37	50	299
18	37	50	395
18	37	50	395
18	37	50	496
18	37	50	496
18	37	50	512
18	37	50	512
18	37	50	512
18	37	50	512
18	37	50	512
18	37	50	512
18	37	50	490
18	37	50	490
18	37	50	423
18	37	50	423
18	37	50	351
18	37	50	351
18	37	50	313
18	37	50	313
18	37	50	274
18	37	50	274
18	37	50	232
18	37	50	232
18	37	50	192
18	37	50	192
18	37	50	159
18	37	50	159
18	37	50	142
18	37	50	142
18	37	50	146
18	37	50	146
18	37	50	162
18	37	50	162
18	37	50	182
18	37	50	182
18	37	50	198
18	37	50	198
18	37	50	201
18	37	50	201
18	37	50	199
18	37	50	199
18	37	50	190
18	37	50	190
18	37	50	182
18	37	50	182
18	37	50	174
18	37	50	174
18	37	50	168
18	37	50	168
18	37	50	168
18	37	50	168
18	37	50	166
18	37	50	166
18	37	50	169
18	37	50	169
18	37	50	176
18	37	50	176
18	37	50	180
18	37	50	180
18	37	50	187
18	37	50	187
18	37	50	188
18	37	50	188
18	37	50	190
18	37	50	190
18	37	50	190
18	37	50	190
18	37	50	190
18	37	50	192
18	37	50	192
18	37	50	197
18	37	50	226
18	37	50	226
18	37	50	298
18	37	50	298
18	37	51	397
18	37	51	397
18	37	51	504
18	37	51	504
18	37	51	512
18	37	51	512
18	37	51	512
18	37	51	512
18	37	51	512
18	37	51	463
18	37	51	463
18	37	51	397
18	37	51	397
18	37	51	397
18	37	51	344
18	37	51	344
18	37	51	303
18	37	51	303
18	37	51	264
18	37	51	264
18	37	51	223
18	37	51	223
18	37	51	182
18	37	51	182
18	37	51	153
18	37	51	153
18	37	51	141
18	37	51	141
18	37	51	148
18	37	51	148
18	37	51	166
18	37	51	166
18	37	51	188
18	37	51	188
18	37	51	202
18	37	51	202
18	37	51	207
18	37	51	207
18	37	51	202
18	37	51	202
18	37	51	195
18	37	51	195
18	37	51	188
18	37	51	188
18	37	51	180
18	37	51	180
18	37	51	176
18	37	51	176
18	37	51	175
18	37	51	175
18	37	51	178
18	37	51	178
18	37	51	183
18	37	51	183
18	37	51	190
18	37	51	190
18	37	51	193
18	37	51	193
18	37	51	195
18	37	51	195
18	37	51	196
18	37	51	196
18	37	51	200
18	37	51	200
18	37	51	201
18	37	51	201
18	37	51	202
18	37	51	202
18	37	51	207
18	37	51	207
18	37	51	232
18	37	51	232
18	37	51	296
18	37	51	296
18	37	51	399
18	37	51	399
18	37	51	503
18	37	51	503
18	37	51	512
18	37	51	512
18	37	51	512
18	37	51	512
18	37	51	512
18	37	51	512
18	37	51	512
18	37	51	512
18	37	51	512
18	37	51	450
18	37	51	450
18	37	51	386
18	37	51	340
18	37	51	340
18	37	51	340
18	37	51	298
18	37	51	254
18	37	51	254
18	37	51	211
18	37	51	211
18	37	51	171
18	37	52	171
18	37	52	139
18	37	52	139
18	37	52	139
18	37	52	135
18	37	52	135
18	37	52	146
18	37	52	146
18	37	52	168
18	37	52	168
18	37	52	188
18	37	52	188
18	37	52	198
18	37	52	198
18	37	52	200
18	37	52	200
18	37	52	195
18	37	52	195
18	37	52	189
18	37	52	189
18	37	52	179
18	37	52	179
18	37	52	168
18	37	52	168
18	37	52	166
18	37	52	166
18	37	52	163
18	37	52	163
18	37	52	172
18	37	52	172
18	37	52	177
18	37	52	177
18	37	52	182
18	37	52	182
18	37	52	186
18	37	52	186
18	37	52	188
18	37	52	188
18	37	52	188
18	37	52	188
18	37	52	187
18	37	52	187
18	37	52	185
18	37	52	185
18	37	52	181
18	37	52	181
18	37	52	185
18	37	52	185
18	37	52	207
18	37	52	207
18	37	52	267
18	37	52	267
18	37	52	365
18	37	52	365
18	37	52	468
18	37	52	468
18	37	52	512
18	37	52	512
18	37	52	512
18	37	52	512
18	37	52	512
18	37	52	512
18	37	52	499
18	37	52	499
18	37	52	434
18	37	52	434
18	37	52	373
18	37	52	373
18	37	52	330
18	37	52	330
18	37	52	292
18	37	52	292
18	37	52	251
18	37	52	251
18	37	52	208
18	37	52	208
18	37	52	166
18	37	52	166
18	37	52	138
18	37	52	138
18	37	52	127
18	37	52	127
18	37	52	127
18	37	52	141
18	37	52	141
18	37	52	161
18	37	52	161
18	37	52	182
18	37	52	182
18	37	52	197
18	37	52	202
18	37	52	202
18	37	52	199
18	37	52	199
18	37	52	191
18	37	52	191
18	37	52	191
18	37	52	181
18	37	52	181
18	37	52	172
18	37	52	172
18	37	53	168
18	37	53	168
18	37	53	171
18	37	53	171
18	37	53	173
18	37	53	173
18	37	53	178
18	37	53	178
18	37	53	185
18	37	53	185
18	37	53	190
18	37	53	190
18	37	53	194
18	37	53	194
18	37	53	196
18	37	53	196
18	37	53	196
18	37	53	196
18	37	53	194
18	37	53	194
18	37	53	193
18	37	53	199
18	37	53	199
18	37	53	199
18	37	53	216
18	37	53	216
18	37	53	262
18	37	53	262
18	37	53	347
18	37	53	347
18	37	53	446
18	37	53	446
18	37	53	512
18	37	53	512
18	37	53	512
18	37	53	512
18	37	53	512
18	37	53	512
18	37	53	512
18	37	53	512
18	37	53	447
18	37	53	447
18	37	53	384
18	37	53	384
18	37	53	340
18	37	53	340
18	37	53	301
18	37	53	301
18	37	53	263
18	37	53	263
18	37	53	226
18	37	53	226
18	37	53	188
18	37	53	188
18	37	53	163
18	37	53	163
18	37	53	155
18	37	53	155
18	37	53	160
18	37	53	160
18	37	53	177
18	37	53	177
18	37	53	195
18	37	53	195
18	37	53	206
18	37	53	206
18	37	53	210
18	37	53	210
18	37	53	207
18	37	53	207
18	37	53	198
18	37	53	198
18	37	53	188
18	37	53	188
18	37	53	181
18	37	53	181
18	37	53	181
18	37	53	176
18	37	53	176
18	37	53	174
18	37	53	174
18	37	53	177
18	37	53	177
18	37	53	181
18	37	53	181
18	37	53	187
18	37	53	192
18	37	53	192
18	37	53	197
18	37	53	197
18	37	53	197
18	37	53	199
18	37	53	199
18	37	53	200
18	37	53	200
18	37	53	198
18	37	53	198
18	37	53	196
18	37	53	196
18	37	54	195
18	37	54	195
18	37	54	201
18	37	54	201
18	37	54	230
18	37	54	230
18	37	54	303
18	37	54	303
18	37	54	399
18	37	54	399
18	37	54	489
18	37	54	489
18	37	54	512
18	37	54	512
18	37	54	512
18	37	54	512
18	37	54	501
18	37	54	501
18	37	54	439
18	37	54	439
18	37	54	369
18	37	54	369
18	37	54	323
18	37	54	323
18	37	54	288
18	37	54	288
18	37	54	252
18	37	54	252
18	37	54	216
18	37	54	216
18	37	54	182
18	37	54	182
18	37	54	158
18	37	54	158
18	37	54	149
18	37	54	149
18	37	54	155
18	37	54	155
18	37	54	171
18	37	54	171
18	37	54	186
18	37	54	186
18	37	54	198
18	37	54	198
18	37	54	200
18	37	54	200
18	37	54	195
18	37	54	195
18	37	54	187
18	37	54	187
18	37	54	179
18	37	54	179
18	37	54	172
18	37	54	172
18	37	54	170
18	37	54	170
18	37	54	171
18	37	54	171
18	37	54	174
18	37	54	174
18	37	54	175
18	37	54	175
18	37	54	186
18	37	54	186
18	37	54	192
18	37	54	192
18	37	54	196
18	37	54	196
18	37	54	196
18	37	54	199
18	37	54	201
18	37	54	201
18	37	54	201
18	37	54	198
18	37	54	198
18	37	54	199
18	37	54	199
18	37	54	202
18	37	54	202
18	37	54	215
18	37	54	215
18	37	54	258
18	37	54	341
18	37	54	341
18	37	54	451
18	37	54	451
18	37	54	451
18	37	54	512
18	37	54	512
18	37	54	512
18	37	54	512
18	37	54	512
18	37	54	512
18	37	54	474
18	37	54	474
18	37	54	410
18	37	54	410
18	37	54	357
18	37	54	357
18	37	54	314
18	37	55	314
18	37	55	277
18	37	55	277
18	37	55	241
18	37	55	241
18	37	55	208
18	37	55	208
18	37	55	182
18	37	55	182
18	37	55	167
18	37	55	167
18	37	55	170
18	37	55	170
18	37	55	182
18	37	55	182
18	37	55	200
18	37	55	200
18	37	55	215
18	37	55	215
18	37	55	223
18	37	55	223
18	37	55	223
18	37	55	223
18	37	55	214
18	37	55	214
18	37	55	203
18	37	55	203
18	37	55	193
18	37	55	193
18	37	55	185
18	37	55	185
18	37	55	180
18	37	55	180
18	37	55	180
18	37	55	180
18	37	55	183
18	37	55	183
18	37	55	189
18	37	55	189
18	37	55	193
18	37	55	193
18	37	55	199
18	37	55	199
18	37	55	201
18	37	55	201
18	37	55	203
18	37	55	203
18	37	55	204
18	37	55	204
18	37	55	206
18	37	55	206
18	37	55	206
18	37	55	206
18	37	55	210
18	37	55	210
18	37	55	229
18	37	55	229
18	37	55	282
18	37	55	282
18	37	55	371
18	37	55	371
18	37	55	371
18	37	55	469
18	37	55	512
18	37	55	512
18	37	55	512
18	37	55	512
18	37	55	512
18	37	55	512
18	37	55	512
18	37	55	470
18	37	55	470
18	37	55	407
18	37	55	407
18	37	55	351
18	37	55	351
18	37	55	313
18	37	55	313
18	37	55	280
18	37	55	280
18	37	55	245
18	37	55	245
18	37	55	207
18	37	55	207
18	37	55	182
18	37	55	182
18	37	55	166
18	37	55	166
18	37	55	164
18	37	55	164
18	37	55	174
18	37	55	174
18	37	55	187
18	37	55	187
18	37	55	200
18	37	55	200
18	37	55	207
18	37	55	207
18	37	55	205
18	37	55	205
18	37	56	199
18	37	56	199
18	37	56	186
18	37	56	186
18	37	56	178
18	37	56	178
18	37	56	172
18	37	56	172
18	37	56	169
18	37	56	169
18	37	56	170
18	37	56	170
18	37	56	171
18	37	56	171
18	37	56	179
18	37	56	179
18	37	56	183
18	37	56	183
18	37	56	188
18	37	56	188
18	37	56	191
18	37	56	191
18	37	56	193
18	37	56	193
18	37	56	194
18	37	56	194
18	37	56	193
18	37	56	193
18	37	56	191
18	37	56	191
18	37	56	195
18	37	56	195
18	37	56	210
18	37	56	210
18	37	56	259
18	37	56	259
18	37	56	346
18	37	56	346
18	37	56	440
18	37	56	440
18	37	56	512
18	37	56	512
18	37	56	512
18	37	56	512
18	37	56	512
18	37	56	512
18	37	56	482
18	37	56	482
18	37	56	419
18	37	56	419
18	37	56	360
18	37	56	360
18	37	56	322
18	37	56	322
18	37	56	288
18	37	56	288
18	37	56	254
18	37	56	254
18	37	56	254
18	37	56	221
18	37	56	190
18	37	56	190
18	37	56	190
18	37	56	173
18	37	56	173
18	37	56	168
18	37	56	168
18	37	56	177
18	37	56	177
18	37	56	192
18	37	56	192
18	37	56	207
18	37	56	207
18	37	56	214
18	37	56	214
18	37	56	215
18	37	56	210
18	37	56	210
18	37	56	210
18	37	56	203
18	37	56	203
18	37	56	194
18	37	56	194
18	37	56	189
18	37	56	189
18	37	56	185
18	37	56	185
18	37	56	184
18	37	56	184
18	37	56	185
18	37	56	185
18	37	56	190
18	37	56	190
18	37	56	196
18	37	56	196
18	37	56	200
18	37	56	200
18	37	56	204
18	37	56	204
18	37	56	205
18	37	57	205
18	37	57	204
18	37	57	204
18	37	57	202
18	37	57	202
18	37	57	201
18	37	57	201
18	37	57	204
18	37	57	204
18	37	57	217
18	37	57	217
18	37	57	258
18	37	57	258
18	37	57	338
18	37	57	338
18	37	57	433
18	37	57	433
18	37	57	512
18	37	57	512
18	37	57	512
18	37	57	512
18	37	57	512
18	37	57	512
18	37	57	497
18	37	57	497
18	37	57	431
18	37	57	431
18	37	57	369
18	37	57	369
18	37	57	325
18	37	57	325
18	37	57	288
18	37	57	288
18	37	57	254
18	37	57	254
18	37	57	254
18	37	57	219
18	37	57	219
18	37	57	192
18	37	57	192
18	37	57	174
18	37	57	174
18	37	57	167
18	37	57	177
18	37	57	177
18	37	57	194
18	37	57	194
18	37	57	208
18	37	57	208
18	37	57	215
18	37	57	215
18	37	57	215
18	37	57	215
18	37	57	215
18	37	57	210
18	37	57	210
18	37	57	199
18	37	57	199
18	37	57	190
18	37	57	190
18	37	57	182
18	37	57	182
18	37	57	179
18	37	57	179
18	37	57	176
18	37	57	176
18	37	57	179
18	37	57	179
18	37	57	184
18	37	57	184
18	37	57	188
18	37	57	188
18	37	57	190
18	37	57	190
18	37	57	193
18	37	57	193
18	37	57	196
18	37	57	196
18	37	57	196
18	37	57	196
18	37	57	193
18	37	57	193
18	37	57	193
18	37	57	193
18	37	57	201
18	37	57	201
18	37	57	232
18	37	57	232
18	37	57	305
18	37	57	305
18	37	57	401
18	37	57	401
18	37	57	493
18	37	57	493
18	37	57	512
18	37	57	512
18	37	57	512
18	37	57	512
18	37	57	501
18	37	57	501
18	37	58	431
18	37	58	431
18	37	58	364
18	37	58	364
18	37	58	317
18	37	58	317
18	37	58	275
18	37	58	275
18	37	58	238
18	37	58	238
18	37	58	207
18	37	58	207
18	37	58	178
18	37	58	178
18	37	58	160
18	37	58	160
18	37	58	160
18	37	58	160
18	37	58	171
18	37	58	171
18	37	58	189
18	37	58	189
18	37	58	212
18	37	58	212
18	37	58	219
18	37	58	219
18	37	58	218
18	37	58	218
18	37	58	210
18	37	58	210
18	37	58	210
18	37	58	201
18	37	58	201
18	37	58	189
18	37	58	189
18	37	58	182
18	37	58	182
18	37	58	176
18	37	58	176
18	37	58	176
18	37	58	182
18	37	58	182
18	37	58	192
18	37	58	192
18	37	58	198
18	37	58	198
18	37	58	198
18	37	58	202
18	37	58	202
18	37	58	205
18	37	58	207
18	37	58	207
18	37	58	207
18	37	58	205
18	37	58	205
18	37	58	203
18	37	58	203
18	37	58	202
18	37	58	202
18	37	58	210
18	37	58	210
18	37	58	245
18	37	58	245
18	37	58	333
18	37	58	333
18	37	58	437
18	37	58	437
18	37	58	512
18	37	58	512
18	37	58	512
18	37	58	512
18	37	58	512
18	37	58	512
18	37	58	512
18	37	58	512
18	37	58	473
18	37	58	473
18	37	58	405
18	37	58	405
18	37	58	347
18	37	58	347
18	37	58	300
18	37	58	300
18	37	58	260
18	37	58	260
18	37	58	223
18	37	58	223
18	37	58	190
18	37	58	190
18	37	58	166
18	37	58	166
18	37	58	160
18	37	58	160
18	37	58	168
18	37	58	168
18	37	58	186
18	37	58	186
18	37	58	203
18	37	58	203
18	37	58	213
18	37	59	213
18	37	59	220
18	37	59	220
18	37	59	217
18	37	59	217
18	37	59	207
18	37	59	207
18	37	59	193
18	37	59	193
18	37	59	182
18	37	59	182
18	37	59	177
18	37	59	177
18	37	59	175
18	37	59	175
18	37	59	177
18	37	59	177
18	37	59	185
18	37	59	185
18	37	59	191
18	37	59	191
18	37	59	199
18	37	59	199
18	37	59	197
18	37	59	197
18	37	59	198
18	37	59	198
18	37	59	196
18	37	59	196
18	37	59	196
18	37	59	193
18	37	59	193
18	37	59	193
18	37	59	193
18	37	59	196
18	37	59	219
18	37	59	219
18	37	59	283
18	37	59	283
18	37	59	383
18	37	59	383
18	37	59	496
18	37	59	496
18	37	59	512
18	37	59	512
18	37	59	512
18	37	59	512
18	37	59	512
18	37	59	512
18	37	59	512
18	37	59	512
18	37	59	512
18	37	59	457
18	37	59	457
18	37	59	390
18	37	59	390
18	37	59	337
18	37	59	337
18	37	59	295
18	37	59	295
18	37	59	250
18	37	59	250
18	37	59	198
18	37	59	198
18	37	59	160
18	37	59	160
18	37	59	133
18	37	59	133
18	37	59	130
18	37	59	130
18	37	59	145
18	37	59	145
18	37	59	167
18	37	59	167
18	37	59	188
18	37	59	188
18	37	59	199
18	37	59	199
18	37	59	202
18	37	59	202
18	37	59	196
18	37	59	196
18	37	59	187
18	37	59	187
18	37	59	178
18	37	59	178
18	37	59	169
18	37	59	169
18	37	59	165
18	37	59	165
18	37	59	166
18	37	59	166
18	37	59	172
18	37	59	172
18	37	59	177
18	37	59	177
18	37	59	181
18	37	59	181
18	37	59	185
18	37	59	185
18	38	0	188
18	38	0	188
18	38	0	187
18	38	0	187
18	38	0	192
18	38	0	192
18	38	0	189
18	38	0	189
18	38	0	196
18	38	0	196
18	38	0	209
18	38	0	209
18	38	0	249
18	38	0	249
18	38	0	332
18	38	0	332
18	38	0	435
18	38	0	435
18	38	0	512
18	38	0	512
18	38	0	512
18	38	0	512
18	38	0	512
18	38	0	512
18	38	0	512
18	38	0	512
18	38	0	512
18	38	0	490
18	38	0	490
18	38	0	421
18	38	0	421
18	38	0	358
18	38	0	312
18	38	0	312
18	38	0	268
18	38	0	268
18	38	0	268
18	38	0	225
18	38	0	184
18	38	0	184
18	38	0	184
18	38	0	153
18	38	0	153
18	38	0	142
18	38	0	142
18	38	0	149
18	38	0	149
18	38	0	168
18	38	0	168
18	38	0	189
18	38	0	189
18	38	0	206
18	38	0	206
18	38	0	211
18	38	0	211
18	38	0	210
18	38	0	210
18	38	0	202
18	38	0	202
18	38	0	192
18	38	0	192
18	38	0	182
18	38	0	182
18	38	0	174
18	38	0	174
18	38	0	173
18	38	0	173
18	38	0	179
18	38	0	179
18	38	0	182
18	38	0	182
18	38	0	190
18	38	0	190
18	38	0	197
18	38	0	197
18	38	0	200
18	38	0	200
18	38	0	201
18	38	0	201
18	38	0	199
18	38	0	199
18	38	0	198
18	38	0	198
18	38	0	196
18	38	0	196
18	38	0	201
18	38	0	201
18	38	0	223
18	38	0	223
18	38	0	283
18	38	0	283
18	38	0	380
18	38	0	380
18	38	0	487
18	38	0	487
18	38	0	487
18	38	0	512
18	38	0	512
18	38	0	512
18	38	0	512
18	38	1	512
18	38	1	512
18	38	1	441
18	38	1	441
18	38	1	369
18	38	1	369
18	38	1	322
18	38	1	322
18	38	1	276
18	38	1	276
18	38	1	233
18	38	1	233
18	38	1	233
18	38	1	191
18	38	1	191
18	38	1	156
18	38	1	137
18	38	1	137
18	38	1	137
18	38	1	135
18	38	1	135
18	38	1	147
18	38	1	147
18	38	1	169
18	38	1	169
18	38	1	186
18	38	1	186
18	38	1	196
18	38	1	196
18	38	1	196
18	38	1	196
18	38	1	193
18	38	1	193
18	38	1	184
18	38	1	184
18	38	1	174
18	38	1	174
18	38	1	168
18	38	1	168
18	38	1	164
18	38	1	164
18	38	1	164
18	38	1	164
18	38	1	167
18	38	1	167
18	38	1	173
18	38	1	173
18	38	1	179
18	38	1	179
18	38	1	182
18	38	1	182
18	38	1	185
18	38	1	185
18	38	1	187
18	38	1	187
18	38	1	185
18	38	1	185
18	38	1	182
18	38	1	182
18	38	1	182
18	38	1	182
18	38	1	193
18	38	1	193
18	38	1	232
18	38	1	232
18	38	1	310
18	38	1	310
18	38	1	415
18	38	1	415
18	38	1	512
18	38	1	512
18	38	1	512
18	38	1	512
18	38	1	512
18	38	1	512
18	38	1	512
18	38	1	512
18	38	1	458
18	38	1	458
18	38	1	384
18	38	1	384
18	38	1	329
18	38	1	329
18	38	1	285
18	38	1	285
18	38	1	245
18	38	1	245
18	38	1	207
18	38	1	207
18	38	1	169
18	38	1	169
18	38	1	142
18	38	1	142
18	38	1	138
18	38	1	138
18	38	1	151
18	38	1	151
18	38	1	171
18	38	1	171
18	38	2	193
18	38	2	210
18	38	2	210
18	38	2	214
18	38	2	214
18	38	2	211
18	38	2	211
18	38	2	201
18	38	2	201
18	38	2	190
18	38	2	190
18	38	2	190
18	38	2	181
18	38	2	181
18	38	2	176
18	38	2	176
18	38	2	175
18	38	2	175
18	38	2	178
18	38	2	178
18	38	2	182
18	38	2	182
18	38	2	192
18	38	2	192
18	38	2	199
18	38	2	203
18	38	2	203
18	38	2	203
18	38	2	205
18	38	2	205
18	38	2	204
18	38	2	204
18	38	2	201
18	38	2	201
18	38	2	201
18	38	2	201
18	38	2	210
18	38	2	210
18	38	2	242
18	38	2	242
18	38	2	318
18	38	2	318
18	38	2	433
18	38	2	433
18	38	2	512
18	38	2	512
18	38	2	512
18	38	2	512
18	38	2	512
18	38	2	512
18	38	2	512
18	38	2	512
18	38	2	464
18	38	2	464
18	38	2	397
18	38	2	397
18	38	2	346
18	38	2	346
18	38	2	303
18	38	2	303
18	38	2	261
18	38	2	261
18	38	2	224
18	38	2	224
18	38	2	189
18	38	2	189
18	38	2	163
18	38	2	163
18	38	2	152
18	38	2	152
18	38	2	160
18	38	2	160
18	38	2	177
18	38	2	177
18	38	2	194
18	38	2	194
18	38	2	207
18	38	2	207
18	38	2	212
18	38	2	212
18	38	2	206
18	38	2	206
18	38	2	199
18	38	2	199
18	38	2	199
18	38	2	189
18	38	2	181
18	38	2	181
18	38	2	181
18	38	2	175
18	38	2	174
18	38	2	174
18	38	2	177
18	38	2	177
18	38	2	179
18	38	2	179
18	38	2	182
18	38	2	182
18	38	2	188
18	38	3	188
18	38	3	193
18	38	3	193
18	38	3	193
18	38	3	190
18	38	3	189
18	38	3	189
18	38	3	189
18	38	3	190
18	38	3	190
18	38	3	188
18	38	3	188
18	38	3	193
18	38	3	193
18	38	3	216
18	38	3	216
18	38	3	276
18	38	3	276
18	38	3	368
18	38	3	368
18	38	3	473
18	38	3	473
18	38	3	512
18	38	3	512
18	38	3	512
18	38	3	512
18	38	3	512
18	38	3	512
18	38	3	479
18	38	3	479
18	38	3	419
18	38	3	419
18	38	3	362
18	38	3	362
18	38	3	325
18	38	3	325
18	38	3	289
18	38	3	289
18	38	3	253
18	38	3	253
18	38	3	212
18	38	3	212
18	38	3	170
18	38	3	170
18	38	3	144
18	38	3	144
18	38	3	136
18	38	3	136
18	38	3	144
18	38	3	144
18	38	3	160
18	38	3	160
18	38	3	177
18	38	3	177
18	38	3	189
18	38	3	189
18	38	3	193
18	38	3	193
18	38	3	193
18	38	3	193
18	38	3	186
18	38	3	186
18	38	3	184
18	38	3	184
18	38	3	177
18	38	3	177
18	38	3	171
18	38	3	171
18	38	3	169
18	38	3	169
18	38	3	171
18	38	3	171
18	38	3	175
18	38	3	175
18	38	3	181
18	38	3	181
18	38	3	185
18	38	3	185
18	38	3	189
18	38	3	189
18	38	3	190
18	38	3	190
18	38	3	190
18	38	3	194
18	38	3	194
18	38	3	193
18	38	3	193
18	38	3	193
18	38	3	201
18	38	3	201
18	38	3	226
18	38	3	226
18	38	3	287
18	38	3	287
18	38	3	380
18	38	3	380
18	38	3	471
18	38	3	471
18	38	3	512
18	38	3	512
18	38	4	512
18	38	4	512
18	38	4	512
18	38	4	512
18	38	4	512
18	38	4	468
18	38	4	468
18	38	4	412
18	38	4	412
18	38	4	362
18	38	4	362
18	38	4	331
18	38	4	331
18	38	4	297
18	38	4	297
18	38	4	263
18	38	4	263
18	38	4	223
18	38	4	223
18	38	4	187
18	38	4	187
18	38	4	166
18	38	4	166
18	38	4	163
18	38	4	163
18	38	4	171
18	38	4	171
18	38	4	189
18	38	4	189
18	38	4	204
18	38	4	204
18	38	4	214
18	38	4	214
18	38	4	216
18	38	4	216
18	38	4	212
18	38	4	212
18	38	4	205
18	38	4	205
18	38	4	196
18	38	4	196
18	38	4	188
18	38	4	188
18	38	4	182
18	38	4	182
18	38	4	182
18	38	4	182
18	38	4	185
18	38	4	185
18	38	4	188
18	38	4	188
18	38	4	192
18	38	4	192
18	38	4	197
18	38	4	197
18	38	4	200
18	38	4	200
18	38	4	201
18	38	4	201
18	38	4	200
18	38	4	200
18	38	4	193
18	38	4	193
18	38	4	191
18	38	4	191
18	38	4	196
18	38	4	196
18	38	4	218
18	38	4	218
18	38	4	272
18	38	4	272
18	38	4	361
18	38	4	361
18	38	4	449
18	38	4	449
18	38	4	512
18	38	4	512
18	38	4	512
18	38	4	512
18	38	4	512
18	38	4	506
18	38	4	506
18	38	4	450
18	38	4	450
18	38	4	391
18	38	4	343
18	38	4	343
18	38	4	314
18	38	4	314
18	38	4	284
18	38	4	284
18	38	4	252
18	38	4	252
18	38	4	252
18	38	4	217
18	38	4	217
18	38	4	186
18	38	4	186
18	38	4	166
18	38	4	166
18	38	5	160
18	38	5	160
18	38	5	166
18	38	5	166
18	38	5	179
18	38	5	179
18	38	5	193
18	38	5	193
18	38	5	201
18	38	5	201
18	38	5	201
18	38	5	201
18	38	5	196
18	38	5	196
18	38	5	189
18	38	5	189
18	38	5	179
18	38	5	179
18	38	5	174
18	38	5	174
18	38	5	168
18	38	5	168
18	38	5	168
18	38	5	168
18	38	5	168
18	38	5	168
18	38	5	172
18	38	5	172
18	38	5	179
18	38	5	179
18	38	5	186
18	38	5	186
18	38	5	190
18	38	5	190
18	38	5	193
18	38	5	193
18	38	5	191
18	38	5	191
18	38	5	193
18	38	5	193
18	38	5	193
18	38	5	193
18	38	5	195
18	38	5	195
18	38	5	215
18	38	5	215
18	38	5	263
18	38	5	263
18	38	5	350
18	38	5	350
18	38	5	442
18	38	5	442
18	38	5	509
18	38	5	509
18	38	5	512
18	38	5	512
18	38	5	509
18	38	5	509
18	38	5	456
18	38	5	456
18	38	5	393
18	38	5	393
18	38	5	346
18	38	5	346
18	38	5	310
18	38	5	310
18	38	5	278
18	38	5	278
18	38	5	246
18	38	5	246
18	38	5	215
18	38	5	215
18	38	5	215
18	38	5	188
18	38	5	188
18	38	5	171
18	38	5	171
18	38	5	167
18	38	5	167
18	38	5	178
18	38	5	178
18	38	5	196
18	38	5	215
18	38	5	215
18	38	5	223
18	38	5	223
18	38	5	224
18	38	5	224
18	38	5	215
18	38	5	215
18	38	5	215
18	38	5	210
18	38	5	210
18	38	5	201
18	38	5	201
18	38	5	193
18	38	5	193
18	38	5	188
18	38	5	188
18	38	5	187
18	38	6	187
18	38	6	190
18	38	6	190
18	38	6	198
18	38	6	198
18	38	6	203
18	38	6	203
18	38	6	207
18	38	6	207
18	38	6	209
18	38	6	209
18	38	6	209
18	38	6	209
18	38	6	207
18	38	6	207
18	38	6	209
18	38	6	209
18	38	6	209
18	38	6	209
18	38	6	218
18	38	6	218
18	38	6	256
18	38	6	256
18	38	6	344
18	38	6	344
18	38	6	436
18	38	6	436
18	38	6	512
18	38	6	512
18	38	6	512
18	38	6	512
18	38	6	512
18	38	6	512
18	38	6	487
18	38	6	487
18	38	6	427
18	38	6	427
18	38	6	370
18	38	6	370
18	38	6	333
18	38	6	333
18	38	6	297
18	38	6	297
18	38	6	265
18	38	6	265
18	38	6	229
18	38	6	229
18	38	6	198
18	38	6	198
18	38	6	179
18	38	6	179
18	38	6	177
18	38	6	177
18	38	6	185
18	38	6	185
18	38	6	201
18	38	6	201
18	38	6	215
18	38	6	215
18	38	6	221
18	38	6	221
18	38	6	215
18	38	6	215
18	38	6	207
18	38	6	207
18	38	6	196
18	38	6	196
18	38	6	196
18	38	6	186
18	38	6	186
18	38	6	179
18	38	6	179
18	38	6	176
18	38	6	176
18	38	6	176
18	38	6	176
18	38	6	179
18	38	6	185
18	38	6	185
18	38	6	190
18	38	6	190
18	38	6	194
18	38	6	194
18	38	6	193
18	38	6	193
18	38	6	193
18	38	6	193
18	38	6	193
18	38	6	191
18	38	6	191
18	38	6	190
18	38	6	190
18	38	6	190
18	38	6	190
18	38	6	197
18	38	6	197
18	38	6	221
18	38	6	221
18	38	6	285
18	38	6	285
18	38	7	383
18	38	7	383
18	38	7	490
18	38	7	490
18	38	7	512
18	38	7	512
18	38	7	512
18	38	7	512
18	38	7	512
18	38	7	512
18	38	7	488
18	38	7	488
18	38	7	420
18	38	7	420
18	38	7	364
18	38	7	364
18	38	7	325
18	38	7	325
18	38	7	288
18	38	7	288
18	38	7	248
18	38	7	248
18	38	7	204
18	38	7	204
18	38	7	171
18	38	7	171
18	38	7	147
18	38	7	147
18	38	7	146
18	38	7	146
18	38	7	158
18	38	7	158
18	38	7	174
18	38	7	174
18	38	7	191
18	38	7	191
18	38	7	200
18	38	7	200
18	38	7	201
18	38	7	201
18	38	7	195
18	38	7	195
18	38	7	190
18	38	7	190
18	38	7	183
18	38	7	183
18	38	7	176
18	38	7	176
18	38	7	170
18	38	7	170
18	38	7	171
18	38	7	171
18	38	7	173
18	38	7	173
18	38	7	178
18	38	7	178
18	38	7	185
18	38	7	185
18	38	7	190
18	38	7	190
18	38	7	195
18	38	7	195
18	38	7	195
18	38	7	200
18	38	7	200
18	38	7	200
18	38	7	200
18	38	7	197
18	38	7	193
18	38	7	193
18	38	7	192
18	38	7	192
18	38	7	206
18	38	7	206
18	38	7	258
18	38	7	258
18	38	7	352
18	38	7	352
18	38	7	458
18	38	7	458
18	38	7	512
18	38	7	512
18	38	7	512
18	38	7	512
18	38	7	512
18	38	7	512
18	38	7	512
18	38	7	512
18	38	7	512
18	38	7	496
18	38	7	426
18	38	7	426
18	38	7	426
18	38	7	362
18	38	7	362
18	38	7	320
18	38	7	320
18	38	7	277
18	38	7	277
18	38	7	233
18	38	8	233
18	38	8	190
18	38	8	190
18	38	8	157
18	38	8	157
18	38	8	144
18	38	8	144
18	38	8	150
18	38	8	150
18	38	8	169
18	38	8	169
18	38	8	191
18	38	8	191
18	38	8	207
18	38	8	207
18	38	8	213
18	38	8	213
18	38	8	212
18	38	8	212
18	38	8	204
18	38	8	204
18	38	8	195
18	38	8	195
18	38	8	182
18	38	8	182
18	38	8	176
18	38	8	176
18	38	8	174
18	38	8	174
18	38	8	173
18	38	8	173
18	38	8	177
18	38	8	177
18	38	8	182
18	38	8	182
18	38	8	188
18	38	8	188
18	38	8	194
18	38	8	194
18	38	8	198
18	38	8	198
18	38	8	203
18	38	8	203
18	38	8	202
18	38	8	202
18	38	8	201
18	38	8	201
18	38	8	194
18	38	8	194
18	38	8	192
18	38	8	192
18	38	8	203
18	38	8	203
18	38	8	245
18	38	8	245
18	38	8	328
18	38	8	328
18	38	8	438
18	38	8	438
18	38	8	512
18	38	8	512
18	38	8	512
18	38	8	512
18	38	8	512
18	38	8	512
18	38	8	512
18	38	8	512
18	38	8	489
18	38	8	489
18	38	8	489
18	38	8	414
18	38	8	346
18	38	8	346
18	38	8	300
18	38	8	300
18	38	8	251
18	38	8	251
18	38	8	210
18	38	8	210
18	38	8	176
18	38	8	176
18	38	8	144
18	38	8	144
18	38	8	144
18	38	8	133
18	38	8	133
18	38	8	138
18	38	8	138
18	38	8	154
18	38	8	154
18	38	8	174
18	38	8	174
18	38	8	190
18	38	8	190
18	38	8	199
18	38	8	199
18	38	8	196
18	38	8	196
18	38	8	188
18	38	8	188
18	38	9	179
18	38	9	179
18	38	9	168
18	38	9	168
18	38	9	162
18	38	9	162
18	38	9	161
18	38	9	161
18	38	9	162
18	38	9	162
18	38	9	167
18	38	9	167
18	38	9	173
18	38	9	173
18	38	9	179
18	38	9	179
18	38	9	183
18	38	9	183
18	38	9	185
18	38	9	185
18	38	9	186
18	38	9	186
18	38	9	185
18	38	9	185
18	38	9	188
18	38	9	188
18	38	9	188
18	38	9	188
18	38	9	186
18	38	9	186
18	38	9	192
18	38	9	192
18	38	9	213
18	38	9	213
18	38	9	276
18	38	9	276
18	38	9	377
18	38	9	377
18	38	9	478
18	38	9	478
18	38	9	512
18	38	9	512
18	38	9	512
18	38	9	512
18	38	9	512
18	38	9	512
18	38	9	501
18	38	9	501
18	38	9	427
18	38	9	427
18	38	9	358
18	38	9	358
18	38	9	311
18	38	9	311
18	38	9	269
18	38	9	269
18	38	9	229
18	38	9	229
18	38	9	229
18	38	9	191
18	38	9	159
18	38	9	159
18	38	9	144
18	38	9	144
18	38	9	144
18	38	9	149
18	38	9	149
18	38	9	166
18	38	9	186
18	38	9	186
18	38	9	207
18	38	9	207
18	38	9	213
18	38	9	213
18	38	9	213
18	38	9	213
18	38	9	213
18	38	9	207
18	38	9	207
18	38	9	200
18	38	9	200
18	38	9	189
18	38	9	189
18	38	9	182
18	38	9	182
18	38	9	172
18	38	9	172
18	38	9	173
18	38	9	173
18	38	9	175
18	38	9	175
18	38	9	182
18	38	9	182
18	38	9	191
18	38	9	191
18	38	9	199
18	38	9	199
18	38	9	204
18	38	9	204
18	38	9	209
18	38	10	209
18	38	10	212
18	38	10	212
18	38	10	209
18	38	10	209
18	38	10	205
18	38	10	205
18	38	10	202
18	38	10	202
18	38	10	202
18	38	10	202
18	38	10	218
18	38	10	218
18	38	10	268
18	38	10	268
18	38	10	362
18	38	10	362
18	38	10	463
18	38	10	463
18	38	10	512
18	38	10	512
18	38	10	512
18	38	10	512
18	38	10	512
18	38	10	512
18	38	10	479
18	38	10	479
18	38	10	406
18	38	10	406
18	38	10	342
18	38	10	342
18	38	10	295
18	38	10	295
18	38	10	255
18	38	10	255
18	38	10	223
18	38	10	223
18	38	10	193
18	38	10	193
18	38	10	171
18	38	10	171
18	38	10	157
18	38	10	157
18	38	10	163
18	38	10	163
18	38	10	179
18	38	10	179
18	38	10	196
18	38	10	196
18	38	10	208
18	38	10	208
18	38	10	212
18	38	10	212
18	38	10	210
18	38	10	210
18	38	10	210
18	38	10	201
18	38	10	201
18	38	10	190
18	38	10	190
18	38	10	179
18	38	10	179
18	38	10	173
18	38	10	173
18	38	10	168
18	38	10	169
18	38	10	169
18	38	10	175
18	38	10	175
18	38	10	181
18	38	10	181
18	38	10	188
18	38	10	188
18	38	10	188
18	38	10	194
18	38	10	196
18	38	10	196
18	38	10	196
18	38	10	195
18	38	10	195
18	38	10	195
18	38	10	195
18	38	10	192
18	38	10	192
18	38	10	190
18	38	10	190
18	38	10	190
18	38	10	190
18	38	10	199
18	38	10	199
18	38	10	234
18	38	10	234
18	38	10	312
18	38	10	312
18	38	10	413
18	38	10	413
18	38	10	507
18	38	10	507
18	38	10	512
18	38	10	512
18	38	11	512
18	38	11	512
18	38	11	502
18	38	11	502
18	38	11	431
18	38	11	431
18	38	11	359
18	38	11	359
18	38	11	309
18	38	11	309
18	38	11	267
18	38	11	267
18	38	11	234
18	38	11	234
18	38	11	205
18	38	11	205
18	38	11	180
18	38	11	180
18	38	11	163
18	38	11	163
18	38	11	155
18	38	11	155
18	38	11	168
18	38	11	168
18	38	11	185
18	38	11	185
18	38	11	201
18	38	11	201
18	38	11	211
18	38	11	211
18	38	11	215
18	38	11	215
18	38	11	211
18	38	11	211
18	38	11	201
18	38	11	201
18	38	11	195
18	38	11	195
18	38	11	186
18	38	11	186
18	38	11	179
18	38	11	179
18	38	11	178
18	38	11	178
18	38	11	179
18	38	11	179
18	38	11	184
18	38	11	184
18	38	11	188
18	38	11	188
18	38	11	195
18	38	11	195
18	38	11	195
18	38	11	201
18	38	11	201
18	38	11	205
18	38	11	205
18	38	11	206
18	38	11	206
18	38	11	205
18	38	11	204
18	38	11	204
18	38	11	207
18	38	11	207
18	38	11	207
18	38	11	206
18	38	11	218
18	38	11	218
18	38	11	218
18	38	11	256
18	38	11	256
18	38	11	338
18	38	11	338
18	38	11	438
18	38	11	438
18	38	11	512
18	38	11	512
18	38	11	512
18	38	11	512
18	38	11	512
18	38	11	512
18	38	11	512
18	38	11	512
18	38	11	469
18	38	11	469
18	38	11	399
18	38	11	399
18	38	11	347
18	38	11	347
18	38	11	305
18	38	11	305
18	38	11	268
18	38	11	268
18	38	11	233
18	38	11	233
18	38	11	204
18	38	11	204
18	38	11	177
18	38	11	177
18	38	11	166
18	38	12	166
18	38	12	168
18	38	12	168
18	38	12	184
18	38	12	184
18	38	12	199
18	38	12	199
18	38	12	212
18	38	12	212
18	38	12	218
18	38	12	218
18	38	12	216
18	38	12	216
18	38	12	209
18	38	12	209
18	38	12	198
18	38	12	198
18	38	12	188
18	38	12	188
18	38	12	180
18	38	12	180
18	38	12	177
18	38	12	177
18	38	12	176
18	38	12	176
18	38	12	179
18	38	12	179
18	38	12	186
18	38	12	186
18	38	12	191
18	38	12	191
18	38	12	196
18	38	12	196
18	38	12	200
18	38	12	200
18	38	12	201
18	38	12	201
18	38	12	201
18	38	12	201
18	38	12	199
18	38	12	199
18	38	12	197
18	38	12	197
18	38	12	193
18	38	12	193
18	38	12	202
18	38	12	202
18	38	12	202
18	38	12	240
18	38	12	240
18	38	12	317
18	38	12	317
18	38	12	416
18	38	12	416
18	38	12	512
18	38	12	512
18	38	12	512
18	38	12	512
18	38	12	512
18	38	12	512
18	38	12	512
18	38	12	445
18	38	12	445
18	38	12	377
18	38	12	377
18	38	12	377
18	38	12	325
18	38	12	325
18	38	12	284
18	38	12	284
18	38	12	248
18	38	12	248
18	38	12	216
18	38	12	216
18	38	12	190
18	38	12	190
18	38	12	167
18	38	12	167
18	38	12	157
18	38	12	157
18	38	12	160
18	38	12	160
18	38	12	171
18	38	12	171
18	38	12	185
18	38	12	185
18	38	12	194
18	38	12	194
18	38	12	197
18	38	12	197
18	38	12	195
18	38	12	195
18	38	12	190
18	38	12	190
18	38	12	182
18	38	12	182
18	38	12	174
18	38	12	174
18	38	12	168
18	38	12	168
18	38	13	167
18	38	13	167
18	38	13	173
18	38	13	173
18	38	13	176
18	38	13	176
18	38	13	181
18	38	13	181
18	38	13	186
18	38	13	186
18	38	13	193
18	38	13	195
18	38	13	195
18	38	13	196
18	38	13	196
18	38	13	196
18	38	13	196
18	38	13	194
18	38	13	194
18	38	13	193
18	38	13	193
18	38	13	194
18	38	13	194
18	38	13	212
18	38	13	212
18	38	13	254
18	38	13	254
18	38	13	333
18	38	13	333
18	38	13	432
18	38	13	432
18	38	13	512
18	38	13	512
18	38	13	512
18	38	13	512
18	38	13	512
18	38	13	512
18	38	13	504
18	38	13	504
18	38	13	435
18	38	13	435
18	38	13	368
18	38	13	368
18	38	13	368
18	38	13	322
18	38	13	322
18	38	13	285
18	38	13	285
18	38	13	252
18	38	13	252
18	38	13	221
18	38	13	221
18	38	13	193
18	38	13	193
18	38	13	176
18	38	13	175
18	38	13	175
18	38	13	184
18	38	13	184
18	38	13	184
18	38	13	200
18	38	13	200
18	38	13	219
18	38	13	219
18	38	13	226
18	38	13	226
18	38	13	226
18	38	13	226
18	38	13	220
18	38	13	220
18	38	13	210
18	38	13	210
18	38	13	199
18	38	13	199
18	38	13	190
18	38	13	190
18	38	13	186
18	38	13	186
18	38	13	185
18	38	13	185
18	38	13	188
18	38	13	188
18	38	13	192
18	38	13	192
18	38	13	197
18	38	13	197
18	38	13	203
18	38	13	203
18	38	13	207
18	38	13	207
18	38	13	209
18	38	13	209
18	38	13	204
18	38	13	204
18	38	13	201
18	38	13	201
18	38	13	201
18	38	13	201
18	38	13	204
18	38	14	204
18	38	14	221
18	38	14	221
18	38	14	276
18	38	14	276
18	38	14	366
18	38	14	366
18	38	14	464
18	38	14	464
18	38	14	512
18	38	14	512
18	38	14	512
18	38	14	512
18	38	14	512
18	38	14	512
18	38	14	488
18	38	14	488
18	38	14	419
18	38	14	419
18	38	14	352
18	38	14	352
18	38	14	303
18	38	14	303
18	38	14	269
18	38	14	269
18	38	14	236
18	38	14	236
18	38	14	204
18	38	14	204
18	38	14	179
18	38	14	179
18	38	14	166
18	38	14	166
18	38	14	170
18	38	14	170
18	38	14	182
18	38	14	182
18	38	14	199
18	38	14	199
18	38	14	213
18	38	14	213
18	38	14	215
18	38	14	215
18	38	14	215
18	38	14	211
18	38	14	211
18	38	14	201
18	38	14	201
18	38	14	189
18	38	14	189
18	38	14	179
18	38	14	171
18	38	14	171
18	38	14	171
18	38	14	171
18	38	14	171
18	38	14	171
18	38	14	174
18	38	14	174
18	38	14	177
18	38	14	177
18	38	14	179
18	38	14	179
18	38	14	179
18	38	14	186
18	38	14	186
18	38	14	191
18	38	14	191
18	38	14	195
18	38	14	195
18	38	14	199
18	38	14	199
18	38	14	196
18	38	14	196
18	38	14	195
18	38	14	195
18	38	14	199
18	38	14	199
18	38	14	214
18	38	14	214
18	38	14	260
18	38	14	260
18	38	14	347
18	38	14	347
18	38	14	460
18	38	14	460
18	38	14	512
18	38	14	512
18	38	14	512
18	38	14	512
18	38	14	512
18	38	14	512
18	38	14	512
18	38	14	512
18	38	14	452
18	38	14	452
18	38	14	387
18	38	14	387
18	38	14	337
18	38	14	337
18	38	15	299
18	38	15	299
18	38	15	265
18	38	15	265
18	38	15	227
18	38	15	227
18	38	15	193
18	38	15	193
18	38	15	168
18	38	15	168
18	38	15	157
18	38	15	157
18	38	15	163
18	38	15	163
18	38	15	176
18	38	15	176
18	38	15	193
18	38	15	193
18	38	15	207
18	38	15	207
18	38	15	213
18	38	15	213
18	38	15	213
18	38	15	213
18	38	15	204
18	38	15	204
18	38	15	196
18	38	15	196
18	38	15	183
18	38	15	183
18	38	15	177
18	38	15	177
18	38	15	175
18	38	15	175
18	38	15	179
18	38	15	179
18	38	15	179
18	38	15	186
18	38	15	186
18	38	15	192
18	38	15	192
18	38	15	199
18	38	15	199
18	38	15	207
18	38	15	207
18	38	15	210
18	38	15	209
18	38	15	209
18	38	15	206
18	38	15	206
18	38	15	201
18	38	15	201
18	38	15	201
18	38	15	201
18	38	15	210
18	38	15	210
18	38	15	210
18	38	15	245
18	38	15	245
18	38	15	322
18	38	15	322
18	38	15	424
18	38	15	424
18	38	15	512
18	38	15	512
18	38	15	512
18	38	15	512
18	38	15	512
18	38	15	512
18	38	15	512
18	38	15	512
18	38	15	497
18	38	15	497
18	38	15	427
18	38	15	427
18	38	15	364
18	38	15	364
18	38	15	323
18	38	15	323
18	38	15	281
18	38	15	281
18	38	15	237
18	38	15	237
18	38	15	202
18	38	15	202
18	38	15	173
18	38	15	173
18	38	15	157
18	38	15	157
18	38	15	160
18	38	15	160
18	38	15	174
18	38	15	174
18	38	15	192
18	38	15	192
18	38	15	207
18	38	15	207
18	38	15	215
18	38	15	215
18	38	15	212
18	38	16	212
18	38	16	204
18	38	16	204
18	38	16	190
18	38	16	190
18	38	16	180
18	38	16	180
18	38	16	173
18	38	16	173
18	38	16	167
18	38	16	167
18	38	16	166
18	38	16	166
18	38	16	174
18	38	16	174
18	38	16	180
18	38	16	180
18	38	16	189
18	38	16	189
18	38	16	193
18	38	16	193
18	38	16	197
18	38	16	197
18	38	16	192
18	38	16	192
18	38	16	195
18	38	16	195
18	38	16	194
18	38	16	194
18	38	16	191
18	38	16	191
18	38	16	192
18	38	16	192
18	38	16	192
18	38	16	210
18	38	16	210
18	38	16	265
18	38	16	361
18	38	16	361
18	38	16	361
18	38	16	461
18	38	16	461
18	38	16	512
18	38	16	512
18	38	16	512
18	38	16	512
18	38	16	512
18	38	16	500
18	38	16	500
18	38	16	433
18	38	16	433
18	38	16	433
18	38	16	365
18	38	16	365
18	38	16	318
18	38	16	276
18	38	16	276
18	38	16	236
18	38	16	236
18	38	16	236
18	38	16	198
18	38	16	198
18	38	16	164
18	38	16	164
18	38	16	144
18	38	16	144
18	38	16	141
18	38	16	141
18	38	16	152
18	38	16	152
18	38	16	171
18	38	16	171
18	38	16	189
18	38	16	189
18	38	16	198
18	38	16	198
18	38	16	199
18	38	16	199
18	38	16	196
18	38	16	196
18	38	16	188
18	38	16	188
18	38	16	176
18	38	16	176
18	38	16	172
18	38	16	172
18	38	16	168
18	38	16	168
18	38	16	168
18	38	16	168
18	38	16	173
18	38	16	173
18	38	16	178
18	38	16	178
18	38	16	183
18	38	16	183
18	38	16	188
18	38	16	188
18	38	16	190
18	38	16	190
18	38	17	192
18	38	17	191
18	38	17	191
18	38	17	196
18	38	17	196
18	38	17	195
18	38	17	195
18	38	17	196
18	38	17	196
18	38	17	218
18	38	17	218
18	38	17	276
18	38	17	276
18	38	17	374
18	38	17	374
18	38	17	477
18	38	17	477
18	38	17	512
18	38	17	512
18	38	17	512
18	38	17	512
18	38	17	512
18	38	17	512
18	38	17	499
18	38	17	499
18	38	17	427
18	38	17	427
18	38	17	427
18	38	17	359
18	38	17	359
18	38	17	316
18	38	17	316
18	38	17	277
18	38	17	277
18	38	17	240
18	38	17	240
18	38	17	203
18	38	17	203
18	38	17	172
18	38	17	172
18	38	17	155
18	38	17	163
18	38	17	163
18	38	17	163
18	38	17	181
18	38	17	181
18	38	17	201
18	38	17	216
18	38	17	216
18	38	17	216
18	38	17	222
18	38	17	222
18	38	17	221
18	38	17	221
18	38	17	211
18	38	17	211
18	38	17	200
18	38	17	200
18	38	17	189
18	38	17	189
18	38	17	182
18	38	17	182
18	38	17	179
18	38	17	179
18	38	17	180
18	38	17	180
18	38	17	185
18	38	17	185
18	38	17	190
18	38	17	190
18	38	17	196
18	38	17	196
18	38	17	201
18	38	17	201
18	38	17	204
18	38	17	204
18	38	17	206
18	38	17	206
18	38	17	204
18	38	17	204
18	38	17	203
18	38	17	203
18	38	17	204
18	38	17	204
18	38	17	212
18	38	17	212
18	38	17	252
18	38	17	252
18	38	17	333
18	38	17	333
18	38	17	435
18	38	17	435
18	38	17	512
18	38	17	512
18	38	17	512
18	38	17	512
18	38	17	512
18	38	17	512
18	38	18	512
18	38	18	512
18	38	18	469
18	38	18	399
18	38	18	399
18	38	18	342
18	38	18	342
18	38	18	303
18	38	18	303
18	38	18	265
18	38	18	265
18	38	18	223
18	38	18	223
18	38	18	187
18	38	18	187
18	38	18	157
18	38	18	157
18	38	18	148
18	38	18	148
18	38	18	155
18	38	18	155
18	38	18	169
18	38	18	169
18	38	18	185
18	38	18	185
18	38	18	196
18	38	18	196
18	38	18	201
18	38	18	201
18	38	18	196
18	38	18	196
18	38	18	189
18	38	18	189
18	38	18	189
18	38	18	180
18	38	18	180
18	38	18	171
18	38	18	166
18	38	18	166
18	38	18	168
18	38	18	168
18	38	18	170
18	38	18	170
18	38	18	172
18	38	18	172
18	38	18	177
18	38	18	177
18	38	18	180
18	38	18	180
18	38	18	185
18	38	18	185
18	38	18	185
18	38	18	187
18	38	18	187
18	38	18	188
18	38	18	188
18	38	18	188
18	38	18	188
18	38	18	187
18	38	18	187
18	38	18	188
18	38	18	188
18	38	18	193
18	38	18	193
18	38	18	228
18	38	18	228
18	38	18	303
18	38	18	303
18	38	18	406
18	38	18	406
18	38	18	512
18	38	18	512
18	38	18	512
18	38	18	512
18	38	18	512
18	38	18	512
18	38	18	512
18	38	18	512
18	38	18	512
18	38	18	512
18	38	18	457
18	38	18	457
18	38	18	386
18	38	18	386
18	38	18	333
18	38	18	333
18	38	18	290
18	38	18	290
18	38	18	243
18	38	18	243
18	38	18	199
18	38	18	199
18	38	18	160
18	38	18	160
18	38	18	137
18	38	18	137
18	38	18	133
18	38	18	133
18	38	18	145
18	38	19	145
18	38	19	165
18	38	19	165
18	38	19	191
18	38	19	191
18	38	19	206
18	38	19	206
18	38	19	211
18	38	19	211
18	38	19	207
18	38	19	207
18	38	19	197
18	38	19	197
18	38	19	186
18	38	19	186
18	38	19	177
18	38	19	177
18	38	19	173
18	38	19	173
18	38	19	172
18	38	19	172
18	38	19	174
18	38	19	174
18	38	19	183
18	38	19	183
18	38	19	189
18	38	19	189
18	38	19	196
18	38	19	196
18	38	19	201
18	38	19	201
18	38	19	201
18	38	19	201
18	38	19	201
18	38	19	201
18	38	19	199
18	38	19	199
18	38	19	199
18	38	19	199
18	38	19	195
18	38	19	195
18	38	19	207
18	38	19	207
18	38	19	251
18	38	19	251
18	38	19	351
18	38	19	351
18	38	19	463
18	38	19	463
18	38	19	512
18	38	19	512
18	38	19	512
18	38	19	512
18	38	19	512
18	38	19	512
18	38	19	512
18	38	19	512
18	38	19	512
18	38	19	512
18	38	19	512
18	38	19	444
18	38	19	364
18	38	19	364
18	38	19	318
18	38	19	318
18	38	19	270
18	38	19	270
18	38	19	225
18	38	19	225
18	38	19	186
18	38	19	186
18	38	19	154
18	38	19	154
18	38	19	142
18	38	19	142
18	38	19	146
18	38	19	146
18	38	19	167
18	38	19	167
18	38	19	188
18	38	19	188
18	38	19	188
18	38	19	202
18	38	19	202
18	38	19	207
18	38	19	207
18	38	19	204
18	38	19	204
18	38	19	195
18	38	19	195
18	38	19	185
18	38	19	185
18	38	19	177
18	38	19	177
18	38	19	172
18	38	19	172
18	38	19	168
18	38	19	168
18	38	19	169
18	38	19	174
18	38	20	174
18	38	20	174
18	38	20	180
18	38	20	180
18	38	20	182
18	38	20	182
18	38	20	186
18	38	20	186
18	38	20	188
18	38	20	188
18	38	20	189
18	38	20	189
18	38	20	188
18	38	20	188
18	38	20	188
18	38	20	188
18	38	20	188
18	38	20	188
18	38	20	191
18	38	20	191
18	38	20	210
18	38	20	210
18	38	20	263
18	38	20	263
18	38	20	366
18	38	20	366
18	38	20	470
18	38	20	470
18	38	20	512
18	38	20	512
18	38	20	512
18	38	20	512
18	38	20	512
18	38	20	512
18	38	20	512
18	38	20	512
18	38	20	448
18	38	20	448
18	38	20	377
18	38	20	377
18	38	20	323
18	38	20	323
18	38	20	276
18	38	20	276
18	38	20	232
18	38	20	232
18	38	20	192
18	38	20	192
18	38	20	157
18	38	20	157
18	38	20	135
18	38	20	135
18	38	20	130
18	38	20	130
18	38	20	141
18	38	20	141
18	38	20	160
18	38	20	160
18	38	20	160
18	38	20	181
18	38	20	181
18	38	20	195
18	38	20	195
18	38	20	201
18	38	20	194
18	38	20	194
18	38	20	188
18	38	20	188
18	38	20	178
18	38	20	178
18	38	20	171
18	38	20	171
18	38	20	167
18	38	20	167
18	38	20	167
18	38	20	161
18	38	20	161
18	38	20	163
18	38	20	163
18	38	20	168
18	38	20	168
18	38	20	175
18	38	20	175
18	38	20	182
18	38	20	182
18	38	20	192
18	38	20	192
18	38	20	196
18	38	20	196
18	38	20	196
18	38	20	196
18	38	20	197
18	38	20	197
18	38	20	194
18	38	20	194
18	38	20	195
18	38	20	195
18	38	20	210
18	38	20	210
18	38	20	253
18	38	21	253
18	38	21	342
18	38	21	342
18	38	21	446
18	38	21	446
18	38	21	512
18	38	21	512
18	38	21	512
18	38	21	512
18	38	21	512
18	38	21	512
18	38	21	512
18	38	21	512
18	38	21	442
18	38	21	442
18	38	21	369
18	38	21	369
18	38	21	319
18	38	21	319
18	38	21	276
18	38	21	276
18	38	21	239
18	38	21	239
18	38	21	204
18	38	21	204
18	38	21	174
18	38	21	174
18	38	21	157
18	38	21	157
18	38	21	155
18	38	21	155
18	38	21	171
18	38	21	171
18	38	21	190
18	38	21	190
18	38	21	207
18	38	21	207
18	38	21	218
18	38	21	218
18	38	21	218
18	38	21	218
18	38	21	212
18	38	21	212
18	38	21	200
18	38	21	200
18	38	21	189
18	38	21	189
18	38	21	181
18	38	21	181
18	38	21	181
18	38	21	175
18	38	21	175
18	38	21	174
18	38	21	179
18	38	21	179
18	38	21	179
18	38	21	185
18	38	21	185
18	38	21	190
18	38	21	196
18	38	21	196
18	38	21	201
18	38	21	201
18	38	21	203
18	38	21	203
18	38	21	201
18	38	21	201
18	38	21	200
18	38	21	200
18	38	21	200
18	38	21	197
18	38	21	197
18	38	21	201
18	38	21	201
18	38	21	223
18	38	21	223
18	38	21	282
18	38	21	282
18	38	21	372
18	38	21	372
18	38	21	471
18	38	21	471
18	38	21	512
18	38	21	512
18	38	21	512
18	38	21	512
18	38	21	512
18	38	21	512
18	38	21	471
18	38	21	471
18	38	21	402
18	38	21	402
18	38	21	342
18	38	21	342
18	38	21	302
18	38	21	302
18	38	21	267
18	38	21	267
18	38	21	234
18	38	21	234
18	38	22	201
18	38	22	201
18	38	22	167
18	38	22	167
18	38	22	154
18	38	22	154
18	38	22	155
18	38	22	155
18	38	22	166
18	38	22	166
18	38	22	180
18	38	22	180
18	38	22	190
18	38	22	190
18	38	22	199
18	38	22	199
18	38	22	199
18	38	22	199
18	38	22	195
18	38	22	195
18	38	22	189
18	38	22	189
18	38	22	179
18	38	22	179
18	38	22	171
18	38	22	171
18	38	22	173
18	38	22	173
18	38	22	175
18	38	22	175
18	38	22	176
18	38	22	176
18	38	22	177
18	38	22	177
18	38	22	180
18	38	22	180
18	38	22	184
18	38	22	184
18	38	22	186
18	38	22	186
18	38	22	187
18	38	22	187
18	38	22	187
18	38	22	187
18	38	22	188
18	38	22	188
18	38	22	188
18	38	22	188
18	38	22	192
18	38	22	192
18	38	22	192
18	38	22	210
18	38	22	210
18	38	22	261
18	38	22	261
18	38	22	348
18	38	22	443
18	38	22	443
18	38	22	512
18	38	22	512
18	38	22	512
18	38	22	512
18	38	22	512
18	38	22	512
18	38	22	512
18	38	22	490
18	38	22	490
18	38	22	429
18	38	22	429
18	38	22	367
18	38	22	367
18	38	22	325
18	38	22	325
18	38	22	289
18	38	22	289
18	38	22	256
18	38	22	256
18	38	22	222
18	38	22	222
18	38	22	189
18	38	22	189
18	38	22	166
18	38	22	166
18	38	22	163
18	38	22	163
18	38	22	169
18	38	22	169
18	38	22	183
18	38	22	183
18	38	22	198
18	38	22	198
18	38	22	210
18	38	22	210
18	38	22	214
18	38	22	214
18	38	22	210
18	38	22	210
18	38	22	201
18	38	22	201
18	38	22	192
18	38	23	192
18	38	23	185
18	38	23	185
18	38	23	179
18	38	23	179
18	38	23	180
18	38	23	180
18	38	23	182
18	38	23	182
18	38	23	185
18	38	23	185
18	38	23	190
18	38	23	190
18	38	23	197
18	38	23	197
18	38	23	201
18	38	23	201
18	38	23	202
18	38	23	202
18	38	23	202
18	38	23	202
18	38	23	201
18	38	23	201
18	38	23	203
18	38	23	203
18	38	23	207
18	38	23	207
18	38	23	218
18	38	23	218
18	38	23	257
18	38	23	257
18	38	23	334
18	38	23	334
18	38	23	427
18	38	23	427
18	38	23	512
18	38	23	512
18	38	23	512
18	38	23	512
18	38	23	512
18	38	23	512
18	38	23	512
18	38	23	512
18	38	23	512
18	38	23	452
18	38	23	452
18	38	23	391
18	38	23	391
18	38	23	344
18	38	23	344
18	38	23	306
18	38	23	306
18	38	23	272
18	38	23	237
18	38	23	237
18	38	23	206
18	38	23	206
18	38	23	206
18	38	23	182
18	38	23	182
18	38	23	171
18	38	23	171
18	38	23	172
18	38	23	172
18	38	23	188
18	38	23	188
18	38	23	203
18	38	23	203
18	38	23	213
18	38	23	213
18	38	23	218
18	38	23	218
18	38	23	212
18	38	23	212
18	38	23	204
18	38	23	204
18	38	23	195
18	38	23	195
18	38	23	185
18	38	23	185
18	38	23	179
18	38	23	179
18	38	23	177
18	38	23	177
18	38	23	172
18	38	23	172
18	38	23	174
18	38	23	174
18	38	23	182
18	38	23	182
18	38	23	189
18	38	23	189
18	38	23	193
18	38	23	193
18	38	23	194
18	38	23	194
18	38	23	195
18	38	23	195
18	38	23	193
18	38	23	193
18	38	24	193
18	38	24	193
18	38	24	193
18	38	24	193
18	38	24	201
18	38	24	201
18	38	24	237
18	38	24	237
18	38	24	313
18	38	24	313
18	38	24	408
18	38	24	408
18	38	24	495
18	38	24	495
18	38	24	512
18	38	24	512
18	38	24	512
18	38	24	512
18	38	24	512
18	38	24	502
18	38	24	443
18	38	24	443
18	38	24	374
18	38	24	374
18	38	24	328
18	38	24	328
18	38	24	292
18	38	24	292
18	38	24	258
18	38	24	258
18	38	24	224
18	38	24	224
18	38	24	224
18	38	24	191
18	38	24	168
18	38	24	168
18	38	24	158
18	38	24	158
18	38	24	158
18	38	24	162
18	38	24	162
18	38	24	176
18	38	24	176
18	38	24	193
18	38	24	193
18	38	24	205
18	38	24	205
18	38	24	208
18	38	24	208
18	38	24	201
18	38	24	201
18	38	24	193
18	38	24	187
18	38	24	187
18	38	24	187
18	38	24	180
18	38	24	176
18	38	24	176
18	38	24	176
18	38	24	172
18	38	24	172
18	38	24	173
18	38	24	173
18	38	24	173
18	38	24	173
18	38	24	185
18	38	24	185
18	38	24	191
18	38	24	191
18	38	24	195
18	38	24	195
18	38	24	199
18	38	24	199
18	38	24	200
18	38	24	200
18	38	24	197
18	38	24	197
18	38	24	199
18	38	24	199
18	38	24	204
18	38	24	204
18	38	24	224
18	38	24	224
18	38	24	283
18	38	24	283
18	38	24	389
18	38	24	389
18	38	24	482
18	38	24	482
18	38	24	512
18	38	24	512
18	38	24	512
18	38	24	512
18	38	24	512
18	38	24	512
18	38	24	474
18	38	24	474
18	38	24	408
18	38	24	408
18	38	24	354
18	38	25	354
18	38	25	311
18	38	25	273
18	38	25	273
18	38	25	235
18	38	25	235
18	38	25	202
18	38	25	202
18	38	25	202
18	38	25	178
18	38	25	178
18	38	25	169
18	38	25	176
18	38	25	176
18	38	25	190
18	38	25	190
18	38	25	210
18	38	25	210
18	38	25	221
18	38	25	221
18	38	25	226
18	38	25	226
18	38	25	223
18	38	25	223
18	38	25	213
18	38	25	213
18	38	25	202
18	38	25	202
18	38	25	193
18	38	25	193
18	38	25	187
18	38	25	187
18	38	25	187
18	38	25	184
18	38	25	184
18	38	25	185
18	38	25	185
18	38	25	190
18	38	25	190
18	38	25	196
18	38	25	196
18	38	25	201
18	38	25	201
18	38	25	206
18	38	25	206
18	38	25	204
18	38	25	204
18	38	25	204
18	38	25	204
18	38	25	204
18	38	25	204
18	38	25	204
18	38	25	204
18	38	25	206
18	38	25	206
18	38	25	223
18	38	25	223
18	38	25	274
18	38	25	274
18	38	25	369
18	38	25	369
18	38	25	477
18	38	25	477
18	38	25	512
18	38	25	512
18	38	25	512
18	38	25	512
18	38	25	512
18	38	25	512
18	38	25	512
18	38	25	512
18	38	25	460
18	38	25	460
18	38	25	394
18	38	25	394
18	38	25	346
18	38	25	346
18	38	25	305
18	38	25	305
18	38	25	265
18	38	25	265
18	38	25	224
18	38	25	224
18	38	25	177
18	38	25	177
18	38	25	151
18	38	25	151
18	38	25	143
18	38	25	143
18	38	25	153
18	38	25	153
18	38	25	171
18	38	25	171
18	38	25	190
18	38	25	190
18	38	25	202
18	38	25	202
18	38	25	204
18	38	25	204
18	38	26	200
18	38	26	200
18	38	26	189
18	38	26	189
18	38	26	176
18	38	26	176
18	38	26	169
18	38	26	169
18	38	26	169
18	38	26	165
18	38	26	165
18	38	26	163
18	38	26	167
18	38	26	167
18	38	26	174
18	38	26	174
18	38	26	181
18	38	26	181
18	38	26	185
18	38	26	185
18	38	26	185
18	38	26	188
18	38	26	189
18	38	26	189
18	38	26	190
18	38	26	190
18	38	26	190
18	38	26	188
18	38	26	188
18	38	26	187
18	38	26	187
18	38	26	191
18	38	26	191
18	38	26	213
18	38	26	213
18	38	26	272
18	38	26	272
18	38	26	374
18	38	26	374
18	38	26	482
18	38	26	482
18	38	26	512
18	38	26	512
18	38	26	512
18	38	26	512
18	38	26	512
18	38	26	512
18	38	26	512
18	38	26	512
18	38	26	490
18	38	26	490
18	38	26	418
18	38	26	418
18	38	26	356
18	38	26	356
18	38	26	314
18	38	26	314
18	38	26	267
18	38	26	267
18	38	26	218
18	38	26	218
18	38	26	172
18	38	26	172
18	38	26	142
18	38	26	142
18	38	26	131
18	38	26	131
18	38	26	141
18	38	26	141
18	38	26	162
18	38	26	162
18	38	26	185
18	38	26	185
18	38	26	201
18	38	26	201
18	38	26	207
18	38	26	207
18	38	26	203
18	38	26	203
18	38	26	198
18	38	26	198
18	38	26	188
18	38	26	188
18	38	26	178
18	38	26	178
18	38	26	176
18	38	26	176
18	38	26	173
18	38	26	173
18	38	26	174
18	38	26	174
18	38	26	180
18	38	26	180
18	38	26	187
18	38	26	187
18	38	26	190
18	38	26	190
18	38	26	193
18	38	26	193
18	38	26	195
18	38	27	195
18	38	27	195
18	38	27	196
18	38	27	196
18	38	27	196
18	38	27	197
18	38	27	201
18	38	27	201
18	38	27	220
18	38	27	220
18	38	27	271
18	38	27	271
18	38	27	367
18	38	27	367
18	38	27	473
18	38	27	473
18	38	27	473
18	38	27	512
18	38	27	512
18	38	27	512
18	38	27	512
18	38	27	512
18	38	27	512
18	38	27	512
18	38	27	512
18	38	27	510
18	38	27	510
18	38	27	437
18	38	27	437
18	38	27	372
18	38	27	372
18	38	27	325
18	38	27	325
18	38	27	277
18	38	27	277
18	38	27	227
18	38	27	227
18	38	27	179
18	38	27	179
18	38	27	146
18	38	27	146
18	38	27	133
18	38	27	133
18	38	27	142
18	38	27	142
18	38	27	163
18	38	27	163
18	38	27	185
18	38	27	185
18	38	27	201
18	38	27	201
18	38	27	206
18	38	27	206
18	38	27	204
18	38	27	204
18	38	27	195
18	38	27	195
18	38	27	185
18	38	27	185
18	38	27	177
18	38	27	177
18	38	27	170
18	38	27	170
18	38	27	165
18	38	27	165
18	38	27	168
18	38	27	168
18	38	27	172
18	38	27	172
18	38	27	179
18	38	27	179
18	38	27	182
18	38	27	182
18	38	27	188
18	38	27	188
18	38	27	190
18	38	27	190
18	38	27	189
18	38	27	189
18	38	27	188
18	38	27	188
18	38	27	186
18	38	27	186
18	38	27	188
18	38	27	188
18	38	27	201
18	38	27	201
18	38	27	250
18	38	27	250
18	38	27	344
18	38	27	344
18	38	27	455
18	38	27	455
18	38	27	512
18	38	27	512
18	38	27	512
18	38	27	512
18	38	27	512
18	38	27	512
18	38	28	512
18	38	28	512
18	38	28	512
18	38	28	479
18	38	28	479
18	38	28	405
18	38	28	342
18	38	28	342
18	38	28	342
18	38	28	296
18	38	28	249
18	38	28	249
18	38	28	201
18	38	28	201
18	38	28	160
18	38	28	160
18	38	28	160
18	38	28	132
18	38	28	132
18	38	28	122
18	38	28	122
18	38	28	132
18	38	28	132
18	38	28	152
18	38	28	152
18	38	28	177
18	38	28	177
18	38	28	192
18	38	28	192
18	38	28	196
18	38	28	196
18	38	28	191
18	38	28	191
18	38	28	182
18	38	28	182
18	38	28	170
18	38	28	170
18	38	28	162
18	38	28	162
18	38	28	157
18	38	28	157
18	38	28	156
18	38	28	156
18	38	28	159
18	38	28	159
18	38	28	171
18	38	28	171
18	38	28	178
18	38	28	178
18	38	28	183
18	38	28	183
18	38	28	188
18	38	28	188
18	38	28	189
18	38	28	189
18	38	28	189
18	38	28	189
18	38	28	189
18	38	28	189
18	38	28	188
18	38	28	188
18	38	28	193
18	38	28	193
18	38	28	218
18	38	28	218
18	38	28	298
18	38	28	298
18	38	28	408
18	38	28	408
18	38	28	512
18	38	28	512
18	38	28	512
18	38	28	512
18	38	28	512
18	38	28	512
18	38	28	512
18	38	28	512
18	38	28	512
18	38	28	512
18	38	28	444
18	38	28	444
18	38	28	371
18	38	28	371
18	38	28	319
18	38	28	319
18	38	28	271
18	38	28	271
18	38	28	224
18	38	28	224
18	38	28	183
18	38	28	183
18	38	28	152
18	38	28	152
18	38	28	152
18	38	28	138
18	38	28	138
18	38	28	147
18	38	28	147
18	38	28	168
18	38	28	168
18	38	29	189
18	38	29	205
18	38	29	205
18	38	29	216
18	38	29	216
18	38	29	213
18	38	29	213
18	38	29	203
18	38	29	203
18	38	29	203
18	38	29	193
18	38	29	193
18	38	29	182
18	38	29	182
18	38	29	177
18	38	29	177
18	38	29	173
18	38	29	173
18	38	29	175
18	38	29	175
18	38	29	180
18	38	29	180
18	38	29	186
18	38	29	186
18	38	29	193
18	38	29	193
18	38	29	197
18	38	29	197
18	38	29	199
18	38	29	199
18	38	29	200
18	38	29	200
18	38	29	197
18	38	29	197
18	38	29	195
18	38	29	195
18	38	29	198
18	38	29	198
18	38	29	212
18	38	29	212
18	38	29	259
18	38	29	259
18	38	29	355
18	38	29	355
18	38	29	478
18	38	29	478
18	38	29	512
18	38	29	512
18	38	29	512
18	38	29	512
18	38	29	512
18	38	29	512
18	38	29	512
18	38	29	512
18	38	29	512
18	38	29	512
18	38	29	435
18	38	29	435
18	38	29	361
18	38	29	361
18	38	29	309
18	38	29	309
18	38	29	254
18	38	29	254
18	38	29	192
18	38	29	192
18	38	29	153
18	38	29	153
18	38	29	125
18	38	29	125
18	38	29	123
18	38	29	123
18	38	29	135
18	38	29	135
18	38	29	158
18	38	29	158
18	38	29	182
18	38	29	182
18	38	29	200
18	38	29	200
18	38	29	204
18	38	29	204
18	38	29	200
18	38	29	200
18	38	29	200
18	38	29	185
18	38	29	185
18	38	29	173
18	38	29	173
18	38	29	161
18	38	29	161
18	38	29	155
18	38	29	155
18	38	29	154
18	38	29	154
18	38	29	157
18	38	29	157
18	38	29	162
18	38	29	169
18	38	29	169
18	38	30	169
18	38	30	178
18	38	30	178
18	38	30	182
18	38	30	182
18	38	30	185
18	38	30	185
18	38	30	185
18	38	30	185
18	38	30	182
18	38	30	182
18	38	30	179
18	38	30	179
18	38	30	185
18	38	30	185
18	38	30	206
18	38	30	206
18	38	30	268
18	38	30	268
18	38	30	374
18	38	30	374
18	38	30	492
18	38	30	492
18	38	30	512
18	38	30	512
18	38	30	512
18	38	30	512
18	38	30	512
18	38	30	512
18	38	30	512
18	38	30	512
18	38	30	500
18	38	30	500
18	38	30	419
18	38	30	419
18	38	30	348
18	38	30	348
18	38	30	298
18	38	30	298
18	38	30	245
18	38	30	245
18	38	30	196
18	38	30	196
18	38	30	155
18	38	30	155
18	38	30	127
18	38	30	127
18	38	30	122
18	38	30	122
18	38	30	133
18	38	30	133
18	38	30	155
18	38	30	155
18	38	30	177
18	38	30	177
18	38	30	193
18	38	30	193
18	38	30	201
18	38	30	201
18	38	30	199
18	38	30	199
18	38	30	199
18	38	30	190
18	38	30	178
18	38	30	178
18	38	30	174
18	38	30	174
18	38	30	169
18	38	30	169
18	38	30	167
18	38	30	167
18	38	30	168
18	38	30	168
18	38	30	173
18	38	30	173
18	38	30	179
18	38	30	179
18	38	30	179
18	38	30	184
18	38	30	188
18	38	30	188
18	38	30	190
18	38	30	190
18	38	30	190
18	38	30	192
18	38	30	192
18	38	30	193
18	38	30	193
18	38	30	192
18	38	30	192
18	38	30	198
18	38	30	198
18	38	30	221
18	38	30	286
18	38	30	286
18	38	30	286
18	38	30	395
18	38	30	512
18	38	30	512
18	38	30	512
18	38	31	512
18	38	31	512
18	38	31	512
18	38	31	512
18	38	31	512
18	38	31	512
18	38	31	512
18	38	31	512
18	38	31	512
18	38	31	512
18	38	31	430
18	38	31	430
18	38	31	353
18	38	31	353
18	38	31	299
18	38	31	299
18	38	31	245
18	38	31	245
18	38	31	193
18	38	31	193
18	38	31	154
18	38	31	154
18	38	31	127
18	38	31	127
18	38	31	124
18	38	31	124
18	38	31	141
18	38	31	141
18	38	31	167
18	38	31	167
18	38	31	194
18	38	31	194
18	38	31	210
18	38	31	210
18	38	31	214
18	38	31	214
18	38	31	209
18	38	31	209
18	38	31	198
18	38	31	198
18	38	31	185
18	38	31	185
18	38	31	175
18	38	31	175
18	38	31	165
18	38	31	165
18	38	31	164
18	38	31	164
18	38	31	166
18	38	31	166
18	38	31	171
18	38	31	171
18	38	31	177
18	38	31	177
18	38	31	177
18	38	31	184
18	38	31	190
18	38	31	190
18	38	31	192
18	38	31	192
18	38	31	195
18	38	31	195
18	38	31	193
18	38	31	193
18	38	31	192
18	38	31	192
18	38	31	187
18	38	31	187
18	38	31	200
18	38	31	200
18	38	31	248
18	38	31	248
18	38	31	342
18	38	31	342
18	38	31	342
18	38	31	457
18	38	31	457
18	38	31	512
18	38	31	512
18	38	31	512
18	38	31	512
18	38	31	512
18	38	31	512
18	38	31	512
18	38	31	512
18	38	31	512
18	38	31	512
18	38	31	428
18	38	31	428
18	38	31	348
18	38	31	348
18	38	31	292
18	38	31	292
18	38	31	238
18	38	31	238
18	38	31	194
18	38	31	194
18	38	31	154
18	38	31	154
18	38	31	125
18	38	32	125
18	38	32	115
18	38	32	115
18	38	32	124
18	38	32	124
18	38	32	150
18	38	32	150
18	38	32	174
18	38	32	174
18	38	32	192
18	38	32	192
18	38	32	199
18	38	32	199
18	38	32	195
18	38	32	195
18	38	32	185
18	38	32	185
18	38	32	174
18	38	32	174
18	38	32	164
18	38	32	164
18	38	32	157
18	38	32	157
18	38	32	155
18	38	32	155
18	38	32	160
18	38	32	160
18	38	32	168
18	38	32	168
18	38	32	175
18	38	32	175
18	38	32	182
18	38	32	182
18	38	32	188
18	38	32	188
18	38	32	190
18	38	32	190
18	38	32	190
18	38	32	190
18	38	32	188
18	38	32	188
18	38	32	187
18	38	32	187
18	38	32	187
18	38	32	187
18	38	32	200
18	38	32	200
18	38	32	236
18	38	32	236
18	38	32	236
18	38	32	319
18	38	32	432
18	38	32	432
18	38	32	432
18	38	32	512
18	38	32	512
18	38	32	512
18	38	32	512
18	38	32	512
18	38	32	512
18	38	32	512
18	38	32	512
18	38	32	512
18	38	32	455
18	38	32	455
18	38	32	455
18	38	32	372
18	38	32	314
18	38	32	314
18	38	32	314
18	38	32	259
18	38	32	259
18	38	32	210
18	38	32	210
18	38	32	168
18	38	32	168
18	38	32	140
18	38	32	140
18	38	32	133
18	38	32	133
18	38	32	146
18	38	32	146
18	38	32	170
18	38	32	170
18	38	32	201
18	38	32	201
18	38	32	215
18	38	32	215
18	38	32	220
18	38	32	220
18	38	32	215
18	38	32	215
18	38	32	205
18	38	32	205
18	38	32	193
18	38	32	193
18	38	32	182
18	38	32	182
18	38	32	175
18	38	32	175
18	38	33	174
18	38	33	174
18	38	33	177
18	38	33	177
18	38	33	183
18	38	33	183
18	38	33	190
18	38	33	190
18	38	33	195
18	38	33	195
18	38	33	199
18	38	33	199
18	38	33	199
18	38	33	199
18	38	33	199
18	38	33	199
18	38	33	197
18	38	33	197
18	38	33	196
18	38	33	196
18	38	33	201
18	38	33	201
18	38	33	226
18	38	33	226
18	38	33	292
18	38	33	292
18	38	33	410
18	38	33	410
18	38	33	512
18	38	33	512
18	38	33	512
18	38	33	512
18	38	33	512
18	38	33	512
18	38	33	512
18	38	33	512
18	38	33	512
18	38	33	512
18	38	33	492
18	38	33	492
18	38	33	409
18	38	33	409
18	38	33	341
18	38	33	341
18	38	33	341
18	38	33	280
18	38	33	280
18	38	33	229
18	38	33	229
18	38	33	182
18	38	33	182
18	38	33	145
18	38	33	145
18	38	33	126
18	38	33	130
18	38	33	130
18	38	33	152
18	38	33	152
18	38	33	179
18	38	33	179
18	38	33	179
18	38	33	200
18	38	33	200
18	38	33	210
18	38	33	210
18	38	33	201
18	38	33	201
18	38	33	193
18	38	33	193
18	38	33	180
18	38	33	180
18	38	33	168
18	38	33	168
18	38	33	160
18	38	33	160
18	38	33	157
18	38	33	157
18	38	33	159
18	38	33	159
18	38	33	164
18	38	33	164
18	38	33	170
18	38	33	170
18	38	33	175
18	38	33	175
18	38	33	180
18	38	33	180
18	38	33	185
18	38	33	185
18	38	33	187
18	38	33	187
18	38	33	185
18	38	33	185
18	38	33	185
18	38	33	185
18	38	33	182
18	38	33	182
18	38	33	193
18	38	33	193
18	38	33	232
18	38	34	232
18	38	34	322
18	38	34	322
18	38	34	443
18	38	34	443
18	38	34	512
18	38	34	512
18	38	34	512
18	38	34	512
18	38	34	512
18	38	34	512
18	38	34	512
18	38	34	512
18	38	34	512
18	38	34	512
18	38	34	485
18	38	34	485
18	38	34	399
18	38	34	399
18	38	34	330
18	38	34	330
18	38	34	276
18	38	34	276
18	38	34	220
18	38	34	220
18	38	34	169
18	38	34	169
18	38	34	132
18	38	34	132
18	38	34	114
18	38	34	114
18	38	34	119
18	38	34	119
18	38	34	140
18	38	34	140
18	38	34	166
18	38	34	166
18	38	34	166
18	38	34	187
18	38	34	187
18	38	34	199
18	38	34	200
18	38	34	200
18	38	34	200
18	38	34	194
18	38	34	194
18	38	34	188
18	38	34	188
18	38	34	177
18	38	34	167
18	38	34	167
18	38	34	164
18	38	34	164
18	38	34	164
18	38	34	164
18	38	34	169
18	38	34	169
18	38	34	177
18	38	34	177
18	38	34	177
18	38	34	182
18	38	34	182
18	38	34	187
18	38	34	187
18	38	34	185
18	38	34	185
18	38	34	190
18	38	34	190
18	38	34	192
18	38	34	192
18	38	34	193
18	38	34	193
18	38	34	195
18	38	34	195
18	38	34	211
18	38	34	211
18	38	34	260
18	38	34	260
18	38	34	361
18	38	34	361
18	38	34	483
18	38	34	483
18	38	34	512
18	38	34	512
18	38	34	512
18	38	34	512
18	38	34	512
18	38	34	512
18	38	34	512
18	38	34	512
18	38	34	512
18	38	34	512
18	38	34	504
18	38	34	504
18	38	34	421
18	38	34	421
18	38	34	352
18	38	34	352
18	38	34	289
18	38	34	289
