17	24	40	202	
17	24	40	199	
17	24	40	199	
17	24	40	198	
17	24	40	198	
17	24	40	199	
17	24	40	199	
17	24	40	200	
17	24	40	200	
17	24	40	201	
17	24	40	201	
17	24	40	201	
17	24	40	201	
17	24	40	201	
17	24	40	201	
17	24	40	201	
17	24	40	201	
17	24	40	201	
17	24	40	191	
17	24	40	191	
17	24	40	193	
17	24	40	196	
17	24	40	196	
17	24	40	200	
17	24	40	200	
17	24	40	200	
17	24	40	200	
17	24	40	198	
17	24	40	198	
17	24	40	196	
17	24	40	196	
17	24	40	198	
17	24	40	198	
17	24	40	198	
17	24	40	207	
17	24	40	207	
17	24	40	234	
17	24	40	234	
17	24	40	289	
17	24	40	289	
17	24	40	351	
17	24	40	351	
17	24	40	412	
17	24	40	412	
17	24	40	456	
17	24	40	456	
17	24	40	472	
17	24	40	472	
17	24	40	460	
17	24	40	460	
17	24	40	434	
17	24	40	434	
17	24	40	400	
17	24	40	400	
17	24	40	367	
17	24	40	367	
17	24	40	337	
17	24	40	337	
17	24	40	317	
17	24	40	317	
17	24	40	287	
17	24	40	287	
17	24	40	256	
17	24	40	256	
17	24	40	232	
17	24	40	232	
17	24	40	216	
17	24	40	216	
17	24	40	211	
17	24	40	211	
17	24	40	210	
17	24	40	210	
17	24	40	218	
17	24	40	218	
17	24	40	224	
17	24	40	224	
17	24	40	230	
17	24	40	230	
17	24	40	230	
17	24	40	230	
17	24	40	226	
17	24	40	226	
17	24	40	222	
17	24	40	222	
17	24	40	214	
17	24	40	214	
17	24	40	207	
17	24	40	207	
17	24	40	201	
17	24	40	201	
17	24	40	202	
17	24	40	202	
17	24	40	201	
17	24	40	201	
17	24	40	198	
17	24	40	198	
17	24	40	196	
17	24	40	196	
17	24	40	199	
17	24	40	199	
17	24	41	200	
17	24	41	200	
17	24	41	201	
17	24	41	201	
17	24	41	200	
17	24	41	200	
17	24	41	200	
17	24	41	200	
17	24	41	200	
17	24	41	200	
17	24	41	200	
17	24	41	199	
17	24	41	199	
17	24	41	199	
17	24	41	199	
17	24	41	199	
17	24	41	199	
17	24	41	198	
17	24	41	201	
17	24	41	201	
17	24	41	204	
17	24	41	204	
17	24	41	209	
17	24	41	209	
17	24	41	209	
17	24	41	224	
17	24	41	224	
17	24	41	259	
17	24	41	259	
17	24	41	317	
17	24	41	317	
17	24	41	375	
17	24	41	375	
17	24	41	427	
17	24	41	427	
17	24	41	455	
17	24	41	455	
17	24	41	455	
17	24	41	455	
17	24	41	431	
17	24	41	431	
17	24	41	397	
17	24	41	397	
17	24	41	364	
17	24	41	364	
17	24	41	338	
17	24	41	338	
17	24	41	311	
17	24	41	311	
17	24	41	282	
17	24	41	282	
17	24	41	250	
17	24	41	250	
17	24	41	231	
17	24	41	231	
17	24	41	220	
17	24	41	220	
17	24	41	221	
17	24	41	221	
17	24	41	231	
17	24	41	231	
17	24	41	238	
17	24	41	238	
17	24	41	245	
17	24	41	245	
17	24	41	250	
17	24	41	250	
17	24	41	251	
17	24	41	251	
17	24	41	243	
17	24	41	243	
17	24	41	234	
17	24	41	234	
17	24	41	224	
17	24	41	224	
17	24	41	217	
17	24	41	217	
17	24	41	211	
17	24	41	211	
17	24	41	206	
17	24	41	206	
17	24	41	203	
17	24	41	203	
17	24	41	201	
17	24	41	201	
17	24	41	203	
17	24	41	203	
17	24	41	204	
17	24	41	204	
17	24	41	206	
17	24	41	206	
17	24	41	205	
17	24	41	205	
17	24	41	204	
17	24	41	204	
17	24	41	204	
17	24	41	204	
17	24	41	204	
17	24	41	204	
17	24	41	204	
17	24	42	204	
17	24	42	204	
17	24	42	204	
17	24	42	204	
17	24	42	204	
17	24	42	204	
17	24	42	203	
17	24	42	203	
17	24	42	203	
17	24	42	203	
17	24	42	207	
17	24	42	207	
17	24	42	220	
17	24	42	254	
17	24	42	254	
17	24	42	314	
17	24	42	314	
17	24	42	377	
17	24	42	377	
17	24	42	437	
17	24	42	437	
17	24	42	437	
17	24	42	472	
17	24	42	472	
17	24	42	478	
17	24	42	478	
17	24	42	459	
17	24	42	459	
17	24	42	425	
17	24	42	425	
17	24	42	391	
17	24	42	391	
17	24	42	358	
17	24	42	358	
17	24	42	328	
17	24	42	328	
17	24	42	309	
17	24	42	309	
17	24	42	276	
17	24	42	276	
17	24	42	248	
17	24	42	248	
17	24	42	226	
17	24	42	226	
17	24	42	214	
17	24	42	214	
17	24	42	212	
17	24	42	212	
17	24	42	217	
17	24	42	217	
17	24	42	226	
17	24	42	226	
17	24	42	230	
17	24	42	230	
17	24	42	232	
17	24	42	232	
17	24	42	230	
17	24	42	230	
17	24	42	224	
17	24	42	224	
17	24	42	217	
17	24	42	217	
17	24	42	204	
17	24	42	204	
17	24	42	197	
17	24	42	197	
17	24	42	193	
17	24	42	193	
17	24	42	191	
17	24	42	191	
17	24	42	190	
17	24	42	190	
17	24	42	192	
17	24	42	192	
17	24	42	190	
17	24	42	190	
17	24	42	192	
17	24	42	192	
17	24	42	192	
17	24	42	194	
17	24	42	199	
17	24	42	199	
17	24	42	200	
17	24	42	200	
17	24	42	199	
17	24	42	199	
17	24	42	198	
17	24	42	198	
17	24	42	197	
17	24	42	197	
17	24	42	197	
17	24	42	197	
17	24	42	197	
17	24	42	197	
17	24	42	197	
17	24	42	195	
17	24	42	195	
17	24	42	195	
17	24	42	195	
17	24	42	196	
17	24	43	196	
17	24	43	203	
17	24	43	203	
17	24	43	217	
17	24	43	217	
17	24	43	251	
17	24	43	251	
17	24	43	311	
17	24	43	311	
17	24	43	377	
17	24	43	377	
17	24	43	444	
17	24	43	490	
17	24	43	490	
17	24	43	490	
17	24	43	506	
17	24	43	506	
17	24	43	496	
17	24	43	496	
17	24	43	466	
17	24	43	466	
17	24	43	432	
17	24	43	432	
17	24	43	398	
17	24	43	398	
17	24	43	368	
17	24	43	368	
17	24	43	339	
17	24	43	339	
17	24	43	317	
17	24	43	317	
17	24	43	284	
17	24	43	284	
17	24	43	253	
17	24	43	253	
17	24	43	229	
17	24	43	229	
17	24	43	218	
17	24	43	218	
17	24	43	218	
17	24	43	218	
17	24	43	222	
17	24	43	222	
17	24	43	227	
17	24	43	227	
17	24	43	232	
17	24	43	232	
17	24	43	234	
17	24	43	234	
17	24	43	232	
17	24	43	232	
17	24	43	225	
17	24	43	225	
17	24	43	218	
17	24	43	218	
17	24	43	211	
17	24	43	211	
17	24	43	204	
17	24	43	204	
17	24	43	199	
17	24	43	199	
17	24	43	196	
17	24	43	196	
17	24	43	195	
17	24	43	195	
17	24	43	194	
17	24	43	194	
17	24	43	195	
17	24	43	195	
17	24	43	196	
17	24	43	196	
17	24	43	198	
17	24	43	198	
17	24	43	199	
17	24	43	199	
17	24	43	200	
17	24	43	200	
17	24	43	203	
17	24	43	203	
17	24	43	203	
17	24	43	203	
17	24	43	203	
17	24	43	203	
17	24	43	202	
17	24	43	202	
17	24	43	201	
17	24	43	201	
17	24	43	199	
17	24	43	199	
17	24	43	199	
17	24	43	199	
17	24	43	201	
17	24	43	201	
17	24	43	205	
17	24	43	205	
17	24	43	222	
17	24	43	222	
17	24	43	222	
17	24	43	259	
17	24	43	259	
17	24	44	314	
17	24	44	314	
17	24	44	372	
17	24	44	372	
17	24	44	415	
17	24	44	415	
17	24	44	438	
17	24	44	438	
17	24	44	436	
17	24	44	436	
17	24	44	421	
17	24	44	421	
17	24	44	398	
17	24	44	398	
17	24	44	373	
17	24	44	373	
17	24	44	350	
17	24	44	350	
17	24	44	336	
17	24	44	336	
17	24	44	305	
17	24	44	305	
17	24	44	279	
17	24	44	279	
17	24	44	253	
17	24	44	253	
17	24	44	227	
17	24	44	227	
17	24	44	215	
17	24	44	215	
17	24	44	212	
17	24	44	212	
17	24	44	218	
17	24	44	218	
17	24	44	224	
17	24	44	224	
17	24	44	231	
17	24	44	231	
17	24	44	229	
17	24	44	229	
17	24	44	230	
17	24	44	230	
17	24	44	227	
17	24	44	227	
17	24	44	219	
17	24	44	219	
17	24	44	210	
17	24	44	210	
17	24	44	203	
17	24	44	203	
17	24	44	197	
17	24	44	197	
17	24	44	193	
17	24	44	193	
17	24	44	190	
17	24	44	190	
17	24	44	190	
17	24	44	190	
17	24	44	190	
17	24	44	190	
17	24	44	193	
17	24	44	193	
17	24	44	195	
17	24	44	195	
17	24	44	194	
17	24	44	194	
17	24	44	194	
17	24	44	196	
17	24	44	196	
17	24	44	196	
17	24	44	196	
17	24	44	195	
17	24	44	196	
17	24	44	196	
17	24	44	198	
17	24	44	198	
17	24	44	198	
17	24	44	198	
17	24	44	198	
17	24	44	198	
17	24	44	199	
17	24	44	199	
17	24	44	199	
17	24	44	199	
17	24	44	198	
17	24	44	198	
17	24	44	201	
17	24	44	201	
17	24	44	201	
17	24	44	211	
17	24	44	211	
17	24	44	237	
17	24	44	237	
17	24	44	279	
17	24	44	279	
17	24	44	322	
17	24	44	322	
17	24	44	353	
17	24	44	353	
17	24	44	378	
17	24	45	378	
17	24	45	378	
17	24	45	378	
17	24	45	368	
17	24	45	368	
17	24	45	347	
17	24	45	347	
17	24	45	328	
17	24	45	328	
17	24	45	317	
17	24	45	317	
17	24	45	305	
17	24	45	305	
17	24	45	287	
17	24	45	287	
17	24	45	268	
17	24	45	268	
17	24	45	249	
17	24	45	249	
17	24	45	236	
17	24	45	236	
17	24	45	234	
17	24	45	234	
17	24	45	233	
17	24	45	233	
17	24	45	234	
17	24	45	234	
17	24	45	238	
17	24	45	238	
17	24	45	243	
17	24	45	243	
17	24	45	243	
17	24	45	243	
17	24	45	242	
17	24	45	242	
17	24	45	237	
17	24	45	237	
17	24	45	232	
17	24	45	232	
17	24	45	229	
17	24	45	229	
17	24	45	225	
17	24	45	225	
17	24	45	221	
17	24	45	221	
17	24	45	218	
17	24	45	218	
17	24	45	216	
17	24	45	216	
17	24	45	218	
17	24	45	218	
17	24	45	218	
17	24	45	218	
17	24	45	218	
17	24	45	218	
17	24	45	217	
17	24	45	217	
17	24	45	215	
17	24	45	215	
17	24	45	215	
17	24	45	215	
17	24	45	210	
17	24	45	210	
17	24	45	210	
17	24	45	211	
17	24	45	212	
17	24	45	212	
17	24	45	212	
17	24	45	211	
17	24	45	211	
17	24	45	211	
17	24	45	213	
17	24	45	213	
17	24	45	214	
17	24	45	214	
17	24	45	216	
17	24	45	216	
17	24	45	224	
17	24	45	224	
17	24	45	240	
17	24	45	240	
17	24	45	266	
17	24	45	266	
17	24	45	266	
17	24	45	298	
17	24	45	298	
17	24	45	322	
17	24	45	322	
17	24	45	339	
17	24	45	339	
17	24	45	343	
17	24	45	343	
17	24	45	335	
17	24	45	335	
17	24	45	322	
17	24	45	322	
17	24	45	305	
17	24	45	305	
17	24	45	292	
17	24	45	292	
17	24	46	276	
17	24	46	276	
17	24	46	267	
17	24	46	267	
17	24	46	255	
17	24	46	255	
17	24	46	244	
17	24	46	244	
17	24	46	236	
17	24	46	236	
17	24	46	233	
17	24	46	233	
17	24	46	234	
17	24	46	234	
17	24	46	237	
17	24	46	237	
17	24	46	239	
17	24	46	239	
17	24	46	240	
17	24	46	240	
17	24	46	238	
17	24	46	238	
17	24	46	232	
17	24	46	232	
17	24	46	226	
17	24	46	226	
17	24	46	221	
17	24	46	221	
17	24	46	217	
17	24	46	217	
17	24	46	213	
17	24	46	213	
17	24	46	212	
17	24	46	212	
17	24	46	212	
17	24	46	212	
17	24	46	213	
17	24	46	213	
17	24	46	212	
17	24	46	212	
17	24	46	212	
17	24	46	212	
17	24	46	212	
17	24	46	212	
17	24	46	211	
17	24	46	211	
17	24	46	210	
17	24	46	210	
17	24	46	210	
17	24	46	210	
17	24	46	209	
17	24	46	209	
17	24	46	210	
17	24	46	210	
17	24	46	207	
17	24	46	207	
17	24	46	207	
17	24	46	207	
17	24	46	207	
17	24	46	206	
17	24	46	206	
17	24	46	206	
17	24	46	206	
17	24	46	205	
17	24	46	210	
17	24	46	210	
17	24	46	226	
17	24	46	226	
17	24	46	251	
17	24	46	251	
17	24	46	277	
17	24	46	277	
17	24	46	309	
17	24	46	309	
17	24	46	309	
17	24	46	339	
17	24	46	339	
17	24	46	353	
17	24	46	353	
17	24	46	355	
17	24	46	355	
17	24	46	347	
17	24	46	347	
17	24	46	336	
17	24	46	336	
17	24	46	321	
17	24	46	321	
17	24	46	309	
17	24	46	309	
17	24	46	296	
17	24	46	296	
17	24	46	284	
17	24	46	284	
17	24	46	274	
17	24	46	274	
17	24	46	264	
17	24	46	264	
17	24	46	250	
17	24	46	250	
17	24	46	243	
17	24	47	243	
17	24	47	245	
17	24	47	245	
17	24	47	246	
17	24	47	246	
17	24	47	247	
17	24	47	247	
17	24	47	247	
17	24	47	247	
17	24	47	248	
17	24	47	248	
17	24	47	243	
17	24	47	243	
17	24	47	237	
17	24	47	237	
17	24	47	229	
17	24	47	229	
17	24	47	226	
17	24	47	226	
17	24	47	226	
17	24	47	226	
17	24	47	222	
17	24	47	222	
17	24	47	227	
17	24	47	227	
17	24	47	227	
17	24	47	227	
17	24	47	226	
17	24	47	226	
17	24	47	225	
17	24	47	225	
17	24	47	225	
17	24	47	225	
17	24	47	224	
17	24	47	224	
17	24	47	225	
17	24	47	225	
17	24	47	223	
17	24	47	223	
17	24	47	223	
17	24	47	223	
17	24	47	221	
17	24	47	221	
17	24	47	223	
17	24	47	223	
17	24	47	220	
17	24	47	220	
17	24	47	218	
17	24	47	218	
17	24	47	222	
17	24	47	222	
17	24	47	226	
17	24	47	226	
17	24	47	228	
17	24	47	228	
17	24	47	234	
17	24	47	234	
17	24	47	234	
17	24	47	251	
17	24	47	251	
17	24	47	282	
17	24	47	321	
17	24	47	321	
17	24	47	347	
17	24	47	347	
17	24	47	378	
17	24	47	378	
17	24	47	389	
17	24	47	389	
17	24	47	389	
17	24	47	389	
17	24	47	389	
17	24	47	380	
17	24	47	380	
17	24	47	367	
17	24	47	367	
17	24	47	355	
17	24	47	355	
17	24	47	340	
17	24	47	340	
17	24	47	331	
17	24	47	331	
17	24	47	309	
17	24	47	309	
17	24	47	290	
17	24	47	290	
17	24	47	273	
17	24	47	273	
17	24	47	259	
17	24	47	259	
17	24	47	252	
17	24	47	252	
17	24	47	253	
17	24	47	253	
17	24	47	256	
17	24	47	256	
17	24	47	260	
17	24	47	260	
17	24	47	261	
17	24	47	261	
17	24	48	259	
17	24	48	259	
17	24	48	251	
17	24	48	251	
17	24	48	245	
17	24	48	245	
17	24	48	240	
17	24	48	240	
17	24	48	234	
17	24	48	234	
17	24	48	230	
17	24	48	230	
17	24	48	227	
17	24	48	227	
17	24	48	224	
17	24	48	224	
17	24	48	223	
17	24	48	223	
17	24	48	217	
17	24	48	217	
17	24	48	216	
17	24	48	216	
17	24	48	215	
17	24	48	215	
17	24	48	215	
17	24	48	215	
17	24	48	216	
17	24	48	216	
17	24	48	218	
17	24	48	218	
17	24	48	218	
17	24	48	218	
17	24	48	220	
17	24	48	220	
17	24	48	217	
17	24	48	217	
17	24	48	216	
17	24	48	216	
17	24	48	213	
17	24	48	213	
17	24	48	213	
17	24	48	213	
17	24	48	214	
17	24	48	214	
17	24	48	214	
17	24	48	214	
17	24	48	221	
17	24	48	221	
17	24	48	221	
17	24	48	242	
17	24	48	242	
17	24	48	278	
17	24	48	278	
17	24	48	322	
17	24	48	322	
17	24	48	364	
17	24	48	364	
17	24	48	390	
17	24	48	390	
17	24	48	398	
17	24	48	391	
17	24	48	391	
17	24	48	391	
17	24	48	378	
17	24	48	360	
17	24	48	360	
17	24	48	360	
17	24	48	344	
17	24	48	344	
17	24	48	330	
17	24	48	330	
17	24	48	314	
17	24	48	314	
17	24	48	295	
17	24	48	295	
17	24	48	277	
17	24	48	277	
17	24	48	261	
17	24	48	261	
17	24	48	249	
17	24	48	249	
17	24	48	243	
17	24	48	243	
17	24	48	248	
17	24	48	248	
17	24	48	251	
17	24	48	251	
17	24	48	253	
17	24	48	253	
17	24	48	252	
17	24	48	252	
17	24	48	248	
17	24	48	248	
17	24	48	249	
17	24	48	249	
17	24	48	248	
17	24	48	248	
17	24	48	240	
17	24	48	240	
17	24	48	232	
17	24	49	232	
17	24	49	225	
17	24	49	225	
17	24	49	223	
17	24	49	223	
17	24	49	221	
17	24	49	221	
17	24	49	219	
17	24	49	219	
17	24	49	219	
17	24	49	219	
17	24	49	219	
17	24	49	219	
17	24	49	220	
17	24	49	220	
17	24	49	221	
17	24	49	221	
17	24	49	220	
17	24	49	220	
17	24	49	217	
17	24	49	217	
17	24	49	215	
17	24	49	215	
17	24	49	221	
17	24	49	221	
17	24	49	222	
17	24	49	222	
17	24	49	221	
17	24	49	221	
17	24	49	220	
17	24	49	220	
17	24	49	218	
17	24	49	218	
17	24	49	218	
17	24	49	218	
17	24	49	221	
17	24	49	221	
17	24	49	234	
17	24	49	234	
17	24	49	257	
17	24	49	257	
17	24	49	294	
17	24	49	294	
17	24	49	294	
17	24	49	331	
17	24	49	331	
17	24	49	367	
17	24	49	367	
17	24	49	385	
17	24	49	385	
17	24	49	389	
17	24	49	389	
17	24	49	380	
17	24	49	380	
17	24	49	365	
17	24	49	347	
17	24	49	347	
17	24	49	332	
17	24	49	332	
17	24	49	332	
17	24	49	317	
17	24	49	306	
17	24	49	306	
17	24	49	287	
17	24	49	287	
17	24	49	287	
17	24	49	269	
17	24	49	269	
17	24	49	254	
17	24	49	254	
17	24	49	243	
17	24	49	243	
17	24	49	244	
17	24	49	244	
17	24	49	248	
17	24	49	248	
17	24	49	254	
17	24	49	254	
17	24	49	256	
17	24	49	256	
17	24	49	256	
17	24	49	256	
17	24	49	252	
17	24	49	252	
17	24	49	244	
17	24	49	244	
17	24	49	238	
17	24	49	238	
17	24	49	232	
17	24	49	232	
17	24	49	229	
17	24	49	229	
17	24	49	226	
17	24	49	226	
17	24	49	227	
17	24	49	227	
17	24	49	226	
17	24	49	226	
17	24	49	223	
17	24	49	223	
17	24	50	221	
17	24	50	221	
17	24	50	218	
17	24	50	218	
17	24	50	215	
17	24	50	215	
17	24	50	214	
17	24	50	214	
17	24	50	214	
17	24	50	214	
17	24	50	214	
17	24	50	214	
17	24	50	214	
17	24	50	214	
17	24	50	212	
17	24	50	212	
17	24	50	211	
17	24	50	211	
17	24	50	209	
17	24	50	209	
17	24	50	212	
17	24	50	212	
17	24	50	213	
17	24	50	213	
17	24	50	216	
17	24	50	216	
17	24	50	233	
17	24	50	233	
17	24	50	263	
17	24	50	263	
17	24	50	298	
17	24	50	298	
17	24	50	334	
17	24	50	334	
17	24	50	362	
17	24	50	362	
17	24	50	362	
17	24	50	375	
17	24	50	375	
17	24	50	375	
17	24	50	375	
17	24	50	363	
17	24	50	363	
17	24	50	344	
17	24	50	344	
17	24	50	326	
17	24	50	326	
17	24	50	310	
17	24	50	310	
17	24	50	295	
17	24	50	295	
17	24	50	284	
17	24	50	265	
17	24	50	265	
17	24	50	265	
17	24	50	250	
17	24	50	250	
17	24	50	238	
17	24	50	238	
17	24	50	234	
17	24	50	234	
17	24	50	235	
17	24	50	235	
17	24	50	239	
17	24	50	239	
17	24	50	240	
17	24	50	240	
17	24	50	240	
17	24	50	240	
17	24	50	238	
17	24	50	238	
17	24	50	233	
17	24	50	233	
17	24	50	228	
17	24	50	228	
17	24	50	222	
17	24	50	222	
17	24	50	218	
17	24	50	218	
17	24	50	214	
17	24	50	214	
17	24	50	211	
17	24	50	211	
17	24	50	209	
17	24	50	209	
17	24	50	212	
17	24	50	212	
17	24	50	213	
17	24	50	213	
17	24	50	214	
17	24	50	214	
17	24	50	213	
17	24	50	213	
17	24	50	213	
17	24	50	213	
17	24	50	212	
17	24	50	212	
17	24	50	210	
17	24	50	210	
17	24	50	212	
17	24	51	212	
17	24	51	212	
17	24	51	212	
17	24	51	212	
17	24	51	212	
17	24	51	216	
17	24	51	216	
17	24	51	210	
17	24	51	210	
17	24	51	210	
17	24	51	210	
17	24	51	210	
17	24	51	210	
17	24	51	210	
17	24	51	211	
17	24	51	219	
17	24	51	219	
17	24	51	237	
17	24	51	237	
17	24	51	273	
17	24	51	273	
17	24	51	313	
17	24	51	313	
17	24	51	355	
17	24	51	355	
17	24	51	389	
17	24	51	389	
17	24	51	404	
17	24	51	404	
17	24	51	406	
17	24	51	406	
17	24	51	406	
17	24	51	396	
17	24	51	381	
17	24	51	381	
17	24	51	381	
17	24	51	366	
17	24	51	366	
17	24	51	350	
17	24	51	350	
17	24	51	333	
17	24	51	333	
17	24	51	312	
17	24	51	312	
17	24	51	297	
17	24	51	297	
17	24	51	277	
17	24	51	277	
17	24	51	257	
17	24	51	247	
17	24	51	247	
17	24	51	247	
17	24	51	245	
17	24	51	245	
17	24	51	245	
17	24	51	245	
17	24	51	250	
17	24	51	250	
17	24	51	251	
17	24	51	251	
17	24	51	251	
17	24	51	251	
17	24	51	247	
17	24	51	247	
17	24	51	240	
17	24	51	240	
17	24	51	235	
17	24	51	235	
17	24	51	229	
17	24	51	229	
17	24	51	224	
17	24	51	224	
17	24	51	221	
17	24	51	221	
17	24	51	218	
17	24	51	218	
17	24	51	217	
17	24	51	217	
17	24	51	215	
17	24	51	215	
17	24	51	215	
17	24	51	215	
17	24	51	215	
17	24	51	215	
17	24	51	216	
17	24	51	216	
17	24	51	215	
17	24	51	215	
17	24	51	214	
17	24	51	214	
17	24	51	213	
17	24	51	213	
17	24	51	214	
17	24	51	214	
17	24	51	213	
17	24	51	213	
17	24	51	212	
17	24	51	212	
17	24	51	212	
17	24	51	212	
17	24	52	212	
17	24	52	212	
17	24	52	211	
17	24	52	211	
17	24	52	210	
17	24	52	210	
17	24	52	210	
17	24	52	209	
17	24	52	209	
17	24	52	215	
17	24	52	215	
17	24	52	234	
17	24	52	272	
17	24	52	272	
17	24	52	313	
17	24	52	313	
17	24	52	354	
17	24	52	354	
17	24	52	388	
17	24	52	388	
17	24	52	405	
17	24	52	405	
17	24	52	401	
17	24	52	401	
17	24	52	388	
17	24	52	388	
17	24	52	388	
17	24	52	369	
17	24	52	369	
17	24	52	350	
17	24	52	350	
17	24	52	332	
17	24	52	332	
17	24	52	315	
17	24	52	315	
17	24	52	296	
17	24	52	296	
17	24	52	282	
17	24	52	282	
17	24	52	262	
17	24	52	262	
17	24	52	245	
17	24	52	245	
17	24	52	229	
17	24	52	229	
17	24	52	226	
17	24	52	226	
17	24	52	229	
17	24	52	229	
17	24	52	238	
17	24	52	238	
17	24	52	240	
17	24	52	240	
17	24	52	240	
17	24	52	240	
17	24	52	236	
17	24	52	236	
17	24	52	233	
17	24	52	233	
17	24	52	230	
17	24	52	230	
17	24	52	223	
17	24	52	223	
17	24	52	215	
17	24	52	215	
17	24	52	210	
17	24	52	210	
17	24	52	207	
17	24	52	207	
17	24	52	207	
17	24	52	207	
17	24	52	205	
17	24	52	205	
17	24	52	207	
17	24	52	207	
17	24	52	209	
17	24	52	209	
17	24	52	210	
17	24	52	210	
17	24	52	214	
17	24	52	214	
17	24	52	215	
17	24	52	215	
17	24	52	213	
17	24	52	213	
17	24	52	215	
17	24	52	215	
17	24	52	214	
17	24	52	214	
17	24	52	212	
17	24	52	212	
17	24	52	211	
17	24	52	211	
17	24	52	210	
17	24	52	210	
17	24	52	210	
17	24	52	210	
17	24	52	210	
17	24	52	210	
17	24	52	211	
17	24	53	211	
17	24	53	214	
17	24	53	214	
17	24	53	214	
17	24	53	224	
17	24	53	224	
17	24	53	250	
17	24	53	250	
17	24	53	298	
17	24	53	337	
17	24	53	337	
17	24	53	374	
17	24	53	374	
17	24	53	401	
17	24	53	401	
17	24	53	408	
17	24	53	408	
17	24	53	398	
17	24	53	398	
17	24	53	398	
17	24	53	375	
17	24	53	375	
17	24	53	352	
17	24	53	352	
17	24	53	335	
17	24	53	335	
17	24	53	320	
17	24	53	320	
17	24	53	309	
17	24	53	309	
17	24	53	291	
17	24	53	291	
17	24	53	272	
17	24	53	272	
17	24	53	256	
17	24	53	256	
17	24	53	251	
17	24	53	251	
17	24	53	247	
17	24	53	247	
17	24	53	246	
17	24	53	246	
17	24	53	250	
17	24	53	250	
17	24	53	255	
17	24	53	255	
17	24	53	254	
17	24	53	254	
17	24	53	249	
17	24	53	249	
17	24	53	244	
17	24	53	244	
17	24	53	238	
17	24	53	238	
17	24	53	232	
17	24	53	232	
17	24	53	227	
17	24	53	227	
17	24	53	223	
17	24	53	223	
17	24	53	221	
17	24	53	221	
17	24	53	219	
17	24	53	219	
17	24	53	218	
17	24	53	218	
17	24	53	217	
17	24	53	217	
17	24	53	217	
17	24	53	217	
17	24	53	217	
17	24	53	217	
17	24	53	217	
17	24	53	217	
17	24	53	215	
17	24	53	215	
17	24	53	218	
17	24	53	218	
17	24	53	218	
17	24	53	218	
17	24	53	218	
17	24	53	218	
17	24	53	216	
17	24	53	216	
17	24	53	215	
17	24	53	215	
17	24	53	212	
17	24	53	212	
17	24	53	211	
17	24	53	211	
17	24	53	211	
17	24	53	211	
17	24	53	214	
17	24	53	214	
17	24	53	223	
17	24	53	223	
17	24	53	223	
17	24	53	245	
17	24	53	245	
17	24	53	280	
17	24	54	280	
17	24	54	318	
17	24	54	318	
17	24	54	349	
17	24	54	349	
17	24	54	373	
17	24	54	373	
17	24	54	366	
17	24	54	366	
17	24	54	366	
17	24	54	348	
17	24	54	327	
17	24	54	327	
17	24	54	327	
17	24	54	309	
17	24	54	309	
17	24	54	300	
17	24	54	300	
17	24	54	284	
17	24	54	284	
17	24	54	265	
17	24	54	265	
17	24	54	249	
17	24	54	249	
17	24	54	237	
17	24	54	237	
17	24	54	234	
17	24	54	234	
17	24	54	235	
17	24	54	235	
17	24	54	239	
17	24	54	239	
17	24	54	243	
17	24	54	243	
17	24	54	245	
17	24	54	245	
17	24	54	243	
17	24	54	243	
17	24	54	240	
17	24	54	240	
17	24	54	235	
17	24	54	235	
17	24	54	229	
17	24	54	229	
17	24	54	224	
17	24	54	224	
17	24	54	220	
17	24	54	220	
17	24	54	216	
17	24	54	216	
17	24	54	214	
17	24	54	214	
17	24	54	210	
17	24	54	210	
17	24	54	209	
17	24	54	209	
17	24	54	210	
17	24	54	210	
17	24	54	210	
17	24	54	210	
17	24	54	211	
17	24	54	211	
17	24	54	210	
17	24	54	210	
17	24	54	211	
17	24	54	211	
17	24	54	213	
17	24	54	213	
17	24	54	213	
17	24	54	213	
17	24	54	215	
17	24	54	215	
17	24	54	215	
17	24	54	215	
17	24	54	215	
17	24	54	215	
17	24	54	212	
17	24	54	212	
17	24	54	212	
17	24	54	212	
17	24	54	210	
17	24	54	210	
17	24	54	212	
17	24	54	212	
17	24	54	216	
17	24	54	216	
17	24	54	238	
17	24	54	238	
17	24	54	271	
17	24	54	271	
17	24	54	271	
17	24	54	309	
17	24	54	309	
17	24	54	347	
17	24	54	347	
17	24	54	380	
17	24	54	380	
17	24	54	396	
17	24	54	396	
17	24	55	398	
17	24	55	398	
17	24	55	389	
17	24	55	375	
17	24	55	375	
17	24	55	361	
17	24	55	361	
17	24	55	345	
17	24	55	345	
17	24	55	345	
17	24	55	329	
17	24	55	329	
17	24	55	311	
17	24	55	298	
17	24	55	298	
17	24	55	298	
17	24	55	277	
17	24	55	277	
17	24	55	260	
17	24	55	260	
17	24	55	252	
17	24	55	252	
17	24	55	250	
17	24	55	250	
17	24	55	251	
17	24	55	251	
17	24	55	256	
17	24	55	256	
17	24	55	258	
17	24	55	258	
17	24	55	262	
17	24	55	262	
17	24	55	259	
17	24	55	259	
17	24	55	251	
17	24	55	251	
17	24	55	245	
17	24	55	245	
17	24	55	240	
17	24	55	240	
17	24	55	234	
17	24	55	234	
17	24	55	229	
17	24	55	229	
17	24	55	224	
17	24	55	224	
17	24	55	224	
17	24	55	224	
17	24	55	222	
17	24	55	222	
17	24	55	221	
17	24	55	221	
17	24	55	221	
17	24	55	221	
17	24	55	221	
17	24	55	221	
17	24	55	221	
17	24	55	221	
17	24	55	219	
17	24	55	219	
17	24	55	220	
17	24	55	220	
17	24	55	219	
17	24	55	219	
17	24	55	218	
17	24	55	218	
17	24	55	220	
17	24	55	220	
17	24	55	219	
17	24	55	219	
17	24	55	218	
17	24	55	218	
17	24	55	218	
17	24	55	218	
17	24	55	215	
17	24	55	215	
17	24	55	215	
17	24	55	215	
17	24	55	221	
17	24	55	221	
17	24	55	235	
17	24	55	235	
17	24	55	264	
17	24	55	264	
17	24	55	264	
17	24	55	306	
17	24	55	306	
17	24	55	341	
17	24	55	375	
17	24	55	375	
17	24	55	375	
17	24	55	392	
17	24	55	392	
17	24	55	392	
17	24	55	392	
17	24	55	382	
17	24	55	382	
17	24	55	364	
17	24	55	345	
17	24	55	345	
17	24	56	330	
17	24	56	330	
17	24	56	330	
17	24	56	315	
17	24	56	315	
17	24	56	300	
17	24	56	300	
17	24	56	287	
17	24	56	287	
17	24	56	270	
17	24	56	270	
17	24	56	253	
17	24	56	253	
17	24	56	243	
17	24	56	243	
17	24	56	240	
17	24	56	240	
17	24	56	241	
17	24	56	241	
17	24	56	244	
17	24	56	244	
17	24	56	245	
17	24	56	245	
17	24	56	245	
17	24	56	245	
17	24	56	243	
17	24	56	243	
17	24	56	237	
17	24	56	237	
17	24	56	233	
17	24	56	233	
17	24	56	227	
17	24	56	227	
17	24	56	224	
17	24	56	224	
17	24	56	220	
17	24	56	220	
17	24	56	217	
17	24	56	217	
17	24	56	215	
17	24	56	215	
17	24	56	212	
17	24	56	212	
17	24	56	212	
17	24	56	212	
17	24	56	211	
17	24	56	211	
17	24	56	211	
17	24	56	211	
17	24	56	212	
17	24	56	212	
17	24	56	212	
17	24	56	212	
17	24	56	211	
17	24	56	211	
17	24	56	211	
17	24	56	211	
17	24	56	212	
17	24	56	212	
17	24	56	211	
17	24	56	211	
17	24	56	210	
17	24	56	210	
17	24	56	212	
17	24	56	212	
17	24	56	211	
17	24	56	211	
17	24	56	209	
17	24	56	209	
17	24	56	213	
17	24	56	213	
17	24	56	219	
17	24	56	219	
17	24	56	237	
17	24	56	237	
17	24	56	273	
17	24	56	273	
17	24	56	315	
17	24	56	315	
17	24	56	315	
17	24	56	342	
17	24	56	342	
17	24	56	369	
17	24	56	369	
17	24	56	381	
17	24	56	381	
17	24	56	382	
17	24	56	382	
17	24	56	368	
17	24	56	368	
17	24	56	351	
17	24	56	351	
17	24	56	333	
17	24	56	333	
17	24	56	316	
17	24	56	316	
17	24	56	311	
17	24	56	311	
17	24	56	295	
17	24	56	295	
17	24	57	276	
17	24	57	276	
17	24	57	260	
17	24	57	260	
17	24	57	250	
17	24	57	250	
17	24	57	247	
17	24	57	247	
17	24	57	251	
17	24	57	251	
17	24	57	254	
17	24	57	254	
17	24	57	258	
17	24	57	258	
17	24	57	256	
17	24	57	256	
17	24	57	254	
17	24	57	254	
17	24	57	251	
17	24	57	251	
17	24	57	244	
17	24	57	244	
17	24	57	238	
17	24	57	238	
17	24	57	233	
17	24	57	233	
17	24	57	229	
17	24	57	229	
17	24	57	226	
17	24	57	226	
17	24	57	225	
17	24	57	225	
17	24	57	223	
17	24	57	219	
17	24	57	219	
17	24	57	219	
17	24	57	219	
17	24	57	223	
17	24	57	223	
17	24	57	223	
17	24	57	225	
17	24	57	225	
17	24	57	225	
17	24	57	225	
17	24	57	223	
17	24	57	223	
17	24	57	222	
17	24	57	222	
17	24	57	220	
17	24	57	220	
17	24	57	218	
17	24	57	218	
17	24	57	218	
17	24	57	218	
17	24	57	216	
17	24	57	216	
17	24	57	216	
17	24	57	216	
17	24	57	219	
17	24	57	219	
17	24	57	230	
17	24	57	230	
17	24	57	252	
17	24	57	252	
17	24	57	281	
17	24	57	281	
17	24	57	317	
17	24	57	317	
17	24	57	352	
17	24	57	352	
17	24	57	373	
17	24	57	373	
17	24	57	377	
17	24	57	377	
17	24	57	366	
17	24	57	366	
17	24	57	349	
17	24	57	349	
17	24	57	328	
17	24	57	328	
17	24	57	311	
17	24	57	311	
17	24	57	291	
17	24	57	291	
17	24	57	281	
17	24	57	281	
17	24	57	266	
17	24	57	266	
17	24	57	250	
17	24	57	250	
17	24	57	239	
17	24	57	239	
17	24	57	236	
17	24	57	236	
17	24	57	237	
17	24	57	237	
17	24	57	243	
17	24	57	243	
17	24	57	246	
17	24	57	246	
17	24	58	245	
17	24	58	245	
17	24	58	243	
17	24	58	243	
17	24	58	238	
17	24	58	233	
17	24	58	233	
17	24	58	226	
17	24	58	226	
17	24	58	221	
17	24	58	221	
17	24	58	218	
17	24	58	218	
17	24	58	218	
17	24	58	214	
17	24	58	214	
17	24	58	212	
17	24	58	212	
17	24	58	210	
17	24	58	210	
17	24	58	207	
17	24	58	207	
17	24	58	207	
17	24	58	209	
17	24	58	209	
17	24	58	210	
17	24	58	210	
17	24	58	210	
17	24	58	212	
17	24	58	212	
17	24	58	211	
17	24	58	211	
17	24	58	211	
17	24	58	211	
17	24	58	212	
17	24	58	212	
17	24	58	212	
17	24	58	212	
17	24	58	211	
17	24	58	211	
17	24	58	210	
17	24	58	210	
17	24	58	209	
17	24	58	209	
17	24	58	208	
17	24	58	208	
17	24	58	210	
17	24	58	210	
17	24	58	219	
17	24	58	219	
17	24	58	247	
17	24	58	247	
17	24	58	284	
17	24	58	284	
17	24	58	321	
17	24	58	321	
17	24	58	363	
17	24	58	363	
17	24	58	397	
17	24	58	397	
17	24	58	409	
17	24	58	409	
17	24	58	405	
17	24	58	405	
17	24	58	391	
17	24	58	391	
17	24	58	372	
17	24	58	372	
17	24	58	354	
17	24	58	354	
17	24	58	336	
17	24	58	336	
17	24	58	319	
17	24	58	319	
17	24	58	301	
17	24	58	301	
17	24	58	287	
17	24	58	287	
17	24	58	268	
17	24	58	268	
17	24	58	251	
17	24	58	251	
17	24	58	241	
17	24	58	241	
17	24	58	239	
17	24	58	239	
17	24	58	242	
17	24	58	242	
17	24	58	249	
17	24	58	249	
17	24	58	254	
17	24	58	254	
17	24	58	254	
17	24	58	254	
17	24	58	251	
17	24	58	251	
17	24	58	244	
17	24	58	244	
17	24	58	238	
17	24	59	238	
17	24	59	233	
17	24	59	233	
17	24	59	233	
17	24	59	229	
17	24	59	226	
17	24	59	226	
17	24	59	223	
17	24	59	223	
17	24	59	222	
17	24	59	222	
17	24	59	222	
17	24	59	221	
17	24	59	221	
17	24	59	220	
17	24	59	220	
17	24	59	220	
17	24	59	220	
17	24	59	219	
17	24	59	220	
17	24	59	220	
17	24	59	221	
17	24	59	221	
17	24	59	221	
17	24	59	221	
17	24	59	221	
17	24	59	220	
17	24	59	219	
17	24	59	219	
17	24	59	219	
17	24	59	217	
17	24	59	217	
17	24	59	217	
17	24	59	217	
17	24	59	215	
17	24	59	215	
17	24	59	215	
17	24	59	215	
17	24	59	216	
17	24	59	216	
17	24	59	228	
17	24	59	228	
17	24	59	256	
17	24	59	256	
17	24	59	300	
17	24	59	300	
17	24	59	344	
17	24	59	344	
17	24	59	388	
17	24	59	388	
17	24	59	413	
17	24	59	413	
17	24	59	420	
17	24	59	420	
17	24	59	410	
17	24	59	410	
17	24	59	393	
17	24	59	393	
17	24	59	372	
17	24	59	372	
17	24	59	350	
17	24	59	350	
17	24	59	331	
17	24	59	331	
17	24	59	309	
17	24	59	309	
17	24	59	297	
17	24	59	297	
17	24	59	270	
17	24	59	270	
17	24	59	251	
17	24	59	251	
17	24	59	238	
17	24	59	238	
17	24	59	233	
17	24	59	233	
17	24	59	234	
17	24	59	234	
17	24	59	238	
17	24	59	238	
17	24	59	243	
17	24	59	243	
17	24	59	243	
17	24	59	243	
17	24	59	242	
17	24	59	242	
17	24	59	239	
17	24	59	239	
17	24	59	234	
17	24	59	234	
17	24	59	226	
17	24	59	226	
17	24	59	220	
17	24	59	220	
17	24	59	215	
17	24	59	215	
17	24	59	210	
17	24	59	210	
17	24	59	209	
17	25	0	209	
17	25	0	207	
17	25	0	207	
17	25	0	202	
17	25	0	202	
17	25	0	202	
17	25	0	202	
17	25	0	206	
17	25	0	206	
17	25	0	212	
17	25	0	212	
17	25	0	212	
17	25	0	212	
17	25	0	212	
17	25	0	212	
17	25	0	209	
17	25	0	209	
17	25	0	207	
17	25	0	207	
17	25	0	208	
17	25	0	208	
17	25	0	207	
17	25	0	207	
17	25	0	206	
17	25	0	206	
17	25	0	207	
17	25	0	207	
17	25	0	210	
17	25	0	210	
17	25	0	223	
17	25	0	223	
17	25	0	261	
17	25	0	261	
17	25	0	304	
17	25	0	304	
17	25	0	347	
17	25	0	347	
17	25	0	382	
17	25	0	382	
17	25	0	405	
17	25	0	405	
17	25	0	402	
17	25	0	402	
17	25	0	402	
17	25	0	386	
17	25	0	386	
17	25	0	361	
17	25	0	361	
17	25	0	335	
17	25	0	322	
17	25	0	322	
17	25	0	309	
17	25	0	309	
17	25	0	309	
17	25	0	288	
17	25	0	288	
17	25	0	267	
17	25	0	250	
17	25	0	250	
17	25	0	250	
17	25	0	238	
17	25	0	238	
17	25	0	232	
17	25	0	232	
17	25	0	235	
17	25	0	235	
17	25	0	243	
17	25	0	243	
17	25	0	248	
17	25	0	248	
17	25	0	254	
17	25	0	254	
17	25	0	253	
17	25	0	253	
17	25	0	248	
17	25	0	248	
17	25	0	245	
17	25	0	245	
17	25	0	240	
17	25	0	240	
17	25	0	232	
17	25	0	232	
17	25	0	226	
17	25	0	226	
17	25	0	223	
17	25	0	223	
17	25	0	220	
17	25	0	220	
17	25	0	217	
17	25	0	217	
17	25	0	216	
17	25	0	216	
17	25	0	218	
17	25	0	218	
17	25	0	217	
17	25	0	217	
17	25	0	218	
17	25	0	218	
17	25	0	219	
17	25	0	219	
17	25	1	220	
17	25	1	220	
17	25	1	220	
17	25	1	220	
17	25	1	219	
17	25	1	219	
17	25	1	218	
17	25	1	218	
17	25	1	216	
17	25	1	216	
17	25	1	215	
17	25	1	215	
17	25	1	213	
17	25	1	213	
17	25	1	221	
17	25	1	221	
17	25	1	240	
17	25	1	240	
17	25	1	277	
17	25	1	277	
17	25	1	322	
17	25	1	322	
17	25	1	364	
17	25	1	364	
17	25	1	397	
17	25	1	397	
17	25	1	410	
17	25	1	410	
17	25	1	401	
17	25	1	401	
17	25	1	383	
17	25	1	383	
17	25	1	361	
17	25	1	361	
17	25	1	361	
17	25	1	338	
17	25	1	338	
17	25	1	317	
17	25	1	317	
17	25	1	306	
17	25	1	306	
17	25	1	287	
17	25	1	287	
17	25	1	265	
17	25	1	265	
17	25	1	248	
17	25	1	237	
17	25	1	237	
17	25	1	236	
17	25	1	236	
17	25	1	234	
17	25	1	234	
17	25	1	234	
17	25	1	240	
17	25	1	240	
17	25	1	243	
17	25	1	243	
17	25	1	243	
17	25	1	243	
17	25	1	239	
17	25	1	239	
17	25	1	234	
17	25	1	234	
17	25	1	228	
17	25	1	228	
17	25	1	221	
17	25	1	221	
17	25	1	215	
17	25	1	215	
17	25	1	211	
17	25	1	211	
17	25	1	207	
17	25	1	207	
17	25	1	206	
17	25	1	206	
17	25	1	204	
17	25	1	204	
17	25	1	204	
17	25	1	204	
17	25	1	205	
17	25	1	205	
17	25	1	207	
17	25	1	207	
17	25	1	208	
17	25	1	208	
17	25	1	208	
17	25	1	208	
17	25	1	207	
17	25	1	207	
17	25	1	207	
17	25	1	207	
17	25	1	205	
17	25	1	205	
17	25	1	204	
17	25	1	204	
17	25	1	202	
17	25	1	202	
17	25	1	196	
17	25	1	196	
17	25	1	199	
17	25	2	199	
17	25	2	199	
17	25	2	199	
17	25	2	205	
17	25	2	205	
17	25	2	222	
17	25	2	222	
17	25	2	254	
17	25	2	254	
17	25	2	303	
17	25	2	303	
17	25	2	347	
17	25	2	347	
17	25	2	396	
17	25	2	396	
17	25	2	417	
17	25	2	417	
17	25	2	417	
17	25	2	417	
17	25	2	404	
17	25	2	404	
17	25	2	383	
17	25	2	383	
17	25	2	364	
17	25	2	364	
17	25	2	346	
17	25	2	346	
17	25	2	328	
17	25	2	328	
17	25	2	328	
17	25	2	312	
17	25	2	312	
17	25	2	299	
17	25	2	299	
17	25	2	279	
17	25	2	279	
17	25	2	260	
17	25	2	260	
17	25	2	245	
17	25	2	245	
17	25	2	238	
17	25	2	238	
17	25	2	237	
17	25	2	237	
17	25	2	240	
17	25	2	245	
17	25	2	245	
17	25	2	245	
17	25	2	246	
17	25	2	246	
17	25	2	244	
17	25	2	244	
17	25	2	243	
17	25	2	243	
17	25	2	236	
17	25	2	236	
17	25	2	232	
17	25	2	232	
17	25	2	226	
17	25	2	226	
17	25	2	222	
17	25	2	222	
17	25	2	218	
17	25	2	218	
17	25	2	215	
17	25	2	215	
17	25	2	211	
17	25	2	211	
17	25	2	210	
17	25	2	210	
17	25	2	210	
17	25	2	210	
17	25	2	215	
17	25	2	215	
17	25	2	216	
17	25	2	216	
17	25	2	221	
17	25	2	221	
17	25	2	220	
17	25	2	220	
17	25	2	222	
17	25	2	222	
17	25	2	221	
17	25	2	221	
17	25	2	218	
17	25	2	218	
17	25	2	215	
17	25	2	215	
17	25	2	213	
17	25	2	213	
17	25	2	213	
17	25	2	213	
17	25	2	215	
17	25	2	215	
17	25	2	230	
17	25	2	230	
17	25	2	262	
17	25	2	262	
17	25	2	309	
17	25	2	309	
17	25	3	350	
17	25	3	350	
17	25	3	350	
17	25	3	388	
17	25	3	407	
17	25	3	407	
17	25	3	407	
17	25	3	408	
17	25	3	396	
17	25	3	396	
17	25	3	377	
17	25	3	377	
17	25	3	358	
17	25	3	358	
17	25	3	339	
17	25	3	339	
17	25	3	322	
17	25	3	322	
17	25	3	311	
17	25	3	311	
17	25	3	311	
17	25	3	289	
17	25	3	265	
17	25	3	265	
17	25	3	265	
17	25	3	246	
17	25	3	246	
17	25	3	236	
17	25	3	236	
17	25	3	232	
17	25	3	232	
17	25	3	230	
17	25	3	230	
17	25	3	232	
17	25	3	232	
17	25	3	232	
17	25	3	232	
17	25	3	233	
17	25	3	234	
17	25	3	234	
17	25	3	234	
17	25	3	230	
17	25	3	230	
17	25	3	226	
17	25	3	226	
17	25	3	219	
17	25	3	219	
17	25	3	214	
17	25	3	214	
17	25	3	215	
17	25	3	215	
17	25	3	211	
17	25	3	211	
17	25	3	210	
17	25	3	210	
17	25	3	207	
17	25	3	207	
17	25	3	206	
17	25	3	206	
17	25	3	206	
17	25	3	206	
17	25	3	204	
17	25	3	204	
17	25	3	204	
17	25	3	204	
17	25	3	204	
17	25	3	204	
17	25	3	204	
17	25	3	204	
17	25	3	204	
17	25	3	204	
17	25	3	202	
17	25	3	202	
17	25	3	202	
17	25	3	202	
17	25	3	204	
17	25	3	204	
17	25	3	201	
17	25	3	201	
17	25	3	205	
17	25	3	205	
17	25	3	216	
17	25	3	216	
17	25	3	243	
17	25	3	243	
17	25	3	282	
17	25	3	282	
17	25	3	316	
17	25	3	316	
17	25	3	348	
17	25	3	348	
17	25	3	366	
17	25	3	366	
17	25	3	365	
17	25	3	365	
17	25	3	350	
17	25	3	350	
17	25	3	331	
17	25	3	331	
17	25	3	313	
17	25	4	313	
17	25	4	303	
17	25	4	290	
17	25	4	290	
17	25	4	275	
17	25	4	275	
17	25	4	255	
17	25	4	255	
17	25	4	240	
17	25	4	240	
17	25	4	234	
17	25	4	234	
17	25	4	232	
17	25	4	232	
17	25	4	234	
17	25	4	234	
17	25	4	234	
17	25	4	237	
17	25	4	241	
17	25	4	241	
17	25	4	241	
17	25	4	241	
17	25	4	241	
17	25	4	239	
17	25	4	239	
17	25	4	235	
17	25	4	235	
17	25	4	229	
17	25	4	229	
17	25	4	224	
17	25	4	224	
17	25	4	219	
17	25	4	219	
17	25	4	219	
17	25	4	217	
17	25	4	217	
17	25	4	217	
17	25	4	218	
17	25	4	218	
17	25	4	218	
17	25	4	218	
17	25	4	218	
17	25	4	218	
17	25	4	215	
17	25	4	215	
17	25	4	215	
17	25	4	215	
17	25	4	216	
17	25	4	216	
17	25	4	215	
17	25	4	215	
17	25	4	216	
17	25	4	216	
17	25	4	216	
17	25	4	216	
17	25	4	217	
17	25	4	217	
17	25	4	215	
17	25	4	215	
17	25	4	214	
17	25	4	214	
17	25	4	215	
17	25	4	215	
17	25	4	215	
17	25	4	215	
17	25	4	220	
17	25	4	220	
17	25	4	236	
17	25	4	236	
17	25	4	262	
17	25	4	262	
17	25	4	299	
17	25	4	299	
17	25	4	323	
17	25	4	323	
17	25	4	346	
17	25	4	346	
17	25	4	353	
17	25	4	353	
17	25	4	347	
17	25	4	347	
17	25	4	336	
17	25	4	336	
17	25	4	319	
17	25	4	319	
17	25	4	304	
17	25	4	304	
17	25	4	297	
17	25	4	297	
17	25	4	297	
17	25	4	284	
17	25	4	267	
17	25	4	267	
17	25	4	251	
17	25	4	251	
17	25	4	239	
17	25	4	239	
17	25	4	239	
17	25	4	234	
17	25	5	236	
17	25	5	236	
17	25	5	240	
17	25	5	240	
17	25	5	243	
17	25	5	243	
17	25	5	243	
17	25	5	243	
17	25	5	243	
17	25	5	242	
17	25	5	237	
17	25	5	237	
17	25	5	237	
17	25	5	229	
17	25	5	229	
17	25	5	224	
17	25	5	224	
17	25	5	219	
17	25	5	219	
17	25	5	216	
17	25	5	216	
17	25	5	212	
17	25	5	212	
17	25	5	210	
17	25	5	210	
17	25	5	209	
17	25	5	209	
17	25	5	210	
17	25	5	210	
17	25	5	210	
17	25	5	210	
17	25	5	210	
17	25	5	210	
17	25	5	212	
17	25	5	212	
17	25	5	212	
17	25	5	212	
17	25	5	212	
17	25	5	212	
17	25	5	211	
17	25	5	211	
17	25	5	210	
17	25	5	210	
17	25	5	210	
17	25	5	210	
17	25	5	210	
17	25	5	210	
17	25	5	208	
17	25	5	208	
17	25	5	208	
17	25	5	208	
17	25	5	207	
17	25	5	207	
17	25	5	210	
17	25	5	210	
17	25	5	221	
17	25	5	221	
17	25	5	245	
17	25	5	245	
17	25	5	279	
17	25	5	279	
17	25	5	303	
17	25	5	303	
17	25	5	332	
17	25	5	332	
17	25	5	348	
17	25	5	348	
17	25	5	353	
17	25	5	353	
17	25	5	347	
17	25	5	347	
17	25	5	334	
17	25	5	334	
17	25	5	323	
17	25	5	323	
17	25	5	313	
17	25	5	313	
17	25	5	300	
17	25	5	300	
17	25	5	289	
17	25	5	289	
17	25	5	279	
17	25	5	279	
17	25	5	265	
17	25	5	265	
17	25	5	251	
17	25	5	251	
17	25	5	251	
17	25	5	239	
17	25	5	239	
17	25	5	235	
17	25	5	235	
17	25	5	235	
17	25	5	242	
17	25	5	242	
17	25	5	242	
17	25	5	245	
17	25	5	246	
17	25	5	246	
17	25	5	246	
17	25	6	246	
17	25	6	242	
17	25	6	242	
17	25	6	237	
17	25	6	237	
17	25	6	237	
17	25	6	229	
17	25	6	223	
17	25	6	223	
17	25	6	223	
17	25	6	221	
17	25	6	221	
17	25	6	219	
17	25	6	219	
17	25	6	223	
17	25	6	223	
17	25	6	225	
17	25	6	225	
17	25	6	223	
17	25	6	223	
17	25	6	223	
17	25	6	223	
17	25	6	226	
17	25	6	226	
17	25	6	226	
17	25	6	226	
17	25	6	225	
17	25	6	225	
17	25	6	223	
17	25	6	223	
17	25	6	223	
17	25	6	223	
17	25	6	221	
17	25	6	221	
17	25	6	220	
17	25	6	220	
17	25	6	221	
17	25	6	221	
17	25	6	218	
17	25	6	218	
17	25	6	221	
17	25	6	221	
17	25	6	228	
17	25	6	228	
17	25	6	245	
17	25	6	245	
17	25	6	276	
17	25	6	276	
17	25	6	307	
17	25	6	307	
17	25	6	336	
17	25	6	336	
17	25	6	359	
17	25	6	359	
17	25	6	367	
17	25	6	367	
17	25	6	366	
17	25	6	366	
17	25	6	355	
17	25	6	355	
17	25	6	342	
17	25	6	342	
17	25	6	329	
17	25	6	329	
17	25	6	319	
17	25	6	319	
17	25	6	307	
17	25	6	307	
17	25	6	292	
17	25	6	292	
17	25	6	284	
17	25	6	284	
17	25	6	268	
17	25	6	268	
17	25	6	253	
17	25	6	253	
17	25	6	245	
17	25	6	245	
17	25	6	240	
17	25	6	240	
17	25	6	241	
17	25	6	241	
17	25	6	241	
17	25	6	249	
17	25	6	249	
17	25	6	251	
17	25	6	251	
17	25	6	249	
17	25	6	249	
17	25	6	244	
17	25	6	244	
17	25	6	237	
17	25	6	234	
17	25	6	234	
17	25	6	225	
17	25	6	225	
17	25	6	223	
17	25	6	223	
17	25	6	221	
17	25	6	221	
17	25	7	219	
17	25	7	219	
17	25	7	219	
17	25	7	218	
17	25	7	218	
17	25	7	218	
17	25	7	218	
17	25	7	218	
17	25	7	218	
17	25	7	219	
17	25	7	219	
17	25	7	218	
17	25	7	218	
17	25	7	218	
17	25	7	218	
17	25	7	217	
17	25	7	217	
17	25	7	217	
17	25	7	217	
17	25	7	216	
17	25	7	216	
17	25	7	215	
17	25	7	215	
17	25	7	213	
17	25	7	213	
17	25	7	212	
17	25	7	212	
17	25	7	215	
17	25	7	215	
17	25	7	216	
17	25	7	216	
17	25	7	225	
17	25	7	225	
17	25	7	245	
17	25	7	245	
17	25	7	280	
17	25	7	280	
17	25	7	309	
17	25	7	309	
17	25	7	336	
17	25	7	336	
17	25	7	353	
17	25	7	353	
17	25	7	352	
17	25	7	352	
17	25	7	344	
17	25	7	344	
17	25	7	333	
17	25	7	333	
17	25	7	321	
17	25	7	321	
17	25	7	308	
17	25	7	308	
17	25	7	298	
17	25	7	298	
17	25	7	292	
17	25	7	292	
17	25	7	281	
17	25	7	281	
17	25	7	267	
17	25	7	267	
17	25	7	256	
17	25	7	256	
17	25	7	248	
17	25	7	248	
17	25	7	242	
17	25	7	242	
17	25	7	240	
17	25	7	240	
17	25	7	245	
17	25	7	245	
17	25	7	248	
17	25	7	248	
17	25	7	254	
17	25	7	254	
17	25	7	253	
17	25	7	253	
17	25	7	247	
17	25	7	247	
17	25	7	242	
17	25	7	242	
17	25	7	242	
17	25	7	240	
17	25	7	240	
17	25	7	234	
17	25	7	234	
17	25	7	232	
17	25	7	232	
17	25	7	228	
17	25	7	226	
17	25	7	226	
17	25	7	229	
17	25	7	229	
17	25	7	229	
17	25	7	227	
17	25	7	227	
17	25	7	230	
17	25	7	230	
17	25	7	230	
17	25	7	230	
17	25	8	229	
17	25	8	229	
17	25	8	229	
17	25	8	229	
17	25	8	229	
17	25	8	229	
17	25	8	228	
17	25	8	228	
17	25	8	226	
17	25	8	226	
17	25	8	226	
17	25	8	226	
17	25	8	226	
17	25	8	226	
17	25	8	225	
17	25	8	225	
17	25	8	232	
17	25	8	232	
17	25	8	244	
17	25	8	244	
17	25	8	269	
17	25	8	269	
17	25	8	302	
17	25	8	302	
17	25	8	331	
17	25	8	331	
17	25	8	358	
17	25	8	358	
17	25	8	369	
17	25	8	369	
17	25	8	366	
17	25	8	366	
17	25	8	355	
17	25	8	355	
17	25	8	336	
17	25	8	336	
17	25	8	320	
17	25	8	320	
17	25	8	307	
17	25	8	307	
17	25	8	293	
17	25	8	293	
17	25	8	287	
17	25	8	287	
17	25	8	273	
17	25	8	273	
17	25	8	260	
17	25	8	260	
17	25	8	251	
17	25	8	251	
17	25	8	248	
17	25	8	248	
17	25	8	249	
17	25	8	249	
17	25	8	251	
17	25	8	251	
17	25	8	255	
17	25	8	255	
17	25	8	255	
17	25	8	255	
17	25	8	252	
17	25	8	252	
17	25	8	248	
17	25	8	248	
17	25	8	243	
17	25	8	243	
17	25	8	237	
17	25	8	237	
17	25	8	232	
17	25	8	232	
17	25	8	230	
17	25	8	230	
17	25	8	229	
17	25	8	229	
17	25	8	222	
17	25	8	222	
17	25	8	222	
17	25	8	221	
17	25	8	221	
17	25	8	216	
17	25	8	216	
17	25	8	214	
17	25	8	214	
17	25	8	216	
17	25	8	216	
17	25	8	216	
17	25	8	218	
17	25	8	218	
17	25	8	218	
17	25	8	222	
17	25	8	222	
17	25	8	221	
17	25	8	221	
17	25	8	223	
17	25	8	223	
17	25	8	222	
17	25	8	222	
17	25	8	218	
17	25	8	218	
17	25	8	216	
17	25	9	216	
17	25	9	216	
17	25	9	216	
17	25	9	220	
17	25	9	220	
17	25	9	233	
17	25	9	233	
17	25	9	259	
17	25	9	259	
17	25	9	294	
17	25	9	294	
17	25	9	326	
17	25	9	326	
17	25	9	356	
17	25	9	356	
17	25	9	369	
17	25	9	369	
17	25	9	368	
17	25	9	368	
17	25	9	358	
17	25	9	358	
17	25	9	347	
17	25	9	347	
17	25	9	333	
17	25	9	333	
17	25	9	320	
17	25	9	320	
17	25	9	306	
17	25	9	306	
17	25	9	291	
17	25	9	291	
17	25	9	281	
17	25	9	281	
17	25	9	265	
17	25	9	265	
17	25	9	254	
17	25	9	254	
17	25	9	245	
17	25	9	245	
17	25	9	243	
17	25	9	243	
17	25	9	244	
17	25	9	244	
17	25	9	248	
17	25	9	248	
17	25	9	249	
17	25	9	249	
17	25	9	248	
17	25	9	248	
17	25	9	243	
17	25	9	243	
17	25	9	241	
17	25	9	241	
17	25	9	238	
17	25	9	238	
17	25	9	237	
17	25	9	237	
17	25	9	231	
17	25	9	231	
17	25	9	229	
17	25	9	229	
17	25	9	226	
17	25	9	226	
17	25	9	226	
17	25	9	225	
17	25	9	225	
17	25	9	225	
17	25	9	224	
17	25	9	224	
17	25	9	224	
17	25	9	224	
17	25	9	224	
17	25	9	223	
17	25	9	223	
17	25	9	223	
17	25	9	223	
17	25	9	224	
17	25	9	224	
17	25	9	226	
17	25	9	226	
17	25	9	226	
17	25	9	226	
17	25	9	224	
17	25	9	224	
17	25	9	224	
17	25	9	224	
17	25	9	223	
17	25	9	223	
17	25	9	221	
17	25	9	221	
17	25	9	223	
17	25	9	223	
17	25	9	226	
17	25	9	226	
17	25	9	239	
17	25	9	239	
17	25	9	266	
17	25	9	266	
17	25	9	304	
17	25	9	304	
17	25	10	329	
17	25	10	329	
17	25	10	353	
17	25	10	353	
17	25	10	361	
17	25	10	361	
17	25	10	361	
17	25	10	361	
17	25	10	350	
17	25	10	350	
17	25	10	337	
17	25	10	337	
17	25	10	324	
17	25	10	324	
17	25	10	308	
17	25	10	308	
17	25	10	301	
17	25	10	301	
17	25	10	289	
17	25	10	289	
17	25	10	274	
17	25	10	274	
17	25	10	262	
17	25	10	262	
17	25	10	248	
17	25	10	248	
17	25	10	243	
17	25	10	243	
17	25	10	242	
17	25	10	242	
17	25	10	248	
17	25	10	248	
17	25	10	251	
17	25	10	251	
17	25	10	250	
17	25	10	250	
17	25	10	245	
17	25	10	245	
17	25	10	242	
17	25	10	242	
17	25	10	242	
17	25	10	237	
17	25	10	237	
17	25	10	232	
17	25	10	232	
17	25	10	228	
17	25	10	224	
17	25	10	224	
17	25	10	224	
17	25	10	224	
17	25	10	223	
17	25	10	223	
17	25	10	223	
17	25	10	223	
17	25	10	222	
17	25	10	222	
17	25	10	217	
17	25	10	217	
17	25	10	217	
17	25	10	217	
17	25	10	216	
17	25	10	216	
17	25	10	217	
17	25	10	217	
17	25	10	217	
17	25	10	217	
17	25	10	217	
17	25	10	217	
17	25	10	217	
17	25	10	217	
17	25	10	217	
17	25	10	215	
17	25	10	215	
17	25	10	215	
17	25	10	215	
17	25	10	214	
17	25	10	214	
17	25	10	212	
17	25	10	212	
17	25	10	213	
17	25	10	213	
17	25	10	215	
17	25	10	215	
17	25	10	223	
17	25	10	223	
17	25	10	240	
17	25	10	240	
17	25	10	263	
17	25	10	263	
17	25	10	285	
17	25	10	285	
17	25	10	297	
17	25	10	297	
17	25	10	308	
17	25	10	308	
17	25	10	310	
17	25	10	310	
17	25	10	305	
17	25	10	305	
17	25	10	296	
17	25	11	296	
17	25	11	287	
17	25	11	287	
17	25	11	278	
17	25	11	278	
17	25	11	270	
17	25	11	270	
17	25	11	259	
17	25	11	259	
17	25	11	250	
17	25	11	250	
17	25	11	240	
17	25	11	240	
17	25	11	234	
17	25	11	234	
17	25	11	233	
17	25	11	233	
17	25	11	237	
17	25	11	237	
17	25	11	240	
17	25	11	240	
17	25	11	241	
17	25	11	241	
17	25	11	240	
17	25	11	240	
17	25	11	240	
17	25	11	240	
17	25	11	237	
17	25	11	237	
17	25	11	235	
17	25	11	235	
17	25	11	232	
17	25	11	232	
17	25	11	229	
17	25	11	229	
17	25	11	227	
17	25	11	227	
17	25	11	229	
17	25	11	229	
17	25	11	228	
17	25	11	228	
17	25	11	228	
17	25	11	226	
17	25	11	226	
17	25	11	226	
17	25	11	228	
17	25	11	228	
17	25	11	227	
17	25	11	227	
17	25	11	227	
17	25	11	227	
17	25	11	222	
17	25	11	222	
17	25	11	222	
17	25	11	222	
17	25	11	225	
17	25	11	225	
17	25	11	229	
17	25	11	229	
17	25	11	229	
17	25	11	231	
17	25	11	231	
17	25	11	230	
17	25	11	230	
17	25	11	228	
17	25	11	228	
17	25	11	230	
17	25	11	230	
17	25	11	231	
17	25	11	231	
17	25	11	234	
17	25	11	234	
17	25	11	243	
17	25	11	243	
17	25	11	257	
17	25	11	257	
17	25	11	285	
17	25	11	285	
17	25	11	299	
17	25	11	299	
17	25	11	306	
17	25	11	306	
17	25	11	306	
17	25	11	306	
17	25	11	300	
17	25	11	300	
17	25	11	291	
17	25	11	291	
17	25	11	282	
17	25	11	282	
17	25	11	275	
17	25	11	275	
17	25	11	268	
17	25	11	268	
17	25	11	260	
17	25	11	260	
17	25	11	251	
17	25	11	251	
17	25	11	244	
17	25	11	244	
17	25	12	241	
17	25	12	241	
17	25	12	241	
17	25	12	241	
17	25	12	242	
17	25	12	242	
17	25	12	244	
17	25	12	244	
17	25	12	245	
17	25	12	245	
17	25	12	245	
17	25	12	245	
17	25	12	245	
17	25	12	245	
17	25	12	243	
17	25	12	243	
17	25	12	240	
17	25	12	240	
17	25	12	234	
17	25	12	234	
17	25	12	232	
17	25	12	232	
17	25	12	229	
17	25	12	229	
17	25	12	228	
17	25	12	228	
17	25	12	228	
17	25	12	228	
17	25	12	227	
17	25	12	227	
17	25	12	226	
17	25	12	226	
17	25	12	225	
17	25	12	225	
17	25	12	225	
17	25	12	225	
17	25	12	225	
17	25	12	225	
17	25	12	225	
17	25	12	224	
17	25	12	224	
17	25	12	224	
17	25	12	226	
17	25	12	226	
17	25	12	225	
17	25	12	225	
17	25	12	223	
17	25	12	223	
17	25	12	223	
17	25	12	222	
17	25	12	220	
17	25	12	220	
17	25	12	220	
17	25	12	220	
17	25	12	220	
17	25	12	220	
17	25	12	220	
17	25	12	223	
17	25	12	223	
17	25	12	232	
17	25	12	232	
17	25	12	246	
17	25	12	246	
17	25	12	262	
17	25	12	262	
17	25	12	267	
17	25	12	267	
17	25	12	274	
17	25	12	274	
17	25	12	284	
17	25	12	284	
17	25	12	286	
17	25	12	286	
17	25	12	284	
17	25	12	284	
17	25	12	284	
17	25	12	284	
17	25	12	280	
17	25	12	280	
17	25	12	276	
17	25	12	276	
17	25	12	272	
17	25	12	272	
17	25	12	265	
17	25	12	265	
17	25	12	262	
17	25	12	262	
17	25	12	251	
17	25	12	251	
17	25	12	240	
17	25	12	240	
17	25	12	234	
17	25	12	234	
17	25	12	234	
17	25	12	234	
17	25	12	235	
17	25	12	235	
17	25	12	243	
17	25	12	243	
17	25	12	245	
17	25	13	245	
17	25	13	244	
17	25	13	247	
17	25	13	247	
17	25	13	245	
17	25	13	245	
17	25	13	244	
17	25	13	244	
17	25	13	240	
17	25	13	240	
17	25	13	236	
17	25	13	236	
17	25	13	233	
17	25	13	233	
17	25	13	232	
17	25	13	232	
17	25	13	231	
17	25	13	231	
17	25	13	234	
17	25	13	234	
17	25	13	234	
17	25	13	234	
17	25	13	234	
17	25	13	234	
17	25	13	234	
17	25	13	234	
17	25	13	234	
17	25	13	234	
17	25	13	234	
17	25	13	234	
17	25	13	234	
17	25	13	233	
17	25	13	233	
17	25	13	233	
17	25	13	234	
17	25	13	234	
17	25	13	234	
17	25	13	234	
17	25	13	235	
17	25	13	235	
17	25	13	235	
17	25	13	235	
17	25	13	235	
17	25	13	235	
17	25	13	235	
17	25	13	235	
17	25	13	235	
17	25	13	239	
17	25	13	239	
17	25	13	248	
17	25	13	248	
17	25	13	263	
17	25	13	263	
17	25	13	277	
17	25	13	277	
17	25	13	293	
17	25	13	293	
17	25	13	301	
17	25	13	301	
17	25	13	306	
17	25	13	306	
17	25	13	305	
17	25	13	305	
17	25	13	300	
17	25	13	300	
17	25	13	295	
17	25	13	295	
17	25	13	289	
17	25	13	289	
17	25	13	284	
17	25	13	284	
17	25	13	280	
17	25	13	280	
17	25	13	273	
17	25	13	273	
17	25	13	267	
17	25	13	267	
17	25	13	258	
17	25	13	258	
17	25	13	254	
17	25	13	254	
17	25	13	253	
17	25	13	253	
17	25	13	252	
17	25	13	252	
17	25	13	253	
17	25	13	253	
17	25	13	254	
17	25	13	254	
17	25	13	254	
17	25	13	254	
17	25	13	254	
17	25	13	254	
17	25	13	252	
17	25	13	252	
17	25	13	249	
17	25	13	249	
17	25	13	243	
17	25	13	243	
17	25	14	240	
17	25	14	241	
17	25	14	241	
17	25	14	239	
17	25	14	239	
17	25	14	238	
17	25	14	238	
17	25	14	237	
17	25	14	237	
17	25	14	237	
17	25	14	237	
17	25	14	235	
17	25	14	235	
17	25	14	234	
17	25	14	234	
17	25	14	233	
17	25	14	233	
17	25	14	233	
17	25	14	234	
17	25	14	232	
17	25	14	232	
17	25	14	232	
17	25	14	232	
17	25	14	232	
17	25	14	225	
17	25	14	225	
17	25	14	225	
17	25	14	225	
17	25	14	228	
17	25	14	228	
17	25	14	227	
17	25	14	229	
17	25	14	229	
17	25	14	229	
17	25	14	232	
17	25	14	235	
17	25	14	235	
17	25	14	235	
17	25	14	241	
17	25	14	241	
17	25	14	246	
17	25	14	246	
17	25	14	265	
17	25	14	265	
17	25	14	283	
17	25	14	283	
17	25	14	297	
17	25	14	297	
17	25	14	304	
17	25	14	304	
17	25	14	303	
17	25	14	303	
17	25	14	300	
17	25	14	300	
17	25	14	293	
17	25	14	293	
17	25	14	289	
17	25	14	289	
17	25	14	284	
17	25	14	284	
17	25	14	278	
17	25	14	278	
17	25	14	272	
17	25	14	272	
17	25	14	265	
17	25	14	265	
17	25	14	260	
17	25	14	260	
17	25	14	256	
17	25	14	256	
17	25	14	254	
17	25	14	254	
17	25	14	254	
17	25	14	254	
17	25	14	256	
17	25	14	256	
17	25	14	256	
17	25	14	256	
17	25	14	260	
17	25	14	260	
17	25	14	258	
17	25	14	258	
17	25	14	256	
17	25	14	256	
17	25	14	254	
17	25	14	254	
17	25	14	249	
17	25	14	249	
17	25	14	247	
17	25	14	247	
17	25	14	245	
17	25	14	245	
17	25	14	243	
17	25	14	243	
17	25	14	243	
17	25	14	241	
17	25	14	240	
17	25	14	240	
17	25	14	246	
17	25	15	246	
17	25	15	246	
17	25	15	246	
17	25	15	245	
17	25	15	245	
17	25	15	245	
17	25	15	245	
17	25	15	245	
17	25	15	245	
17	25	15	243	
17	25	15	243	
17	25	15	242	
17	25	15	242	
17	25	15	240	
17	25	15	240	
17	25	15	240	
17	25	15	240	
17	25	15	240	
17	25	15	238	
17	25	15	238	
17	25	15	241	
17	25	15	242	
17	25	15	242	
17	25	15	242	
17	25	15	245	
17	25	15	245	
17	25	15	251	
17	25	15	265	
17	25	15	265	
17	25	15	292	
17	25	15	292	
17	25	15	292	
17	25	15	299	
17	25	15	299	
17	25	15	310	
17	25	15	310	
17	25	15	317	
17	25	15	317	
17	25	15	314	
17	25	15	314	
17	25	15	311	
17	25	15	311	
17	25	15	306	
17	25	15	306	
17	25	15	298	
17	25	15	298	
17	25	15	293	
17	25	15	293	
17	25	15	288	
17	25	15	288	
17	25	15	281	
17	25	15	281	
17	25	15	273	
17	25	15	273	
17	25	15	267	
17	25	15	267	
17	25	15	262	
17	25	15	262	
17	25	15	259	
17	25	15	259	
17	25	15	254	
17	25	15	254	
17	25	15	259	
17	25	15	259	
17	25	15	262	
17	25	15	262	
17	25	15	262	
17	25	15	262	
17	25	15	262	
17	25	15	262	
17	25	15	259	
17	25	15	259	
17	25	15	257	
17	25	15	257	
17	25	15	253	
17	25	15	253	
17	25	15	253	
17	25	15	253	
17	25	15	249	
17	25	15	249	
17	25	15	240	
17	25	15	240	
17	25	15	237	
17	25	15	237	
17	25	15	235	
17	25	15	235	
17	25	15	235	
17	25	15	235	
17	25	15	234	
17	25	15	234	
17	25	15	234	
17	25	15	235	
17	25	15	237	
17	25	15	237	
17	25	15	237	
17	25	15	237	
17	25	15	237	
17	25	15	237	
17	25	15	235	
17	25	15	235	
17	25	16	232	
17	25	16	232	
17	25	16	230	
17	25	16	230	
17	25	16	229	
17	25	16	229	
17	25	16	230	
17	25	16	230	
17	25	16	231	
17	25	16	231	
17	25	16	231	
17	25	16	234	
17	25	16	234	
17	25	16	242	
17	25	16	242	
17	25	16	256	
17	25	16	256	
17	25	16	278	
17	25	16	278	
17	25	16	299	
17	25	16	299	
17	25	16	312	
17	25	16	312	
17	25	16	321	
17	25	16	321	
17	25	16	322	
17	25	16	322	
17	25	16	318	
17	25	16	318	
17	25	16	315	
17	25	16	315	
17	25	16	309	
17	25	16	303	
17	25	16	303	
17	25	16	303	
17	25	16	295	
17	25	16	295	
17	25	16	286	
17	25	16	286	
17	25	16	278	
17	25	16	278	
17	25	16	273	
17	25	16	273	
17	25	16	270	
17	25	16	270	
17	25	16	263	
17	25	16	263	
17	25	16	258	
17	25	16	258	
17	25	16	257	
17	25	16	257	
17	25	16	257	
17	25	16	257	
17	25	16	257	
17	25	16	257	
17	25	16	255	
17	25	16	255	
17	25	16	253	
17	25	16	253	
17	25	16	251	
17	25	16	251	
17	25	16	253	
17	25	16	253	
17	25	16	251	
17	25	16	251	
17	25	16	248	
17	25	16	248	
17	25	16	245	
17	25	16	245	
17	25	16	243	
17	25	16	243	
17	25	16	243	
17	25	16	243	
17	25	16	240	
17	25	16	240	
17	25	16	239	
17	25	16	239	
17	25	16	238	
17	25	16	238	
17	25	16	239	
17	25	16	239	
17	25	16	242	
17	25	16	242	
17	25	16	240	
17	25	16	240	
17	25	16	239	
17	25	16	239	
17	25	16	239	
17	25	16	237	
17	25	16	235	
17	25	16	235	
17	25	16	237	
17	25	16	237	
17	25	16	236	
17	25	16	236	
17	25	16	235	
17	25	16	235	
17	25	16	234	
17	25	16	234	
17	25	16	242	
17	25	17	242	
17	25	17	261	
17	25	17	261	
17	25	17	283	
17	25	17	283	
17	25	17	283	
17	25	17	308	
17	25	17	308	
17	25	17	327	
17	25	17	327	
17	25	17	339	
17	25	17	339	
17	25	17	342	
17	25	17	342	
17	25	17	342	
17	25	17	342	
17	25	17	335	
17	25	17	335	
17	25	17	326	
17	25	17	326	
17	25	17	315	
17	25	17	315	
17	25	17	307	
17	25	17	307	
17	25	17	298	
17	25	17	298	
17	25	17	289	
17	25	17	289	
17	25	17	278	
17	25	17	278	
17	25	17	270	
17	25	17	270	
17	25	17	265	
17	25	17	265	
17	25	17	261	
17	25	17	261	
17	25	17	261	
17	25	17	261	
17	25	17	262	
17	25	17	262	
17	25	17	262	
17	25	17	262	
17	25	17	261	
17	25	17	261	
17	25	17	259	
17	25	17	259	
17	25	17	256	
17	25	17	256	
17	25	17	251	
17	25	17	251	
17	25	17	247	
17	25	17	247	
17	25	17	243	
17	25	17	243	
17	25	17	240	
17	25	17	240	
17	25	17	241	
17	25	17	241	
17	25	17	240	
17	25	17	240	
17	25	17	234	
17	25	17	234	
17	25	17	234	
17	25	17	234	
17	25	17	232	
17	25	17	232	
17	25	17	226	
17	25	17	226	
17	25	17	227	
17	25	17	227	
17	25	17	229	
17	25	17	229	
17	25	17	231	
17	25	17	231	
17	25	17	231	
17	25	17	231	
17	25	17	230	
17	25	17	230	
17	25	17	229	
17	25	17	229	
17	25	17	227	
17	25	17	227	
17	25	17	232	
17	25	17	232	
17	25	17	232	
17	25	17	230	
17	25	17	234	
17	25	17	234	
17	25	17	248	
17	25	17	248	
17	25	17	259	
17	25	17	259	
17	25	17	281	
17	25	17	281	
17	25	17	305	
17	25	17	305	
17	25	17	321	
17	25	17	321	
17	25	17	321	
17	25	17	327	
17	25	18	327	
17	25	18	321	
17	25	18	321	
17	25	18	311	
17	25	18	301	
17	25	18	301	
17	25	18	301	
17	25	18	291	
17	25	18	291	
17	25	18	284	
17	25	18	284	
17	25	18	275	
17	25	18	275	
17	25	18	266	
17	25	18	266	
17	25	18	257	
17	25	18	257	
17	25	18	253	
17	25	18	253	
17	25	18	254	
17	25	18	254	
17	25	18	256	
17	25	18	256	
17	25	18	257	
17	25	18	257	
17	25	18	256	
17	25	18	256	
17	25	18	254	
17	25	18	254	
17	25	18	254	
17	25	18	254	
17	25	18	250	
17	25	18	250	
17	25	18	243	
17	25	18	243	
17	25	18	239	
17	25	18	239	
17	25	18	237	
17	25	18	237	
17	25	18	237	
17	25	18	237	
17	25	18	239	
17	25	18	239	
17	25	18	238	
17	25	18	238	
17	25	18	240	
17	25	18	240	
17	25	18	242	
17	25	18	242	
17	25	18	243	
17	25	18	243	
17	25	18	240	
17	25	18	240	
17	25	18	240	
17	25	18	240	
17	25	18	239	
17	25	18	239	
17	25	18	237	
17	25	18	237	
17	25	18	236	
17	25	18	236	
17	25	18	237	
17	25	18	237	
17	25	18	236	
17	25	18	236	
17	25	18	235	
17	25	18	235	
17	25	18	234	
17	25	18	234	
17	25	18	234	
17	25	18	234	
17	25	18	239	
17	25	18	239	
17	25	18	248	
17	25	18	248	
17	25	18	248	
17	25	18	265	
17	25	18	265	
17	25	18	285	
17	25	18	285	
17	25	18	306	
17	25	18	306	
17	25	18	317	
17	25	18	317	
17	25	18	319	
17	25	18	314	
17	25	18	314	
17	25	18	309	
17	25	18	309	
17	25	18	300	
17	25	18	300	
17	25	18	291	
17	25	18	291	
17	25	18	291	
17	25	18	282	
17	25	18	275	
17	25	18	275	
17	25	18	275	
17	25	18	266	
17	25	18	266	
17	25	19	258	
17	25	19	258	
17	25	19	252	
17	25	19	252	
17	25	19	250	
17	25	19	250	
17	25	19	251	
17	25	19	251	
17	25	19	252	
17	25	19	252	
17	25	19	253	
17	25	19	253	
17	25	19	254	
17	25	19	254	
17	25	19	251	
17	25	19	251	
17	25	19	250	
17	25	19	250	
17	25	19	249	
17	25	19	249	
17	25	19	248	
17	25	19	248	
17	25	19	241	
17	25	19	241	
17	25	19	238	
17	25	19	238	
17	25	19	237	
17	25	19	237	
17	25	19	235	
17	25	19	235	
17	25	19	234	
17	25	19	234	
17	25	19	233	
17	25	19	233	
17	25	19	232	
17	25	19	232	
17	25	19	233	
17	25	19	233	
17	25	19	232	
17	25	19	232	
17	25	19	232	
17	25	19	232	
17	25	19	230	
17	25	19	230	
17	25	19	227	
17	25	19	227	
17	25	19	228	
17	25	19	228	
17	25	19	228	
17	25	19	228	
17	25	19	228	
17	25	19	228	
17	25	19	226	
17	25	19	226	
17	25	19	226	
17	25	19	226	
17	25	19	229	
17	25	19	229	
17	25	19	240	
17	25	19	240	
17	25	19	252	
17	25	19	252	
17	25	19	270	
17	25	19	270	
17	25	19	289	
17	25	19	289	
17	25	19	303	
17	25	19	303	
17	25	19	303	
17	25	19	304	
17	25	19	304	
17	25	19	301	
17	25	19	297	
17	25	19	297	
17	25	19	297	
17	25	19	290	
17	25	19	290	
17	25	19	284	
17	25	19	284	
17	25	19	279	
17	25	19	279	
17	25	19	271	
17	25	19	263	
17	25	19	263	
17	25	19	259	
17	25	19	259	
17	25	19	259	
17	25	19	253	
17	25	19	253	
17	25	19	248	
17	25	19	248	
17	25	19	245	
17	25	19	245	
17	25	19	245	
17	25	19	245	
17	25	19	245	
17	25	19	245	
17	25	19	245	
17	25	19	245	
17	25	19	245	
17	25	20	245	
17	25	20	248	
17	25	20	248	
17	25	20	245	
17	25	20	245	
17	25	20	243	
17	25	20	243	
17	25	20	239	
17	25	20	239	
17	25	20	236	
17	25	20	236	
17	25	20	234	
17	25	20	234	
17	25	20	234	
17	25	20	234	
17	25	20	237	
17	25	20	237	
17	25	20	237	
17	25	20	237	
17	25	20	236	
17	25	20	236	
17	25	20	234	
17	25	20	234	
17	25	20	237	
17	25	20	237	
17	25	20	235	
17	25	20	235	
17	25	20	234	
17	25	20	234	
17	25	20	234	
17	25	20	234	
17	25	20	233	
17	25	20	233	
17	25	20	232	
17	25	20	232	
17	25	20	232	
17	25	20	232	
17	25	20	232	
17	25	20	232	
17	25	20	231	
17	25	20	231	
17	25	20	231	
17	25	20	231	
17	25	20	238	
17	25	20	238	
17	25	20	248	
17	25	20	248	
17	25	20	264	
17	25	20	264	
17	25	20	283	
17	25	20	283	
17	25	20	297	
17	25	20	297	
17	25	20	311	
17	25	20	311	
17	25	20	315	
17	25	20	315	
17	25	20	313	
17	25	20	313	
17	25	20	306	
17	25	20	306	
17	25	20	300	
17	25	20	300	
17	25	20	293	
17	25	20	293	
17	25	20	293	
17	25	20	287	
17	25	20	281	
17	25	20	281	
17	25	20	281	
17	25	20	281	
17	25	20	281	
17	25	20	273	
17	25	20	273	
17	25	20	262	
17	25	20	262	
17	25	20	254	
17	25	20	249	
17	25	20	249	
17	25	20	250	
17	25	20	250	
17	25	20	250	
17	25	20	250	
17	25	20	250	
17	25	20	251	
17	25	20	251	
17	25	20	251	
17	25	20	251	
17	25	20	250	
17	25	20	250	
17	25	20	248	
17	25	20	248	
17	25	20	245	
17	25	20	245	
17	25	20	243	
17	25	20	243	
17	25	20	240	
17	25	20	240	
17	25	20	238	
17	25	20	238	
17	25	21	236	
17	25	21	236	
17	25	21	231	
17	25	21	231	
17	25	21	231	
17	25	21	231	
17	25	21	226	
17	25	21	226	
17	25	21	226	
17	25	21	226	
17	25	21	228	
17	25	21	228	
17	25	21	232	
17	25	21	232	
17	25	21	232	
17	25	21	232	
17	25	21	232	
17	25	21	232	
17	25	21	230	
17	25	21	230	
17	25	21	228	
17	25	21	228	
17	25	21	229	
17	25	21	229	
17	25	21	227	
17	25	21	227	
17	25	21	226	
17	25	21	226	
17	25	21	224	
17	25	21	224	
17	25	21	225	
17	25	21	225	
17	25	21	232	
17	25	21	232	
17	25	21	242	
17	25	21	242	
17	25	21	258	
17	25	21	258	
17	25	21	268	
17	25	21	268	
17	25	21	268	
17	25	21	279	
17	25	21	287	
17	25	21	287	
17	25	21	289	
17	25	21	289	
17	25	21	288	
17	25	21	288	
17	25	21	284	
17	25	21	284	
17	25	21	278	
17	25	21	278	
17	25	21	273	
17	25	21	273	
17	25	21	265	
17	25	21	265	
17	25	21	259	
17	25	21	259	
17	25	21	251	
17	25	21	251	
17	25	21	251	
17	25	21	245	
17	25	21	242	
17	25	21	242	
17	25	21	242	
17	25	21	240	
17	25	21	240	
17	25	21	240	
17	25	21	240	
17	25	21	243	
17	25	21	243	
17	25	21	243	
17	25	21	243	
17	25	21	242	
17	25	21	241	
17	25	21	241	
17	25	21	241	
17	25	21	242	
17	25	21	242	
17	25	21	240	
17	25	21	240	
17	25	21	237	
17	25	21	237	
17	25	21	240	
17	25	21	240	
17	25	21	237	
17	25	21	237	
17	25	21	236	
17	25	21	236	
17	25	21	236	
17	25	21	236	
17	25	21	234	
17	25	21	234	
17	25	21	235	
17	25	21	235	
17	25	21	234	
17	25	21	234	
17	25	21	234	
17	25	21	234	
17	25	21	234	
17	25	22	234	
17	25	22	233	
17	25	22	233	
17	25	22	234	
17	25	22	234	
17	25	22	235	
17	25	22	235	
17	25	22	236	
17	25	22	236	
17	25	22	235	
17	25	22	235	
17	25	22	236	
17	25	22	236	
17	25	22	235	
17	25	22	235	
17	25	22	237	
17	25	22	237	
17	25	22	241	
17	25	22	241	
17	25	22	251	
17	25	22	251	
17	25	22	270	
17	25	22	270	
17	25	22	279	
17	25	22	279	
17	25	22	289	
17	25	22	289	
17	25	22	294	
17	25	22	294	
17	25	22	293	
17	25	22	293	
17	25	22	289	
17	25	22	289	
17	25	22	284	
17	25	22	284	
17	25	22	281	
17	25	22	281	
17	25	22	281	
17	25	22	276	
17	25	22	270	
17	25	22	270	
17	25	22	258	
17	25	22	258	
17	25	22	256	
17	25	22	256	
17	25	22	253	
17	25	22	253	
17	25	22	250	
17	25	22	250	
17	25	22	250	
17	25	22	250	
17	25	22	251	
17	25	22	251	
17	25	22	251	
17	25	22	250	
17	25	22	253	
17	25	22	253	
17	25	22	256	
17	25	22	256	
17	25	22	256	
17	25	22	256	
17	25	22	256	
17	25	22	253	
17	25	22	253	
17	25	22	248	
17	25	22	248	
17	25	22	240	
17	25	22	240	
17	25	22	236	
17	25	22	235	
17	25	22	235	
17	25	22	235	
17	25	22	238	
17	25	22	238	
17	25	22	237	
17	25	22	237	
17	25	22	239	
17	25	22	239	
17	25	22	238	
17	25	22	238	
17	25	22	238	
17	25	22	238	
17	25	22	240	
17	25	22	240	
17	25	22	236	
17	25	22	236	
17	25	22	234	
17	25	22	234	
17	25	22	233	
17	25	22	233	
17	25	22	232	
17	25	22	232	
17	25	22	231	
17	25	22	231	
17	25	22	229	
17	25	22	229	
17	25	22	228	
17	25	22	228	
17	25	22	229	
17	25	22	229	
17	25	23	233	
17	25	23	233	
17	25	23	240	
17	25	23	240	
17	25	23	251	
17	25	23	251	
17	25	23	265	
17	25	23	265	
17	25	23	273	
17	25	23	273	
17	25	23	281	
17	25	23	281	
17	25	23	284	
17	25	23	284	
17	25	23	284	
17	25	23	284	
17	25	23	281	
17	25	23	281	
17	25	23	276	
17	25	23	276	
17	25	23	271	
17	25	23	271	
17	25	23	267	
17	25	23	267	
17	25	23	261	
17	25	23	261	
17	25	23	257	
17	25	23	257	
17	25	23	254	
17	25	23	254	
17	25	23	254	
17	25	23	251	
17	25	23	251	
17	25	23	248	
17	25	23	243	
17	25	23	243	
17	25	23	245	
17	25	23	245	
17	25	23	244	
17	25	23	244	
17	25	23	242	
17	25	23	242	
17	25	23	245	
17	25	23	245	
17	25	23	243	
17	25	23	243	
17	25	23	241	
17	25	23	241	
17	25	23	240	
17	25	23	240	
17	25	23	240	
17	25	23	237	
17	25	23	237	
17	25	23	237	
17	25	23	237	
17	25	23	235	
17	25	23	235	
17	25	23	234	
17	25	23	234	
17	25	23	234	
17	25	23	234	
17	25	23	234	
17	25	23	234	
17	25	23	234	
17	25	23	234	
17	25	23	237	
17	25	23	237	
17	25	23	238	
17	25	23	238	
17	25	23	240	
17	25	23	240	
17	25	23	239	
17	25	23	239	
17	25	23	238	
17	25	23	238	
17	25	23	237	
17	25	23	237	
17	25	23	234	
17	25	23	234	
17	25	23	231	
17	25	23	231	
17	25	23	232	
17	25	23	232	
17	25	23	234	
17	25	23	234	
17	25	23	243	
17	25	23	243	
17	25	23	247	
17	25	23	247	
17	25	23	256	
17	25	23	256	
17	25	23	264	
17	25	23	264	
17	25	23	277	
17	25	23	277	
17	25	23	287	
17	25	23	287	
17	25	23	290	
17	25	23	290	
17	25	23	291	
17	25	24	291	
17	25	24	289	
17	25	24	289	
17	25	24	290	
17	25	24	290	
17	25	24	289	
17	25	24	289	
17	25	24	286	
17	25	24	286	
17	25	24	284	
17	25	24	284	
17	25	24	277	
17	25	24	277	
17	25	24	271	
17	25	24	271	
17	25	24	265	
17	25	24	265	
17	25	24	259	
17	25	24	259	
17	25	24	256	
17	25	24	256	
17	25	24	253	
17	25	24	253	
17	25	24	251	
17	25	24	251	
17	25	24	252	
17	25	24	252	
17	25	24	252	
17	25	24	252	
17	25	24	252	
17	25	24	253	
17	25	24	252	
17	25	24	252	
17	25	24	253	
17	25	24	253	
17	25	24	251	
17	25	24	251	
17	25	24	249	
17	25	24	249	
17	25	24	248	
17	25	24	248	
17	25	24	245	
17	25	24	245	
17	25	24	240	
17	25	24	240	
17	25	24	240	
17	25	24	232	
17	25	24	232	
17	25	24	234	
17	25	24	234	
17	25	24	237	
17	25	24	237	
17	25	24	239	
17	25	24	239	
17	25	24	241	
17	25	24	241	
17	25	24	241	
17	25	24	241	
17	25	24	240	
17	25	24	240	
17	25	24	240	
17	25	24	240	
17	25	24	230	
17	25	24	230	
17	25	24	228	
17	25	24	228	
17	25	24	234	
17	25	24	234	
17	25	24	237	
17	25	24	237	
17	25	24	237	
17	25	24	237	
17	25	24	239	
17	25	24	239	
17	25	24	243	
17	25	24	243	
17	25	24	253	
17	25	24	253	
17	25	24	262	
17	25	24	262	
17	25	24	270	
17	25	24	270	
17	25	24	276	
17	25	24	276	
17	25	24	280	
17	25	24	280	
17	25	24	280	
17	25	24	280	
17	25	24	278	
17	25	24	278	
17	25	24	276	
17	25	24	276	
17	25	24	275	
17	25	24	275	
17	25	24	270	
17	25	24	270	
17	25	24	267	
17	25	24	267	
17	25	24	260	
17	25	24	260	
17	25	25	254	
17	25	25	254	
17	25	25	251	
17	25	25	248	
17	25	25	248	
17	25	25	245	
17	25	25	245	
17	25	25	245	
17	25	25	245	
17	25	25	245	
17	25	25	245	
17	25	25	245	
17	25	25	245	
17	25	25	241	
17	25	25	241	
17	25	25	240	
17	25	25	240	
17	25	25	242	
17	25	25	242	
17	25	25	242	
17	25	25	241	
17	25	25	241	
17	25	25	245	
17	25	25	245	
17	25	25	244	
17	25	25	244	
17	25	25	242	
17	25	25	242	
17	25	25	243	
17	25	25	243	
17	25	25	243	
17	25	25	244	
17	25	25	244	
17	25	25	241	
17	25	25	241	
17	25	25	238	
17	25	25	238	
17	25	25	238	
17	25	25	238	
17	25	25	238	
17	25	25	237	
17	25	25	237	
17	25	25	240	
17	25	25	240	
17	25	25	241	
17	25	25	241	
17	25	25	240	
17	25	25	240	
17	25	25	240	
17	25	25	240	
17	25	25	240	
17	25	25	240	
17	25	25	240	
17	25	25	240	
17	25	25	240	
17	25	25	240	
17	25	25	243	
17	25	25	243	
17	25	25	248	
17	25	25	248	
17	25	25	256	
17	25	25	256	
17	25	25	276	
17	25	25	276	
17	25	25	286	
17	25	25	286	
17	25	25	291	
17	25	25	291	
17	25	25	290	
17	25	25	290	
17	25	25	288	
17	25	25	288	
17	25	25	283	
17	25	25	283	
17	25	25	279	
17	25	25	279	
17	25	25	276	
17	25	25	276	
17	25	25	274	
17	25	25	274	
17	25	25	270	
17	25	25	270	
17	25	25	266	
17	25	25	266	
17	25	25	262	
17	25	25	262	
17	25	25	256	
17	25	25	256	
17	25	25	255	
17	25	25	255	
17	25	25	256	
17	25	25	256	
17	25	25	256	
17	25	25	256	
17	25	25	257	
17	25	25	257	
17	25	25	259	
17	25	25	259	
17	25	25	258	
17	25	26	258	
17	25	26	254	
17	25	26	252	
17	25	26	252	
17	25	26	251	
17	25	26	251	
17	25	26	248	
17	25	26	248	
17	25	26	248	
17	25	26	248	
17	25	26	247	
17	25	26	247	
17	25	26	245	
17	25	26	245	
17	25	26	245	
17	25	26	245	
17	25	26	245	
17	25	26	244	
17	25	26	244	
17	25	26	244	
17	25	26	244	
17	25	26	243	
17	25	26	243	
17	25	26	242	
17	25	26	242	
17	25	26	242	
17	25	26	240	
17	25	26	240	
17	25	26	240	
17	25	26	240	
17	25	26	241	
17	25	26	241	
17	25	26	240	
17	25	26	240	
17	25	26	240	
17	25	26	240	
17	25	26	240	
17	25	26	240	
17	25	26	240	
17	25	26	241	
17	25	26	241	
17	25	26	245	
17	25	26	245	
17	25	26	249	
17	25	26	249	
17	25	26	255	
17	25	26	255	
17	25	26	259	
17	25	26	259	
17	25	26	266	
17	25	26	266	
17	25	26	273	
17	25	26	273	
17	25	26	274	
17	25	26	274	
17	25	26	273	
17	25	26	273	
17	25	26	270	
17	25	26	270	
17	25	26	268	
17	25	26	268	
17	25	26	266	
17	25	26	266	
17	25	26	262	
17	25	26	262	
17	25	26	257	
17	25	26	257	
17	25	26	252	
17	25	26	252	
17	25	26	248	
17	25	26	248	
17	25	26	245	
17	25	26	245	
17	25	26	244	
17	25	26	244	
17	25	26	245	
17	25	26	245	
17	25	26	245	
17	25	26	245	
17	25	26	244	
17	25	26	244	
17	25	26	244	
17	25	26	244	
17	25	26	244	
17	25	26	244	
17	25	26	243	
17	25	26	243	
17	25	26	243	
17	25	26	242	
17	25	26	241	
17	25	26	241	
17	25	26	240	
17	25	26	240	
17	25	26	240	
17	25	26	240	
17	25	26	240	
17	25	26	240	
17	25	26	238	
17	25	26	238	
17	25	27	236	
17	25	27	236	
17	25	27	240	
17	25	27	240	
17	25	27	240	
17	25	27	240	
17	25	27	240	
17	25	27	240	
17	25	27	240	
17	25	27	241	
17	25	27	240	
17	25	27	240	
17	25	27	240	
17	25	27	240	
17	25	27	240	
17	25	27	238	
17	25	27	238	
17	25	27	238	
17	25	27	238	
17	25	27	240	
17	25	27	240	
17	25	27	239	
17	25	27	243	
17	25	27	243	
17	25	27	246	
17	25	27	246	
17	25	27	250	
17	25	27	250	
17	25	27	250	
17	25	27	259	
17	25	27	259	
17	25	27	267	
17	25	27	267	
17	25	27	281	
17	25	27	281	
17	25	27	287	
17	25	27	287	
17	25	27	289	
17	25	27	289	
17	25	27	291	
17	25	27	291	
17	25	27	292	
17	25	27	292	
17	25	27	290	
17	25	27	290	
17	25	27	289	
17	25	27	289	
17	25	27	287	
17	25	27	287	
17	25	27	286	
17	25	27	286	
17	25	27	281	
17	25	27	281	
17	25	27	276	
17	25	27	276	
17	25	27	271	
17	25	27	271	
17	25	27	265	
17	25	27	265	
17	25	27	263	
17	25	27	263	
17	25	27	262	
17	25	27	262	
17	25	27	262	
17	25	27	262	
17	25	27	262	
17	25	27	262	
17	25	27	258	
17	25	27	258	
17	25	27	259	
17	25	27	259	
17	25	27	257	
17	25	27	257	
17	25	27	256	
17	25	27	256	
17	25	27	258	
17	25	27	258	
17	25	27	255	
17	25	27	255	
17	25	27	254	
17	25	27	254	
17	25	27	251	
17	25	27	251	
17	25	27	254	
17	25	27	254	
17	25	27	251	
17	25	27	251	
17	25	27	249	
17	25	27	249	
17	25	27	249	
17	25	27	249	
17	25	27	248	
17	25	27	248	
17	25	27	248	
17	25	27	248	
17	25	27	248	
17	25	27	248	
17	25	27	247	
17	25	27	247	
17	25	27	246	
17	25	28	246	
17	25	28	244	
17	25	28	244	
17	25	28	241	
17	25	28	241	
17	25	28	241	
17	25	28	241	
17	25	28	241	
17	25	28	240	
17	25	28	240	
17	25	28	240	
17	25	28	240	
17	25	28	243	
17	25	28	243	
17	25	28	248	
17	25	28	248	
17	25	28	253	
17	25	28	253	
17	25	28	260	
17	25	28	260	
17	25	28	273	
17	25	28	287	
17	25	28	287	
17	25	28	287	
17	25	28	295	
17	25	28	295	
17	25	28	298	
17	25	28	298	
17	25	28	297	
17	25	28	297	
17	25	28	294	
17	25	28	294	
17	25	28	291	
17	25	28	291	
17	25	28	287	
17	25	28	287	
17	25	28	283	
17	25	28	283	
17	25	28	276	
17	25	28	276	
17	25	28	270	
17	25	28	270	
17	25	28	262	
17	25	28	262	
17	25	28	256	
17	25	28	256	
17	25	28	254	
17	25	28	254	
17	25	28	252	
17	25	28	252	
17	25	28	251	
17	25	28	252	
17	25	28	252	
17	25	28	254	
17	25	28	254	
17	25	28	254	
17	25	28	254	
17	25	28	254	
17	25	28	253	
17	25	28	253	
17	25	28	251	
17	25	28	251	
17	25	28	248	
17	25	28	248	
17	25	28	245	
17	25	28	245	
17	25	28	243	
17	25	28	243	
17	25	28	241	
17	25	28	241	
17	25	28	240	
17	25	28	240	
17	25	28	240	
17	25	28	240	
17	25	28	240	
17	25	28	240	
17	25	28	240	
17	25	28	240	
17	25	28	240	
17	25	28	240	
17	25	28	238	
17	25	28	238	
17	25	28	239	
17	25	28	239	
17	25	28	243	
17	25	28	243	
17	25	28	244	
17	25	28	244	
17	25	28	243	
17	25	28	243	
17	25	28	242	
17	25	28	242	
17	25	28	242	
17	25	28	242	
17	25	28	241	
17	25	28	241	
17	25	28	241	
17	25	28	241	
17	25	28	243	
17	25	28	243	
17	25	29	248	
17	25	29	248	
17	25	29	256	
17	25	29	280	
17	25	29	280	
17	25	29	284	
17	25	29	284	
17	25	29	294	
17	25	29	294	
17	25	29	299	
17	25	29	299	
17	25	29	301	
17	25	29	301	
17	25	29	301	
17	25	29	298	
17	25	29	295	
17	25	29	295	
17	25	29	292	
17	25	29	292	
17	25	29	287	
17	25	29	287	
17	25	29	283	
17	25	29	283	
17	25	29	277	
17	25	29	277	
17	25	29	270	
17	25	29	270	
17	25	29	266	
17	25	29	266	
17	25	29	266	
17	25	29	263	
17	25	29	263	
17	25	29	262	
17	25	29	262	
17	25	29	262	
17	25	29	262	
17	25	29	262	
17	25	29	262	
17	25	29	264	
17	25	29	264	
17	25	29	262	
17	25	29	262	
17	25	29	262	
17	25	29	262	
17	25	29	261	
17	25	29	261	
17	25	29	258	
17	25	29	256	
17	25	29	256	
17	25	29	256	
17	25	29	255	
17	25	29	255	
17	25	29	254	
17	25	29	254	
17	25	29	253	
17	25	29	253	
17	25	29	252	
17	25	29	252	
17	25	29	251	
17	25	29	251	
17	25	29	251	
17	25	29	251	
17	25	29	250	
17	25	29	250	
17	25	29	250	
17	25	29	250	
17	25	29	248	
17	25	29	248	
17	25	29	247	
17	25	29	247	
17	25	29	246	
17	25	29	246	
17	25	29	245	
17	25	29	245	
17	25	29	246	
17	25	29	246	
17	25	29	245	
17	25	29	245	
17	25	29	245	
17	25	29	245	
17	25	29	245	
17	25	29	245	
17	25	29	246	
17	25	29	246	
17	25	29	248	
17	25	29	248	
17	25	29	256	
17	25	29	256	
17	25	29	270	
17	25	29	270	
17	25	29	291	
17	25	29	291	
17	25	29	300	
17	25	29	300	
17	25	29	304	
17	25	29	304	
17	25	29	302	
17	25	29	302	
17	25	29	297	
17	25	30	297	
17	25	30	288	
17	25	30	288	
17	25	30	284	
17	25	30	284	
17	25	30	281	
17	25	30	281	
17	25	30	278	
17	25	30	278	
17	25	30	278	
17	25	30	273	
17	25	30	273	
17	25	30	266	
17	25	30	259	
17	25	30	259	
17	25	30	256	
17	25	30	256	
17	25	30	254	
17	25	30	254	
17	25	30	254	
17	25	30	254	
17	25	30	255	
17	25	30	255	
17	25	30	255	
17	25	30	254	
17	25	30	254	
17	25	30	254	
17	25	30	254	
17	25	30	252	
17	25	30	252	
17	25	30	251	
17	25	30	251	
17	25	30	248	
17	25	30	248	
17	25	30	245	
17	25	30	245	
17	25	30	243	
17	25	30	243	
17	25	30	242	
17	25	30	242	
17	25	30	241	
17	25	30	241	
17	25	30	240	
17	25	30	240	
17	25	30	240	
17	25	30	236	
17	25	30	236	
17	25	30	237	
17	25	30	237	
17	25	30	237	
17	25	30	237	
17	25	30	242	
17	25	30	242	
17	25	30	243	
17	25	30	243	
17	25	30	243	
17	25	30	243	
17	25	30	242	
17	25	30	242	
17	25	30	240	
17	25	30	240	
17	25	30	237	
17	25	30	237	
17	25	30	238	
17	25	30	238	
17	25	30	238	
17	25	30	238	
17	25	30	239	
17	25	30	239	
17	25	30	240	
17	25	30	240	
17	25	30	240	
17	25	30	243	
17	25	30	243	
17	25	30	247	
17	25	30	260	
17	25	30	260	
17	25	30	280	
17	25	30	280	
17	25	30	286	
17	25	30	286	
17	25	30	306	
17	25	30	306	
17	25	30	314	
17	25	30	314	
17	25	30	317	
17	25	30	317	
17	25	30	317	
17	25	30	317	
17	25	30	317	
17	25	30	313	
17	25	30	308	
17	25	30	308	
17	25	30	308	
17	25	30	303	
17	25	30	303	
17	25	30	296	
17	25	30	296	
17	25	30	288	
17	25	31	288	
17	25	31	279	
17	25	31	279	
17	25	31	273	
17	25	31	273	
17	25	31	267	
17	25	31	267	
17	25	31	265	
17	25	31	265	
17	25	31	267	
17	25	31	267	
17	25	31	267	
17	25	31	267	
17	25	31	271	
17	25	31	271	
17	25	31	271	
17	25	31	271	
17	25	31	269	
17	25	31	269	
17	25	31	266	
17	25	31	266	
17	25	31	262	
17	25	31	262	
17	25	31	261	
17	25	31	261	
17	25	31	261	
17	25	31	261	
17	25	31	257	
17	25	31	257	
17	25	31	256	
17	25	31	256	
17	25	31	253	
17	25	31	253	
17	25	31	252	
17	25	31	252	
17	25	31	252	
17	25	31	252	
17	25	31	250	
17	25	31	250	
17	25	31	250	
17	25	31	250	
17	25	31	249	
17	25	31	249	
17	25	31	250	
17	25	31	250	
17	25	31	250	
17	25	31	250	
17	25	31	248	
17	25	31	248	
17	25	31	248	
17	25	31	248	
17	25	31	248	
17	25	31	248	
17	25	31	246	
17	25	31	246	
17	25	31	246	
17	25	31	246	
17	25	31	246	
17	25	31	246	
17	25	31	247	
17	25	31	247	
17	25	31	254	
17	25	31	254	
17	25	31	266	
17	25	31	266	
17	25	31	284	
17	25	31	284	
17	25	31	300	
17	25	31	300	
17	25	31	300	
17	25	31	314	
17	25	31	314	
17	25	31	320	
17	25	31	320	
17	25	31	322	
17	25	31	321	
17	25	31	321	
17	25	31	319	
17	25	31	319	
17	25	31	314	
17	25	31	314	
17	25	31	309	
17	25	31	309	
17	25	31	298	
17	25	31	298	
17	25	31	291	
17	25	31	291	
17	25	31	281	
17	25	31	281	
17	25	31	281	
17	25	31	273	
17	25	31	273	
17	25	31	267	
17	25	31	267	
17	25	31	270	
17	25	31	270	
17	25	31	267	
17	25	31	267	
17	25	31	263	
17	25	31	263	
17	25	32	262	
17	25	32	262	
17	25	32	261	
17	25	32	261	
17	25	32	258	
17	25	32	258	
17	25	32	257	
17	25	32	257	
17	25	32	254	
17	25	32	254	
17	25	32	253	
17	25	32	253	
17	25	32	251	
17	25	32	251	
17	25	32	248	
17	25	32	248	
17	25	32	245	
17	25	32	245	
17	25	32	241	
17	25	32	241	
17	25	32	240	
17	25	32	240	
17	25	32	240	
17	25	32	240	
17	25	32	240	
17	25	32	240	
17	25	32	240	
17	25	32	240	
17	25	32	240	
17	25	32	240	
17	25	32	239	
17	25	32	239	
17	25	32	237	
17	25	32	237	
17	25	32	237	
17	25	32	237	
17	25	32	237	
17	25	32	237	
17	25	32	237	
17	25	32	237	
17	25	32	238	
17	25	32	238	
17	25	32	237	
17	25	32	237	
17	25	32	234	
17	25	32	234	
17	25	32	242	
17	25	32	242	
17	25	32	251	
17	25	32	251	
17	25	32	268	
17	25	32	268	
17	25	32	289	
17	25	32	289	
17	25	32	300	
17	25	32	300	
17	25	32	314	
17	25	32	314	
17	25	32	323	
17	25	32	323	
17	25	32	322	
17	25	32	322	
17	25	32	320	
17	25	32	320	
17	25	32	320	
17	25	32	314	
17	25	32	314	
17	25	32	306	
17	25	32	306	
17	25	32	298	
17	25	32	298	
17	25	32	290	
17	25	32	284	
17	25	32	284	
17	25	32	278	
17	25	32	278	
17	25	32	270	
17	25	32	270	
17	25	32	267	
17	25	32	267	
17	25	32	265	
17	25	32	265	
17	25	32	265	
17	25	32	268	
17	25	32	268	
17	25	32	271	
17	25	32	271	
17	25	32	270	
17	25	32	270	
17	25	32	268	
17	25	32	268	
17	25	32	265	
17	25	32	265	
17	25	32	262	
17	25	32	262	
17	25	32	259	
17	25	32	259	
17	25	32	255	
17	25	32	255	
17	25	32	253	
17	25	33	253	
17	25	33	249	
17	25	33	249	
17	25	33	247	
17	25	33	247	
17	25	33	251	
17	25	33	251	
17	25	33	250	
17	25	33	250	
17	25	33	249	
17	25	33	249	
17	25	33	248	
17	25	33	248	
17	25	33	246	
17	25	33	246	
17	25	33	247	
17	25	33	247	
17	25	33	246	
17	25	33	246	
17	25	33	245	
17	25	33	245	
17	25	33	244	
17	25	33	244	
17	25	33	243	
17	25	33	243	
17	25	33	243	
17	25	33	243	
17	25	33	240	
17	25	33	240	
17	25	33	240	
17	25	33	240	
17	25	33	241	
17	25	33	241	
17	25	33	249	
17	25	33	249	
17	25	33	270	
17	25	33	270	
17	25	33	292	
17	25	33	292	
17	25	33	317	
17	25	33	317	
17	25	33	333	
17	25	33	333	
17	25	33	339	
17	25	33	339	
17	25	33	337	
17	25	33	337	
17	25	33	331	
17	25	33	331	
17	25	33	323	
17	25	33	323	
17	25	33	318	
17	25	33	318	
17	25	33	311	
17	25	33	311	
17	25	33	301	
17	25	33	301	
17	25	33	289	
17	25	33	289	
17	25	33	289	
17	25	33	278	
17	25	33	269	
17	25	33	269	
17	25	33	269	
17	25	33	262	
17	25	33	262	
17	25	33	263	
17	25	33	262	
17	25	33	262	
17	25	33	265	
17	25	33	265	
17	25	33	263	
17	25	33	263	
17	25	33	259	
17	25	33	259	
17	25	33	255	
17	25	33	255	
17	25	33	255	
17	25	33	251	
17	25	33	248	
17	25	33	248	
17	25	33	248	
17	25	33	245	
17	25	33	245	
17	25	33	240	
17	25	33	240	
17	25	33	238	
17	25	33	238	
17	25	33	235	
17	25	33	235	
17	25	33	233	
17	25	33	233	
17	25	33	232	
17	25	33	232	
17	25	33	232	
17	25	33	232	
17	25	33	232	
17	25	33	232	
17	25	33	229	
17	25	33	229	
17	25	34	230	
17	25	34	230	
17	25	34	233	
17	25	34	233	
17	25	34	232	
17	25	34	232	
17	25	34	232	
17	25	34	232	
17	25	34	229	
17	25	34	229	
17	25	34	227	
17	25	34	227	
17	25	34	226	
17	25	34	226	
17	25	34	225	
17	25	34	225	
17	25	34	226	
17	25	34	226	
17	25	34	229	
17	25	34	229	
17	25	34	239	
17	25	34	239	
17	25	34	260	
17	25	34	260	
17	25	34	285	
17	25	34	285	
17	25	34	309	
17	25	34	309	
17	25	34	329	
17	25	34	329	
17	25	34	340	
17	25	34	340	
17	25	34	342	
17	25	34	342	
17	25	34	340	
17	25	34	340	
17	25	34	336	
17	25	34	336	
17	25	34	329	
17	25	34	329	
17	25	34	320	
17	25	34	320	
17	25	34	311	
17	25	34	311	
17	25	34	302	
17	25	34	302	
17	25	34	293	
17	25	34	293	
17	25	34	284	
17	25	34	284	
17	25	34	284	
17	25	34	273	
17	25	34	265	
17	25	34	265	
17	25	34	265	
17	25	34	260	
17	25	34	260	
17	25	34	259	
17	25	34	259	
17	25	34	261	
17	25	34	261	
17	25	34	259	
17	25	34	259	
17	25	34	258	
17	25	34	257	
17	25	34	257	
17	25	34	258	
17	25	34	258	
17	25	34	251	
17	25	34	251	
17	25	34	251	
17	25	34	246	
17	25	34	246	
17	25	34	243	
17	25	34	243	
17	25	34	241	
17	25	34	241	
17	25	34	240	
17	25	34	240	
17	25	34	240	
17	25	34	240	
17	25	34	237	
17	25	34	237	
17	25	34	237	
17	25	34	237	
17	25	34	240	
17	25	34	240	
17	25	34	242	
17	25	34	242	
17	25	34	242	
17	25	34	242	
17	25	34	236	
17	25	34	236	
17	25	34	234	
17	25	34	234	
17	25	34	236	
17	25	34	236	
17	25	34	234	
17	25	34	234	
17	25	34	234	
17	25	35	234	
17	25	35	234	
17	25	35	234	
17	25	35	235	
17	25	35	235	
17	25	35	239	
17	25	35	239	
17	25	35	247	
17	25	35	247	
17	25	35	272	
17	25	35	272	
17	25	35	295	
17	25	35	295	
17	25	35	317	
17	25	35	317	
17	25	35	337	
17	25	35	337	
17	25	35	347	
17	25	35	347	
17	25	35	350	
17	25	35	350	
17	25	35	344	
17	25	35	344	
17	25	35	339	
17	25	35	339	
17	25	35	330	
17	25	35	330	
17	25	35	322	
17	25	35	322	
17	25	35	312	
17	25	35	312	
17	25	35	302	
17	25	35	302	
17	25	35	289	
17	25	35	289	
17	25	35	283	
17	25	35	283	
17	25	35	270	
17	25	35	270	
17	25	35	262	
17	25	35	262	
17	25	35	257	
17	25	35	257	
17	25	35	255	
17	25	35	255	
17	25	35	251	
17	25	35	251	
17	25	35	251	
17	25	35	251	
17	25	35	251	
17	25	35	251	
17	25	35	251	
17	25	35	249	
17	25	35	249	
17	25	35	247	
17	25	35	247	
17	25	35	243	
17	25	35	243	
17	25	35	239	
17	25	35	235	
17	25	35	235	
17	25	35	234	
17	25	35	234	
17	25	35	234	
17	25	35	232	
17	25	35	232	
17	25	35	232	
17	25	35	232	
17	25	35	229	
17	25	35	229	
17	25	35	226	
17	25	35	226	
17	25	35	226	
17	25	35	226	
17	25	35	226	
17	25	35	226	
17	25	35	225	
17	25	35	225	
17	25	35	224	
17	25	35	224	
17	25	35	224	
17	25	35	224	
17	25	35	225	
17	25	35	225	
17	25	35	224	
17	25	35	224	
17	25	35	223	
17	25	35	223	
17	25	35	223	
17	25	35	223	
17	25	35	223	
17	25	35	223	
17	25	35	229	
17	25	35	229	
17	25	35	245	
17	25	35	245	
17	25	35	267	
17	25	35	267	
17	25	35	291	
17	25	35	291	
17	25	36	310	
17	25	36	310	
17	25	36	330	
17	25	36	330	
17	25	36	337	
17	25	36	337	
17	25	36	335	
17	25	36	335	
17	25	36	327	
17	25	36	327	
17	25	36	316	
17	25	36	316	
17	25	36	306	
17	25	36	306	
17	25	36	295	
17	25	36	295	
17	25	36	289	
17	25	36	289	
17	25	36	281	
17	25	36	281	
17	25	36	267	
17	25	36	267	
17	25	36	255	
17	25	36	255	
17	25	36	247	
17	25	36	247	
17	25	36	251	
17	25	36	251	
17	25	36	255	
17	25	36	255	
17	25	36	256	
17	25	36	256	
17	25	36	257	
17	25	36	257	
17	25	36	256	
17	25	36	256	
17	25	36	253	
17	25	36	253	
17	25	36	250	
17	25	36	250	
17	25	36	245	
17	25	36	245	
17	25	36	245	
17	25	36	242	
17	25	36	242	
17	25	36	238	
17	25	36	238	
17	25	36	238	
17	25	36	238	
17	25	36	237	
17	25	36	237	
17	25	36	236	
17	25	36	236	
17	25	36	236	
17	25	36	236	
17	25	36	234	
17	25	36	232	
17	25	36	232	
17	25	36	234	
17	25	36	234	
17	25	36	234	
17	25	36	235	
17	25	36	235	
17	25	36	234	
17	25	36	234	
17	25	36	234	
17	25	36	234	
17	25	36	235	
17	25	36	235	
17	25	36	235	
17	25	36	235	
17	25	36	234	
17	25	36	234	
17	25	36	233	
17	25	36	233	
17	25	36	234	
17	25	36	234	
17	25	36	238	
17	25	36	238	
17	25	36	251	
17	25	36	251	
17	25	36	273	
17	25	36	273	
17	25	36	298	
17	25	36	298	
17	25	36	320	
17	25	36	320	
17	25	36	334	
17	25	36	334	
17	25	36	341	
17	25	36	341	
17	25	36	336	
17	25	36	336	
17	25	36	329	
17	25	36	329	
17	25	36	320	
17	25	36	320	
17	25	36	309	
17	25	36	309	
17	25	36	300	
17	25	37	300	
17	25	37	289	
17	25	37	289	
17	25	37	285	
17	25	37	285	
17	25	37	271	
17	25	37	271	
17	25	37	259	
17	25	37	259	
17	25	37	252	
17	25	37	252	
17	25	37	251	
17	25	37	251	
17	25	37	251	
17	25	37	251	
17	25	37	254	
17	25	37	254	
17	25	37	254	
17	25	37	254	
17	25	37	254	
17	25	37	254	
17	25	37	251	
17	25	37	251	
17	25	37	249	
17	25	37	249	
17	25	37	245	
17	25	37	245	
17	25	37	236	
17	25	37	236	
17	25	37	233	
17	25	37	233	
17	25	37	231	
17	25	37	231	
17	25	37	228	
17	25	37	228	
17	25	37	228	
17	25	37	226	
17	25	37	226	
17	25	37	226	
17	25	37	226	
17	25	37	226	
17	25	37	226	
17	25	37	223	
17	25	37	223	
17	25	37	223	
17	25	37	223	
17	25	37	223	
17	25	37	223	
17	25	37	224	
17	25	37	224	
17	25	37	224	
17	25	37	224	
17	25	37	225	
17	25	37	222	
17	25	37	222	
17	25	37	222	
17	25	37	226	
17	25	37	226	
17	25	37	224	
17	25	37	224	
17	25	37	222	
17	25	37	222	
17	25	37	222	
17	25	37	222	
17	25	37	227	
17	25	37	227	
17	25	37	243	
17	25	37	243	
17	25	37	267	
17	25	37	267	
17	25	37	289	
17	25	37	289	
17	25	37	314	
17	25	37	314	
17	25	37	333	
17	25	37	333	
17	25	37	342	
17	25	37	342	
17	25	37	342	
17	25	37	342	
17	25	37	336	
17	25	37	336	
17	25	37	328	
17	25	37	328	
17	25	37	322	
17	25	37	322	
17	25	37	312	
17	25	37	312	
17	25	37	300	
17	25	37	300	
17	25	37	287	
17	25	37	287	
17	25	37	277	
17	25	37	277	
17	25	37	267	
17	25	37	267	
17	25	37	256	
17	25	37	256	
17	25	37	248	
17	25	37	248	
17	25	38	247	
17	25	38	247	
17	25	38	249	
17	25	38	249	
17	25	38	251	
17	25	38	251	
17	25	38	253	
17	25	38	253	
17	25	38	251	
17	25	38	251	
17	25	38	246	
17	25	38	246	
17	25	38	243	
17	25	38	243	
17	25	38	239	
17	25	38	239	
17	25	38	239	
17	25	38	236	
17	25	38	234	
17	25	38	234	
17	25	38	232	
17	25	38	232	
17	25	38	231	
17	25	38	231	
17	25	38	228	
17	25	38	228	
17	25	38	229	
17	25	38	229	
17	25	38	232	
17	25	38	232	
17	25	38	232	
17	25	38	232	
17	25	38	232	
17	25	38	232	
17	25	38	232	
17	25	38	231	
17	25	38	231	
17	25	38	229	
17	25	38	229	
17	25	38	229	
17	25	38	229	
17	25	38	227	
17	25	38	227	
17	25	38	226	
17	25	38	226	
17	25	38	225	
17	25	38	225	
17	25	38	224	
17	25	38	224	
17	25	38	229	
17	25	38	229	
17	25	38	232	
17	25	38	232	
17	25	38	245	
17	25	38	245	
17	25	38	266	
17	25	38	266	
17	25	38	290	
17	25	38	290	
17	25	38	317	
17	25	38	317	
17	25	38	338	
17	25	38	338	
17	25	38	346	
17	25	38	346	
17	25	38	344	
17	25	38	344	
17	25	38	335	
17	25	38	335	
17	25	38	323	
17	25	38	323	
17	25	38	313	
17	25	38	313	
17	25	38	303	
17	25	38	303	
17	25	38	295	
17	25	38	295	
17	25	38	281	
17	25	38	281	
17	25	38	270	
17	25	38	270	
17	25	38	259	
17	25	38	259	
17	25	38	249	
17	25	38	249	
17	25	38	249	
17	25	38	249	
17	25	38	245	
17	25	38	245	
17	25	38	246	
17	25	38	246	
17	25	38	248	
17	25	38	248	
17	25	38	251	
17	25	38	251	
17	25	38	250	
17	25	38	250	
17	25	38	247	
17	25	38	247	
17	25	38	248	
17	25	39	248	
17	25	39	243	
17	25	39	243	
17	25	39	237	
17	25	39	237	
17	25	39	233	
17	25	39	233	
17	25	39	227	
17	25	39	227	
17	25	39	227	
17	25	39	226	
17	25	39	226	
17	25	39	224	
17	25	39	224	
17	25	39	222	
17	25	39	222	
17	25	39	222	
17	25	39	224	
17	25	39	224	
17	25	39	224	
17	25	39	224	
17	25	39	224	
17	25	39	224	
17	25	39	223	
17	25	39	223	
17	25	39	223	
17	25	39	223	
17	25	39	222	
17	25	39	222	
17	25	39	222	
17	25	39	218	
17	25	39	218	
17	25	39	219	
17	25	39	219	
17	25	39	218	
17	25	39	218	
17	25	39	218	
17	25	39	218	
17	25	39	218	
17	25	39	218	
17	25	39	219	
17	25	39	219	
17	25	39	226	
17	25	39	226	
17	25	39	238	
17	25	39	251	
17	25	39	251	
17	25	39	251	
17	25	39	276	
17	25	39	276	
17	25	39	292	
17	25	39	292	
17	25	39	303	
17	25	39	303	
17	25	39	305	
17	25	39	305	
17	25	39	300	
17	25	39	300	
17	25	39	292	
17	25	39	292	
17	25	39	284	
17	25	39	284	
17	25	39	277	
17	25	39	277	
17	25	39	270	
17	25	39	270	
17	25	39	263	
17	25	39	263	
17	25	39	253	
17	25	39	253	
17	25	39	250	
17	25	39	250	
17	25	39	246	
17	25	39	246	
17	25	39	240	
17	25	39	240	
17	25	39	236	
17	25	39	236	
17	25	39	235	
17	25	39	235	
17	25	39	237	
17	25	39	237	
17	25	39	240	
17	25	39	240	
17	25	39	239	
17	25	39	239	
17	25	39	236	
17	25	39	236	
17	25	39	240	
17	25	39	240	
17	25	39	235	
17	25	39	235	
17	25	39	233	
17	25	39	233	
17	25	39	231	
17	25	39	231	
17	25	39	229	
17	25	39	229	
17	25	39	229	
17	25	39	229	
17	25	40	227	
17	25	40	227	
17	25	40	226	
17	25	40	226	
17	25	40	226	
17	25	40	226	
17	25	40	226	
17	25	40	226	
17	25	40	226	
17	25	40	228	
17	25	40	228	
17	25	40	229	
17	25	40	226	
17	25	40	226	
17	25	40	227	
17	25	40	227	
17	25	40	226	
17	25	40	226	
17	25	40	229	
17	25	40	229	
17	25	40	229	
17	25	40	229	
17	25	40	229	
17	25	40	229	
17	25	40	229	
17	25	40	231	
17	25	40	231	
17	25	40	231	
17	25	40	231	
17	25	40	243	
17	25	40	243	
17	25	40	251	
17	25	40	251	
17	25	40	264	
17	25	40	264	
17	25	40	278	
17	25	40	278	
17	25	40	286	
17	25	40	286	
17	25	40	290	
17	25	40	290	
17	25	40	289	
17	25	40	289	
17	25	40	286	
17	25	40	286	
17	25	40	278	
17	25	40	272	
17	25	40	272	
17	25	40	269	
17	25	40	269	
17	25	40	264	
17	25	40	264	
17	25	40	257	
17	25	40	257	
17	25	40	257	
17	25	40	251	
17	25	40	251	
17	25	40	247	
17	25	40	247	
17	25	40	244	
17	25	40	244	
17	25	40	242	
17	25	40	242	
17	25	40	241	
17	25	40	241	
17	25	40	243	
17	25	40	243	
17	25	40	243	
17	25	40	243	
17	25	40	242	
17	25	40	242	
17	25	40	241	
17	25	40	241	
17	25	40	238	
17	25	40	238	
17	25	40	237	
17	25	40	236	
17	25	40	236	
17	25	40	236	
17	25	40	236	
17	25	40	236	
17	25	40	235	
17	25	40	235	
17	25	40	233	
17	25	40	233	
17	25	40	232	
17	25	40	232	
17	25	40	232	
17	25	40	232	
17	25	40	227	
17	25	40	227	
17	25	40	228	
17	25	40	228	
17	25	40	225	
17	25	40	225	
17	25	40	227	
17	25	40	227	
17	25	40	227	
17	25	40	227	
17	25	41	226	
17	25	41	226	
17	25	41	228	
17	25	41	228	
17	25	41	226	
17	25	41	226	
17	25	41	226	
17	25	41	226	
17	25	41	224	
17	25	41	224	
17	25	41	227	
17	25	41	227	
17	25	41	227	
17	25	41	227	
17	25	41	228	
17	25	41	228	
17	25	41	230	
17	25	41	230	
17	25	41	237	
17	25	41	237	
17	25	41	245	
17	25	41	245	
17	25	41	248	
17	25	41	248	
17	25	41	254	
17	25	41	254	
17	25	41	262	
17	25	41	262	
17	25	41	267	
17	25	41	267	
17	25	41	269	
17	25	41	269	
17	25	41	268	
17	25	41	268	
17	25	41	268	
17	25	41	265	
17	25	41	265	
17	25	41	262	
17	25	41	262	
17	25	41	260	
17	25	41	260	
17	25	41	254	
17	25	41	250	
17	25	41	250	
17	25	41	247	
17	25	41	247	
17	25	41	242	
17	25	41	242	
17	25	41	239	
17	25	41	239	
17	25	41	239	
17	25	41	233	
17	25	41	233	
17	25	41	233	
17	25	41	233	
17	25	41	234	
17	25	41	234	
17	25	41	235	
17	25	41	235	
17	25	41	239	
17	25	41	239	
17	25	41	236	
17	25	41	236	
17	25	41	236	
17	25	41	236	
17	25	41	236	
17	25	41	236	
17	25	41	234	
17	25	41	234	
17	25	41	233	
17	25	41	233	
17	25	41	234	
17	25	41	234	
17	25	41	234	
17	25	41	234	
17	25	41	233	
17	25	41	233	
17	25	41	232	
17	25	41	232	
17	25	41	232	
17	25	41	232	
17	25	41	230	
17	25	41	230	
17	25	41	231	
17	25	41	232	
17	25	41	232	
17	25	41	228	
17	25	41	228	
17	25	41	230	
17	25	41	230	
17	25	41	237	
17	25	41	237	
17	25	41	239	
17	25	41	239	
17	25	41	238	
17	25	41	238	
17	25	41	238	
17	25	41	237	
17	25	41	234	
17	25	42	234	
17	25	42	234	
17	25	42	234	
17	25	42	234	
17	25	42	233	
17	25	42	235	
17	25	42	235	
17	25	42	240	
17	25	42	240	
17	25	42	246	
17	25	42	246	
17	25	42	257	
17	25	42	257	
17	25	42	270	
17	25	42	270	
17	25	42	280	
17	25	42	280	
17	25	42	281	
17	25	42	281	
17	25	42	281	
17	25	42	281	
17	25	42	279	
17	25	42	279	
17	25	42	279	
17	25	42	278	
17	25	42	278	
17	25	42	276	
17	25	42	276	
17	25	42	273	
17	25	42	273	
17	25	42	272	
17	25	42	272	
17	25	42	268	
17	25	42	268	
17	25	42	262	
17	25	42	262	
17	25	42	258	
17	25	42	254	
17	25	42	254	
17	25	42	254	
17	25	42	253	
17	25	42	253	
17	25	42	251	
17	25	42	251	
17	25	42	251	
17	25	42	251	
17	25	42	251	
17	25	42	251	
17	25	42	251	
17	25	42	251	
17	25	42	249	
17	25	42	249	
17	25	42	248	
17	25	42	248	
17	25	42	245	
17	25	42	245	
17	25	42	245	
17	25	42	245	
17	25	42	244	
17	25	42	244	
17	25	42	243	
17	25	42	243	
17	25	42	243	
17	25	42	243	
17	25	42	243	
17	25	42	243	
17	25	42	241	
17	25	42	241	
17	25	42	240	
17	25	42	240	
17	25	42	230	
17	25	42	230	
17	25	42	234	
17	25	42	234	
17	25	42	235	
17	25	42	235	
17	25	42	237	
17	25	42	237	
17	25	42	237	
17	25	42	237	
17	25	42	239	
17	25	42	239	
17	25	42	239	
17	25	42	239	
17	25	42	240	
17	25	42	240	
17	25	42	237	
17	25	42	237	
17	25	42	234	
17	25	42	234	
17	25	42	233	
17	25	42	233	
17	25	42	233	
17	25	42	233	
17	25	42	231	
17	25	42	231	
17	25	42	231	
17	25	42	234	
17	25	42	234	
17	25	42	235	
17	25	42	235	
17	25	43	241	
17	25	43	248	
17	25	43	248	
17	25	43	258	
17	25	43	258	
17	25	43	270	
17	25	43	270	
17	25	43	278	
17	25	43	278	
17	25	43	280	
17	25	43	280	
17	25	43	281	
17	25	43	281	
17	25	43	281	
17	25	43	279	
17	25	43	279	
17	25	43	277	
17	25	43	277	
17	25	43	276	
17	25	43	276	
17	25	43	273	
17	25	43	273	
17	25	43	268	
17	25	43	268	
17	25	43	263	
17	25	43	263	
17	25	43	259	
17	25	43	259	
17	25	43	254	
17	25	43	254	
17	25	43	252	
17	25	43	252	
17	25	43	251	
17	25	43	251	
17	25	43	251	
17	25	43	251	
17	25	43	251	
17	25	43	251	
17	25	43	251	
17	25	43	251	
17	25	43	250	
17	25	43	250	
17	25	43	249	
17	25	43	249	
17	25	43	250	
17	25	43	250	
17	25	43	253	
17	25	43	253	
17	25	43	250	
17	25	43	250	
17	25	43	249	
17	25	43	249	
17	25	43	247	
17	25	43	247	
17	25	43	245	
17	25	43	245	
17	25	43	243	
17	25	43	243	
17	25	43	243	
17	25	43	243	
17	25	43	241	
17	25	43	241	
17	25	43	242	
17	25	43	242	
17	25	43	241	
17	25	43	241	
17	25	43	244	
17	25	43	244	
17	25	43	244	
17	25	43	244	
17	25	43	243	
17	25	43	243	
17	25	43	245	
17	25	43	245	
17	25	43	244	
17	25	43	244	
17	25	43	243	
17	25	43	243	
17	25	43	243	
17	25	43	243	
17	25	43	241	
17	25	43	241	
17	25	43	241	
17	25	43	241	
17	25	43	243	
17	25	43	243	
17	25	43	247	
17	25	43	247	
17	25	43	254	
17	25	43	254	
17	25	43	254	
17	25	43	265	
17	25	43	265	
17	25	43	276	
17	25	43	276	
17	25	43	289	
17	25	43	289	
17	25	43	296	
17	25	43	300	
17	25	44	300	
17	25	44	301	
17	25	44	301	
17	25	44	298	
17	25	44	298	
17	25	44	293	
17	25	44	293	
17	25	44	289	
17	25	44	289	
17	25	44	289	
17	25	44	284	
17	25	44	284	
17	25	44	277	
17	25	44	277	
17	25	44	271	
17	25	44	271	
17	25	44	265	
17	25	44	265	
17	25	44	262	
17	25	44	262	
17	25	44	262	
17	25	44	262	
17	25	44	262	
17	25	44	262	
17	25	44	258	
17	25	44	258	
17	25	44	260	
17	25	44	260	
17	25	44	259	
17	25	44	259	
17	25	44	259	
17	25	44	259	
17	25	44	262	
17	25	44	262	
17	25	44	261	
17	25	44	261	
17	25	44	259	
17	25	44	259	
17	25	44	259	
17	25	44	259	
17	25	44	256	
17	25	44	256	
17	25	44	254	
17	25	44	254	
17	25	44	251	
17	25	44	251	
17	25	44	255	
17	25	44	255	
17	25	44	252	
17	25	44	252	
17	25	44	247	
17	25	44	247	
17	25	44	245	
17	25	44	245	
17	25	44	243	
17	25	44	243	
17	25	44	243	
17	25	44	243	
17	25	44	243	
17	25	44	243	
17	25	44	243	
17	25	44	243	
17	25	44	243	
17	25	44	243	
17	25	44	243	
17	25	44	243	
17	25	44	244	
17	25	44	244	
17	25	44	243	
17	25	44	243	
17	25	44	239	
17	25	44	239	
17	25	44	240	
17	25	44	240	
17	25	44	243	
17	25	44	243	
17	25	44	251	
17	25	44	251	
17	25	44	266	
17	25	44	266	
17	25	44	276	
17	25	44	276	
17	25	44	276	
17	25	44	288	
17	25	44	298	
17	25	44	298	
17	25	44	298	
17	25	44	301	
17	25	44	301	
17	25	44	302	
17	25	44	302	
17	25	44	300	
17	25	44	300	
17	25	44	301	
17	25	44	301	
17	25	44	297	
17	25	44	297	
17	25	44	292	
17	25	44	285	
17	25	44	285	
17	25	45	278	
17	25	45	278	
17	25	45	270	
17	25	45	270	
17	25	45	270	
17	25	45	270	
17	25	45	270	
17	25	45	265	
17	25	45	265	
17	25	45	259	
17	25	45	259	
17	25	45	259	
17	25	45	259	
17	25	45	256	
17	25	45	256	
17	25	45	257	
17	25	45	257	
17	25	45	255	
17	25	45	255	
17	25	45	255	
17	25	45	255	
17	25	45	254	
17	25	45	254	
17	25	45	252	
17	25	45	252	
17	25	45	248	
17	25	45	248	
17	25	45	245	
17	25	45	245	
17	25	45	245	
17	25	45	245	
17	25	45	249	
17	25	45	249	
17	25	45	248	
17	25	45	248	
17	25	45	245	
17	25	45	245	
17	25	45	245	
17	25	45	245	
17	25	45	245	
17	25	45	245	
17	25	45	242	
17	25	45	242	
17	25	45	241	
17	25	45	241	
17	25	45	242	
17	25	45	242	
17	25	45	243	
17	25	45	243	
17	25	45	243	
17	25	45	243	
17	25	45	245	
17	25	45	245	
17	25	45	243	
17	25	45	243	
17	25	45	243	
17	25	45	243	
17	25	45	243	
17	25	45	243	
17	25	45	243	
17	25	45	245	
17	25	45	245	
17	25	45	245	
17	25	45	253	
17	25	45	253	
17	25	45	265	
17	25	45	265	
17	25	45	281	
17	25	45	281	
17	25	45	304	
17	25	45	304	
17	25	45	323	
17	25	45	323	
17	25	45	333	
17	25	45	333	
17	25	45	336	
17	25	45	336	
17	25	45	335	
17	25	45	335	
17	25	45	335	
17	25	45	331	
17	25	45	331	
17	25	45	326	
17	25	45	321	
17	25	45	321	
17	25	45	321	
17	25	45	316	
17	25	45	316	
17	25	45	309	
17	25	45	309	
17	25	45	301	
17	25	45	301	
17	25	45	292	
17	25	45	283	
17	25	45	283	
17	25	45	275	
17	25	45	275	
17	25	45	270	
17	25	45	270	
17	25	45	270	
17	25	45	272	
17	25	46	272	
17	25	46	273	
17	25	46	275	
17	25	46	275	
17	25	46	275	
17	25	46	278	
17	25	46	278	
17	25	46	273	
17	25	46	273	
17	25	46	272	
17	25	46	272	
17	25	46	268	
17	25	46	268	
17	25	46	265	
17	25	46	265	
17	25	46	261	
17	25	46	261	
17	25	46	257	
17	25	46	257	
17	25	46	254	
17	25	46	254	
17	25	46	251	
17	25	46	251	
17	25	46	250	
17	25	46	250	
17	25	46	249	
17	25	46	249	
17	25	46	251	
17	25	46	251	
17	25	46	249	
17	25	46	249	
17	25	46	248	
17	25	46	248	
17	25	46	247	
17	25	46	247	
17	25	46	246	
17	25	46	246	
17	25	46	244	
17	25	46	244	
17	25	46	243	
17	25	46	243	
17	25	46	243	
17	25	46	243	
17	25	46	241	
17	25	46	241	
17	25	46	240	
17	25	46	240	
17	25	46	240	
17	25	46	240	
17	25	46	240	
17	25	46	240	
17	25	46	238	
17	25	46	238	
17	25	46	245	
17	25	46	245	
17	25	46	256	
17	25	46	256	
17	25	46	274	
17	25	46	274	
17	25	46	300	
17	25	46	300	
17	25	46	324	
17	25	46	324	
17	25	46	336	
17	25	46	336	
17	25	46	339	
17	25	46	339	
17	25	46	335	
17	25	46	335	
17	25	46	327	
17	25	46	327	
17	25	46	327	
17	25	46	321	
17	25	46	314	
17	25	46	314	
17	25	46	314	
17	25	46	306	
17	25	46	306	
17	25	46	298	
17	25	46	298	
17	25	46	288	
17	25	46	288	
17	25	46	276	
17	25	46	276	
17	25	46	267	
17	25	46	267	
17	25	46	260	
17	25	46	260	
17	25	46	257	
17	25	46	257	
17	25	46	260	
17	25	46	260	
17	25	46	265	
17	25	46	265	
17	25	46	265	
17	25	46	265	
17	25	46	264	
17	25	46	264	
17	25	46	262	
17	25	47	262	
17	25	47	257	
17	25	47	257	
17	25	47	254	
17	25	47	254	
17	25	47	249	
17	25	47	249	
17	25	47	245	
17	25	47	245	
17	25	47	244	
17	25	47	244	
17	25	47	243	
17	25	47	243	
17	25	47	241	
17	25	47	241	
17	25	47	240	
17	25	47	240	
17	25	47	239	
17	25	47	239	
17	25	47	239	
17	25	47	239	
17	25	47	238	
17	25	47	238	
17	25	47	240	
17	25	47	240	
17	25	47	238	
17	25	47	238	
17	25	47	238	
17	25	47	238	
17	25	47	235	
17	25	47	235	
17	25	47	232	
17	25	47	232	
17	25	47	236	
17	25	47	236	
17	25	47	240	
17	25	47	240	
17	25	47	239	
17	25	47	239	
17	25	47	238	
17	25	47	238	
17	25	47	241	
17	25	47	241	
17	25	47	251	
17	25	47	251	
17	25	47	267	
17	25	47	267	
17	25	47	291	
17	25	47	291	
17	25	47	317	
17	25	47	317	
17	25	47	317	
17	25	47	331	
17	25	47	331	
17	25	47	334	
17	25	47	331	
17	25	47	331	
17	25	47	324	
17	25	47	324	
17	25	47	315	
17	25	47	315	
17	25	47	308	
17	25	47	308	
17	25	47	300	
17	25	47	300	
17	25	47	298	
17	25	47	298	
17	25	47	298	
17	25	47	289	
17	25	47	289	
17	25	47	275	
17	25	47	268	
17	25	47	268	
17	25	47	268	
17	25	47	263	
17	25	47	263	
17	25	47	263	
17	25	47	263	
17	25	47	265	
17	25	47	265	
17	25	47	267	
17	25	47	267	
17	25	47	266	
17	25	47	266	
17	25	47	265	
17	25	47	265	
17	25	47	268	
17	25	47	268	
17	25	47	266	
17	25	47	266	
17	25	47	260	
17	25	47	260	
17	25	47	254	
17	25	47	254	
17	25	47	250	
17	25	47	250	
17	25	47	246	
17	25	47	246	
17	25	47	243	
17	25	47	243	
17	25	47	243	
17	25	48	243	
17	25	48	243	
17	25	48	243	
17	25	48	243	
17	25	48	243	
17	25	48	243	
17	25	48	243	
17	25	48	241	
17	25	48	241	
17	25	48	242	
17	25	48	242	
17	25	48	240	
17	25	48	240	
17	25	48	239	
17	25	48	239	
17	25	48	238	
17	25	48	238	
17	25	48	237	
17	25	48	237	
17	25	48	237	
17	25	48	237	
17	25	48	237	
17	25	48	237	
17	25	48	236	
17	25	48	236	
17	25	48	237	
17	25	48	237	
17	25	48	240	
17	25	48	240	
17	25	48	248	
17	25	48	248	
17	25	48	264	
17	25	48	264	
17	25	48	285	
17	25	48	285	
17	25	48	300	
17	25	48	300	
17	25	48	317	
17	25	48	317	
17	25	48	326	
17	25	48	326	
17	25	48	327	
17	25	48	327	
17	25	48	327	
17	25	48	322	
17	25	48	322	
17	25	48	315	
17	25	48	315	
17	25	48	306	
17	25	48	306	
17	25	48	296	
17	25	48	289	
17	25	48	289	
17	25	48	281	
17	25	48	281	
17	25	48	270	
17	25	48	270	
17	25	48	262	
17	25	48	262	
17	25	48	256	
17	25	48	256	
17	25	48	254	
17	25	48	254	
17	25	48	254	
17	25	48	254	
17	25	48	256	
17	25	48	256	
17	25	48	256	
17	25	48	256	
17	25	48	256	
17	25	48	254	
17	25	48	254	
17	25	48	251	
17	25	48	251	
17	25	48	248	
17	25	48	248	
17	25	48	244	
17	25	48	244	
17	25	48	240	
17	25	48	240	
17	25	48	237	
17	25	48	237	
17	25	48	234	
17	25	48	234	
17	25	48	235	
17	25	48	235	
17	25	48	234	
17	25	48	234	
17	25	48	234	
17	25	48	234	
17	25	48	231	
17	25	48	231	
17	25	48	231	
17	25	48	231	
17	25	48	229	
17	25	48	229	
17	25	48	229	
17	25	48	229	
17	25	48	230	
17	25	49	230	
17	25	49	229	
17	25	49	229	
17	25	49	229	
17	25	49	229	
17	25	49	227	
17	25	49	227	
17	25	49	226	
17	25	49	226	
17	25	49	226	
17	25	49	226	
17	25	49	224	
17	25	49	224	
17	25	49	228	
17	25	49	228	
17	25	49	227	
17	25	49	227	
17	25	49	229	
17	25	49	229	
17	25	49	236	
17	25	49	236	
17	25	49	248	
17	25	49	248	
17	25	49	265	
17	25	49	265	
17	25	49	292	
17	25	49	292	
17	25	49	320	
17	25	49	320	
17	25	49	340	
17	25	49	340	
17	25	49	351	
17	25	49	351	
17	25	49	349	
17	25	49	349	
17	25	49	342	
17	25	49	342	
17	25	49	333	
17	25	49	333	
17	25	49	325	
17	25	49	325	
17	25	49	325	
17	25	49	318	
17	25	49	318	
17	25	49	311	
17	25	49	311	
17	25	49	303	
17	25	49	289	
17	25	49	289	
17	25	49	280	
17	25	49	280	
17	25	49	272	
17	25	49	272	
17	25	49	272	
17	25	49	272	
17	25	49	271	
17	25	49	271	
17	25	49	268	
17	25	49	268	
17	25	49	268	
17	25	49	267	
17	25	49	267	
17	25	49	265	
17	25	49	265	
17	25	49	262	
17	25	49	262	
17	25	49	259	
17	25	49	259	
17	25	49	254	
17	25	49	254	
17	25	49	251	
17	25	49	251	
17	25	49	247	
17	25	49	247	
17	25	49	245	
17	25	49	245	
17	25	49	243	
17	25	49	243	
17	25	49	242	
17	25	49	242	
17	25	49	242	
17	25	49	242	
17	25	49	243	
17	25	49	243	
17	25	49	243	
17	25	49	243	
17	25	49	242	
17	25	49	242	
17	25	49	240	
17	25	49	240	
17	25	49	239	
17	25	49	239	
17	25	49	238	
17	25	49	238	
17	25	49	235	
17	25	49	235	
17	25	49	234	
17	25	49	234	
17	25	49	235	
17	25	49	235	
17	25	50	234	
17	25	50	234	
17	25	50	234	
17	25	50	234	
17	25	50	233	
17	25	50	233	
17	25	50	232	
17	25	50	232	
17	25	50	232	
17	25	50	232	
17	25	50	237	
17	25	50	237	
17	25	50	253	
17	25	50	253	
17	25	50	276	
17	25	50	276	
17	25	50	299	
17	25	50	299	
17	25	50	320	
17	25	50	320	
17	25	50	340	
17	25	50	340	
17	25	50	350	
17	25	50	350	
17	25	50	350	
17	25	50	350	
17	25	50	343	
17	25	50	343	
17	25	50	333	
17	25	50	333	
17	25	50	333	
17	25	50	325	
17	25	50	313	
17	25	50	313	
17	25	50	303	
17	25	50	303	
17	25	50	291	
17	25	50	291	
17	25	50	291	
17	25	50	287	
17	25	50	287	
17	25	50	274	
17	25	50	274	
17	25	50	262	
17	25	50	254	
17	25	50	254	
17	25	50	251	
17	25	50	251	
17	25	50	251	
17	25	50	251	
17	25	50	251	
17	25	50	253	
17	25	50	253	
17	25	50	251	
17	25	50	251	
17	25	50	250	
17	25	50	250	
17	25	50	248	
17	25	50	248	
17	25	50	244	
17	25	50	244	
17	25	50	240	
17	25	50	240	
17	25	50	236	
17	25	50	236	
17	25	50	232	
17	25	50	232	
17	25	50	230	
17	25	50	230	
17	25	50	228	
17	25	50	228	
17	25	50	226	
17	25	50	226	
17	25	50	226	
17	25	50	226	
17	25	50	224	
17	25	50	224	
17	25	50	226	
17	25	50	226	
17	25	50	229	
17	25	50	229	
17	25	50	227	
17	25	50	227	
17	25	50	226	
17	25	50	226	
17	25	50	224	
17	25	50	224	
17	25	50	223	
17	25	50	223	
17	25	50	223	
17	25	50	223	
17	25	50	221	
17	25	50	221	
17	25	50	221	
17	25	50	221	
17	25	50	221	
17	25	50	221	
17	25	50	221	
17	25	50	221	
17	25	50	224	
17	25	51	224	
17	25	51	232	
17	25	51	232	
17	25	51	249	
17	25	51	249	
17	25	51	270	
17	25	51	297	
17	25	51	297	
17	25	51	313	
17	25	51	313	
17	25	51	333	
17	25	51	333	
17	25	51	337	
17	25	51	337	
17	25	51	333	
17	25	51	333	
17	25	51	322	
17	25	51	322	
17	25	51	316	
17	25	51	316	
17	25	51	304	
17	25	51	304	
17	25	51	294	
17	25	51	294	
17	25	51	284	
17	25	51	284	
17	25	51	284	
17	25	51	271	
17	25	51	271	
17	25	51	262	
17	25	51	262	
17	25	51	254	
17	25	51	254	
17	25	51	254	
17	25	51	254	
17	25	51	255	
17	25	51	255	
17	25	51	256	
17	25	51	256	
17	25	51	257	
17	25	51	257	
17	25	51	257	
17	25	51	258	
17	25	51	258	
17	25	51	258	
17	25	51	256	
17	25	51	256	
17	25	51	251	
17	25	51	251	
17	25	51	246	
17	25	51	246	
17	25	51	242	
17	25	51	242	
17	25	51	241	
17	25	51	241	
17	25	51	240	
17	25	51	240	
17	25	51	238	
17	25	51	238	
17	25	51	237	
17	25	51	237	
17	25	51	235	
17	25	51	235	
17	25	51	234	
17	25	51	234	
17	25	51	234	
17	25	51	234	
17	25	51	234	
17	25	51	234	
17	25	51	234	
17	25	51	234	
17	25	51	233	
17	25	51	233	
17	25	51	235	
17	25	51	235	
17	25	51	234	
17	25	51	234	
17	25	51	233	
17	25	51	233	
17	25	51	232	
17	25	51	232	
17	25	51	232	
17	25	51	232	
17	25	51	231	
17	25	51	231	
17	25	51	232	
17	25	51	232	
17	25	51	234	
17	25	51	234	
17	25	51	244	
17	25	51	244	
17	25	51	263	
17	25	51	263	
17	25	51	288	
17	25	51	288	
17	25	51	313	
17	25	51	313	
17	25	51	331	
17	25	51	331	
17	25	52	337	
17	25	52	337	
17	25	52	336	
17	25	52	336	
17	25	52	336	
17	25	52	327	
17	25	52	317	
17	25	52	317	
17	25	52	308	
17	25	52	308	
17	25	52	298	
17	25	52	298	
17	25	52	286	
17	25	52	286	
17	25	52	276	
17	25	52	276	
17	25	52	265	
17	25	52	265	
17	25	52	263	
17	25	52	263	
17	25	52	257	
17	25	52	257	
17	25	52	254	
17	25	52	254	
17	25	52	254	
17	25	52	252	
17	25	52	252	
17	25	52	254	
17	25	52	254	
17	25	52	253	
17	25	52	253	
17	25	52	251	
17	25	52	251	
17	25	52	249	
17	25	52	249	
17	25	52	241	
17	25	52	241	
17	25	52	237	
17	25	52	235	
17	25	52	235	
17	25	52	235	
17	25	52	230	
17	25	52	230	
17	25	52	229	
17	25	52	229	
17	25	52	227	
17	25	52	227	
17	25	52	226	
17	25	52	226	
17	25	52	226	
17	25	52	226	
17	25	52	223	
17	25	52	223	
17	25	52	223	
17	25	52	223	
17	25	52	220	
17	25	52	220	
17	25	52	225	
17	25	52	225	
17	25	52	226	
17	25	52	226	
17	25	52	223	
17	25	52	223	
17	25	52	221	
17	25	52	221	
17	25	52	220	
17	25	52	220	
17	25	52	218	
17	25	52	218	
17	25	52	216	
17	25	52	216	
17	25	52	212	
17	25	52	212	
17	25	52	212	
17	25	52	212	
17	25	52	215	
17	25	52	215	
17	25	52	218	
17	25	52	218	
17	25	52	226	
17	25	52	226	
17	25	52	240	
17	25	52	240	
17	25	52	263	
17	25	52	263	
17	25	52	285	
17	25	52	285	
17	25	52	309	
17	25	52	309	
17	25	52	327	
17	25	52	327	
17	25	52	333	
17	25	52	333	
17	25	52	333	
17	25	52	333	
17	25	52	328	
17	25	52	328	
17	25	52	320	
17	25	52	320	
17	25	52	320	
17	25	53	311	
17	25	53	302	
17	25	53	302	
17	25	53	293	
17	25	53	293	
17	25	53	285	
17	25	53	279	
17	25	53	279	
17	25	53	270	
17	25	53	270	
17	25	53	256	
17	25	53	256	
17	25	53	251	
17	25	53	251	
17	25	53	251	
17	25	53	248	
17	25	53	248	
17	25	53	248	
17	25	53	248	
17	25	53	248	
17	25	53	248	
17	25	53	248	
17	25	53	248	
17	25	53	248	
17	25	53	248	
17	25	53	245	
17	25	53	245	
17	25	53	242	
17	25	53	242	
17	25	53	239	
17	25	53	239	
17	25	53	234	
17	25	53	232	
17	25	53	232	
17	25	53	232	
17	25	53	235	
17	25	53	235	
17	25	53	234	
17	25	53	234	
17	25	53	233	
17	25	53	233	
17	25	53	233	
17	25	53	233	
17	25	53	233	
17	25	53	233	
17	25	53	232	
17	25	53	232	
17	25	53	230	
17	25	53	230	
17	25	53	228	
17	25	53	228	
17	25	53	227	
17	25	53	227	
17	25	53	226	
17	25	53	226	
17	25	53	229	
17	25	53	229	
17	25	53	229	
17	25	53	229	
17	25	53	229	
17	25	53	229	
17	25	53	228	
17	25	53	228	
17	25	53	226	
17	25	53	226	
17	25	53	228	
17	25	53	228	
17	25	53	229	
17	25	53	229	
17	25	53	232	
17	25	53	232	
17	25	53	240	
17	25	53	240	
17	25	53	254	
17	25	53	254	
17	25	53	281	
17	25	53	281	
17	25	53	306	
17	25	53	306	
17	25	53	331	
17	25	53	331	
17	25	53	345	
17	25	53	345	
17	25	53	347	
17	25	53	347	
17	25	53	344	
17	25	53	344	
17	25	53	335	
17	25	53	335	
17	25	53	327	
17	25	53	327	
17	25	53	324	
17	25	53	324	
17	25	53	324	
17	25	53	312	
17	25	53	312	
17	25	53	302	
17	25	53	288	
17	25	53	288	
17	25	54	277	
17	25	54	277	
17	25	54	266	
17	25	54	266	
17	25	54	256	
17	25	54	256	
17	25	54	252	
17	25	54	252	
17	25	54	251	
17	25	54	251	
17	25	54	253	
17	25	54	253	
17	25	54	253	
17	25	54	254	
17	25	54	254	
17	25	54	252	
17	25	54	252	
17	25	54	251	
17	25	54	251	
17	25	54	248	
17	25	54	248	
17	25	54	243	
17	25	54	243	
17	25	54	240	
17	25	54	240	
17	25	54	235	
17	25	54	235	
17	25	54	233	
17	25	54	233	
17	25	54	232	
17	25	54	230	
17	25	54	230	
17	25	54	230	
17	25	54	232	
17	25	54	232	
17	25	54	232	
17	25	54	232	
17	25	54	226	
17	25	54	226	
17	25	54	226	
17	25	54	226	
17	25	54	224	
17	25	54	224	
17	25	54	223	
17	25	54	223	
17	25	54	221	
17	25	54	221	
17	25	54	221	
17	25	54	221	
17	25	54	221	
17	25	54	221	
17	25	54	221	
17	25	54	221	
17	25	54	221	
17	25	54	221	
17	25	54	221	
17	25	54	221	
17	25	54	218	
17	25	54	218	
17	25	54	218	
17	25	54	218	
17	25	54	216	
17	25	54	216	
17	25	54	218	
17	25	54	218	
17	25	54	221	
17	25	54	221	
17	25	54	228	
17	25	54	228	
17	25	54	245	
17	25	54	245	
17	25	54	262	
17	25	54	262	
17	25	54	295	
17	25	54	295	
17	25	54	319	
17	25	54	319	
17	25	54	333	
17	25	54	333	
17	25	54	335	
17	25	54	335	
17	25	54	331	
17	25	54	331	
17	25	54	322	
17	25	54	322	
17	25	54	312	
17	25	54	312	
17	25	54	312	
17	25	54	302	
17	25	54	302	
17	25	54	295	
17	25	54	295	
17	25	54	285	
17	25	54	273	
17	25	54	273	
17	25	54	262	
17	25	54	262	
17	25	54	254	
17	25	54	254	
17	25	54	251	
17	25	55	251	
17	25	55	254	
17	25	55	254	
17	25	55	256	
17	25	55	256	
17	25	55	257	
17	25	55	257	
17	25	55	257	
17	25	55	255	
17	25	55	255	
17	25	55	251	
17	25	55	251	
17	25	55	245	
17	25	55	245	
17	25	55	237	
17	25	55	237	
17	25	55	237	
17	25	55	237	
17	25	55	235	
17	25	55	235	
17	25	55	234	
17	25	55	234	
17	25	55	234	
17	25	55	234	
17	25	55	233	
17	25	55	233	
17	25	55	233	
17	25	55	233	
17	25	55	233	
17	25	55	238	
17	25	55	238	
17	25	55	238	
17	25	55	236	
17	25	55	236	
17	25	55	232	
17	25	55	232	
17	25	55	234	
17	25	55	234	
17	25	55	232	
17	25	55	232	
17	25	55	232	
17	25	55	232	
17	25	55	232	
17	25	55	232	
17	25	55	230	
17	25	55	230	
17	25	55	229	
17	25	55	229	
17	25	55	229	
17	25	55	229	
17	25	55	229	
17	25	55	229	
17	25	55	229	
17	25	55	229	
17	25	55	227	
17	25	55	227	
17	25	55	226	
17	25	55	226	
17	25	55	232	
17	25	55	232	
17	25	55	240	
17	25	55	240	
17	25	55	256	
17	25	55	256	
17	25	55	279	
17	25	55	279	
17	25	55	306	
17	25	55	306	
17	25	55	317	
17	25	55	317	
17	25	55	328	
17	25	55	328	
17	25	55	331	
17	25	55	331	
17	25	55	327	
17	25	55	327	
17	25	55	317	
17	25	55	317	
17	25	55	308	
17	25	55	308	
17	25	55	298	
17	25	55	298	
17	25	55	290	
17	25	55	290	
17	25	55	290	
17	25	55	281	
17	25	55	281	
17	25	55	272	
17	25	55	272	
17	25	55	262	
17	25	55	256	
17	25	55	256	
17	25	55	257	
17	25	55	257	
17	25	55	259	
17	25	55	259	
17	25	55	260	
17	25	55	260	
17	25	55	260	
17	25	55	260	
17	25	56	259	
17	25	56	259	
17	25	56	257	
17	25	56	257	
17	25	56	257	
17	25	56	254	
17	25	56	254	
17	25	56	249	
17	25	56	249	
17	25	56	246	
17	25	56	246	
17	25	56	242	
17	25	56	242	
17	25	56	240	
17	25	56	240	
17	25	56	238	
17	25	56	238	
17	25	56	236	
17	25	56	236	
17	25	56	236	
17	25	56	236	
17	25	56	234	
17	25	56	234	
17	25	56	233	
17	25	56	233	
17	25	56	233	
17	25	56	233	
17	25	56	233	
17	25	56	233	
17	25	56	234	
17	25	56	234	
17	25	56	232	
17	25	56	232	
17	25	56	231	
17	25	56	231	
17	25	56	230	
17	25	56	230	
17	25	56	225	
17	25	56	225	
17	25	56	223	
17	25	56	223	
17	25	56	223	
17	25	56	223	
17	25	56	223	
17	25	56	223	
17	25	56	224	
17	25	56	224	
17	25	56	225	
17	25	56	225	
17	25	56	229	
17	25	56	229	
17	25	56	240	
17	25	56	240	
17	25	56	265	
17	25	56	265	
17	25	56	292	
17	25	56	292	
17	25	56	315	
17	25	56	315	
17	25	56	332	
17	25	56	332	
17	25	56	333	
17	25	56	333	
17	25	56	328	
17	25	56	328	
17	25	56	322	
17	25	56	322	
17	25	56	311	
17	25	56	311	
17	25	56	302	
17	25	56	302	
17	25	56	291	
17	25	56	291	
17	25	56	282	
17	25	56	282	
17	25	56	271	
17	25	56	271	
17	25	56	271	
17	25	56	260	
17	25	56	260	
17	25	56	253	
17	25	56	253	
17	25	56	250	
17	25	56	250	
17	25	56	254	
17	25	56	254	
17	25	56	254	
17	25	56	252	
17	25	56	252	
17	25	56	253	
17	25	56	253	
17	25	56	250	
17	25	56	250	
17	25	56	245	
17	25	56	245	
17	25	56	245	
17	25	56	242	
17	25	56	237	
17	25	56	237	
17	25	56	237	
17	25	57	234	
17	25	57	232	
17	25	57	232	
17	25	57	232	
17	25	57	229	
17	25	57	229	
17	25	57	228	
17	25	57	228	
17	25	57	226	
17	25	57	226	
17	25	57	226	
17	25	57	226	
17	25	57	225	
17	25	57	225	
17	25	57	225	
17	25	57	225	
17	25	57	225	
17	25	57	225	
17	25	57	227	
17	25	57	227	
17	25	57	227	
17	25	57	227	
17	25	57	229	
17	25	57	229	
17	25	57	229	
17	25	57	229	
17	25	57	228	
17	25	57	228	
17	25	57	226	
17	25	57	226	
17	25	57	226	
17	25	57	226	
17	25	57	226	
17	25	57	226	
17	25	57	224	
17	25	57	224	
17	25	57	224	
17	25	57	224	
17	25	57	227	
17	25	57	227	
17	25	57	231	
17	25	57	231	
17	25	57	240	
17	25	57	240	
17	25	57	259	
17	25	57	259	
17	25	57	285	
17	25	57	285	
17	25	57	302	
17	25	57	302	
17	25	57	324	
17	25	57	324	
17	25	57	337	
17	25	57	337	
17	25	57	340	
17	25	57	340	
17	25	57	339	
17	25	57	339	
17	25	57	331	
17	25	57	331	
17	25	57	322	
17	25	57	322	
17	25	57	314	
17	25	57	314	
17	25	57	304	
17	25	57	304	
17	25	57	295	
17	25	57	295	
17	25	57	291	
17	25	57	291	
17	25	57	276	
17	25	57	276	
17	25	57	276	
17	25	57	264	
17	25	57	264	
17	25	57	256	
17	25	57	256	
17	25	57	254	
17	25	57	254	
17	25	57	255	
17	25	57	255	
17	25	57	256	
17	25	57	256	
17	25	57	258	
17	25	57	256	
17	25	57	256	
17	25	57	255	
17	25	57	255	
17	25	57	253	
17	25	57	253	
17	25	57	253	
17	25	57	248	
17	25	57	248	
17	25	57	245	
17	25	57	245	
17	25	57	241	
17	25	57	241	
17	25	57	238	
17	25	57	238	
17	25	57	237	
17	25	58	237	
17	25	58	237	
17	25	58	237	
17	25	58	237	
17	25	58	237	
17	25	58	237	
17	25	58	237	
17	25	58	234	
17	25	58	234	
17	25	58	233	
17	25	58	233	
17	25	58	231	
17	25	58	231	
17	25	58	230	
17	25	58	230	
17	25	58	228	
17	25	58	228	
17	25	58	230	
17	25	58	230	
17	25	58	229	
17	25	58	229	
17	25	58	229	
17	25	58	229	
17	25	58	228	
17	25	58	228	
17	25	58	228	
17	25	58	228	
17	25	58	227	
17	25	58	227	
17	25	58	226	
17	25	58	226	
17	25	58	226	
17	25	58	226	
17	25	58	227	
17	25	58	227	
17	25	58	234	
17	25	58	234	
17	25	58	249	
17	25	58	249	
17	25	58	268	
17	25	58	268	
17	25	58	283	
17	25	58	283	
17	25	58	298	
17	25	58	298	
17	25	58	308	
17	25	58	308	
17	25	58	309	
17	25	58	309	
17	25	58	304	
17	25	58	304	
17	25	58	297	
17	25	58	297	
17	25	58	290	
17	25	58	290	
17	25	58	284	
17	25	58	284	
17	25	58	281	
17	25	58	281	
17	25	58	272	
17	25	58	272	
17	25	58	262	
17	25	58	262	
17	25	58	262	
17	25	58	250	
17	25	58	243	
17	25	58	243	
17	25	58	243	
17	25	58	237	
17	25	58	237	
17	25	58	237	
17	25	58	237	
17	25	58	237	
17	25	58	237	
17	25	58	239	
17	25	58	239	
17	25	58	241	
17	25	58	241	
17	25	58	240	
17	25	58	240	
17	25	58	237	
17	25	58	234	
17	25	58	234	
17	25	58	232	
17	25	58	232	
17	25	58	232	
17	25	58	231	
17	25	58	231	
17	25	58	228	
17	25	58	228	
17	25	58	226	
17	25	58	226	
17	25	58	223	
17	25	58	223	
17	25	58	223	
17	25	58	223	
17	25	58	223	
17	25	58	223	
17	25	58	222	
17	25	58	222	
17	25	59	223	
17	25	59	223	
17	25	59	223	
17	25	59	223	
17	25	59	223	
17	25	59	223	
17	25	59	221	
17	25	59	221	
17	25	59	221	
17	25	59	221	
17	25	59	221	
17	25	59	221	
17	25	59	222	
17	25	59	222	
17	25	59	223	
17	25	59	223	
17	25	59	223	
17	25	59	223	
17	25	59	221	
17	25	59	221	
17	25	59	222	
17	25	59	222	
17	25	59	223	
17	25	59	223	
17	25	59	226	
17	25	59	226	
17	25	59	237	
17	25	59	237	
17	25	59	250	
17	25	59	250	
17	25	59	266	
17	25	59	266	
17	25	59	278	
17	25	59	278	
17	25	59	284	
17	25	59	284	
17	25	59	289	
17	25	59	289	
17	25	59	287	
17	25	59	287	
17	25	59	280	
17	25	59	280	
17	25	59	273	
17	25	59	273	
17	25	59	267	
17	25	59	267	
17	25	59	262	
17	25	59	262	
17	25	59	257	
17	25	59	257	
17	25	59	252	
17	25	59	252	
17	25	59	247	
17	25	59	247	
17	25	59	244	
17	25	59	244	
17	25	59	244	
17	25	59	244	
17	25	59	247	
17	25	59	247	
17	25	59	247	
17	25	59	247	
17	25	59	247	
17	25	59	248	
17	25	59	248	
17	25	59	247	
17	25	59	247	
17	25	59	247	
17	25	59	247	
17	25	59	246	
17	25	59	246	
17	25	59	244	
17	25	59	244	
17	25	59	243	
17	25	59	243	
17	25	59	239	
17	25	59	239	
17	25	59	237	
17	25	59	237	
17	25	59	240	
17	25	59	240	
17	25	59	239	
17	25	59	239	
17	25	59	239	
17	25	59	239	
17	25	59	237	
17	25	59	237	
17	25	59	236	
17	25	59	236	
17	25	59	236	
17	25	59	236	
17	25	59	236	
17	25	59	236	
17	25	59	237	
17	25	59	237	
17	25	59	237	
17	25	59	237	
17	25	59	237	
17	25	59	237	
17	25	59	238	
17	26	0	238	
17	26	0	234	
17	26	0	234	
17	26	0	229	
17	26	0	229	
17	26	0	229	
17	26	0	229	
17	26	0	229	
17	26	0	229	
17	26	0	236	
17	26	0	236	
17	26	0	239	
17	26	0	239	
17	26	0	243	
17	26	0	243	
17	26	0	251	
17	26	0	251	
17	26	0	257	
17	26	0	257	
17	26	0	274	
17	26	0	274	
17	26	0	286	
17	26	0	286	
17	26	0	293	
17	26	0	293	
17	26	0	295	
17	26	0	295	
17	26	0	293	
17	26	0	293	
17	26	0	290	
17	26	0	290	
17	26	0	286	
17	26	0	286	
17	26	0	281	
17	26	0	281	
17	26	0	278	
17	26	0	278	
17	26	0	273	
17	26	0	273	
17	26	0	273	
17	26	0	262	
17	26	0	255	
17	26	0	255	
17	26	0	251	
17	26	0	251	
17	26	0	249	
17	26	0	249	
17	26	0	246	
17	26	0	246	
17	26	0	248	
17	26	0	248	
17	26	0	248	
17	26	0	248	
17	26	0	248	
17	26	0	248	
17	26	0	248	
17	26	0	246	
17	26	0	246	
17	26	0	243	
17	26	0	243	
17	26	0	235	
17	26	0	235	
17	26	0	235	
17	26	0	235	
17	26	0	235	
17	26	0	235	
17	26	0	237	
17	26	0	237	
17	26	0	235	
17	26	0	235	
17	26	0	234	
17	26	0	234	
17	26	0	233	
17	26	0	235	
17	26	0	235	
17	26	0	235	
17	26	0	237	
17	26	0	235	
17	26	0	235	
17	26	0	235	
17	26	0	232	
17	26	0	232	
17	26	0	231	
17	26	0	231	
17	26	0	228	
17	26	0	228	
17	26	0	228	
17	26	0	228	
17	26	0	227	
17	26	0	227	
17	26	0	228	
17	26	0	228	
17	26	0	229	
17	26	0	229	
17	26	0	229	
17	26	0	229	
17	26	0	229	
17	26	0	229	
17	26	0	226	
17	26	0	226	
17	26	1	226	
17	26	1	229	
17	26	1	229	
17	26	1	232	
17	26	1	232	
17	26	1	242	
17	26	1	242	
17	26	1	256	
17	26	1	256	
17	26	1	264	
17	26	1	264	
17	26	1	283	
17	26	1	283	
17	26	1	295	
17	26	1	295	
17	26	1	303	
17	26	1	303	
17	26	1	309	
17	26	1	309	
17	26	1	306	
17	26	1	306	
17	26	1	302	
17	26	1	302	
17	26	1	297	
17	26	1	297	
17	26	1	292	
17	26	1	292	
17	26	1	287	
17	26	1	287	
17	26	1	280	
17	26	1	280	
17	26	1	274	
17	26	1	274	
17	26	1	274	
17	26	1	266	
17	26	1	266	
17	26	1	260	
17	26	1	256	
17	26	1	256	
17	26	1	261	
17	26	1	261	
17	26	1	261	
17	26	1	261	
17	26	1	259	
17	26	1	259	
17	26	1	260	
17	26	1	260	
17	26	1	259	
17	26	1	259	
17	26	1	257	
17	26	1	257	
17	26	1	257	
17	26	1	255	
17	26	1	255	
17	26	1	252	
17	26	1	252	
17	26	1	250	
17	26	1	250	
17	26	1	248	
17	26	1	248	
17	26	1	248	
17	26	1	248	
17	26	1	245	
17	26	1	245	
17	26	1	245	
17	26	1	245	
17	26	1	244	
17	26	1	244	
17	26	1	245	
17	26	1	245	
17	26	1	245	
17	26	1	245	
17	26	1	246	
17	26	1	246	
17	26	1	245	
17	26	1	245	
17	26	1	244	
17	26	1	244	
17	26	1	243	
17	26	1	243	
17	26	1	243	
17	26	1	243	
17	26	1	242	
17	26	1	242	
17	26	1	241	
17	26	1	241	
17	26	1	240	
17	26	1	240	
17	26	1	240	
17	26	1	240	
17	26	1	240	
17	26	1	240	
17	26	1	242	
17	26	1	242	
17	26	1	243	
17	26	1	243	
17	26	1	246	
17	26	1	246	
17	26	1	255	
17	26	2	255	
17	26	2	267	
17	26	2	267	
17	26	2	289	
17	26	2	289	
17	26	2	308	
17	26	2	308	
17	26	2	313	
17	26	2	313	
17	26	2	314	
17	26	2	314	
17	26	2	309	
17	26	2	309	
17	26	2	303	
17	26	2	303	
17	26	2	297	
17	26	2	297	
17	26	2	291	
17	26	2	291	
17	26	2	285	
17	26	2	285	
17	26	2	280	
17	26	2	280	
17	26	2	273	
17	26	2	273	
17	26	2	268	
17	26	2	268	
17	26	2	268	
17	26	2	261	
17	26	2	257	
17	26	2	257	
17	26	2	257	
17	26	2	257	
17	26	2	257	
17	26	2	257	
17	26	2	261	
17	26	2	261	
17	26	2	262	
17	26	2	262	
17	26	2	261	
17	26	2	261	
17	26	2	254	
17	26	2	254	
17	26	2	252	
17	26	2	252	
17	26	2	248	
17	26	2	248	
17	26	2	248	
17	26	2	245	
17	26	2	245	
17	26	2	243	
17	26	2	243	
17	26	2	241	
17	26	2	241	
17	26	2	240	
17	26	2	240	
17	26	2	240	
17	26	2	240	
17	26	2	238	
17	26	2	238	
17	26	2	238	
17	26	2	238	
17	26	2	236	
17	26	2	236	
17	26	2	234	
17	26	2	234	
17	26	2	235	
17	26	2	235	
17	26	2	237	
17	26	2	237	
17	26	2	237	
17	26	2	237	
17	26	2	233	
17	26	2	233	
17	26	2	231	
17	26	2	231	
17	26	2	233	
17	26	2	233	
17	26	2	232	
17	26	2	232	
17	26	2	232	
17	26	2	232	
17	26	2	234	
17	26	2	234	
17	26	2	232	
17	26	2	232	
17	26	2	237	
17	26	2	237	
17	26	2	241	
17	26	2	241	
17	26	2	250	
17	26	2	250	
17	26	2	263	
17	26	2	263	
17	26	2	270	
17	26	2	270	
17	26	2	282	
17	26	2	282	
17	26	2	292	
17	26	2	292	
17	26	3	298	
17	26	3	298	
17	26	3	297	
17	26	3	297	
17	26	3	292	
17	26	3	292	
17	26	3	285	
17	26	3	285	
17	26	3	280	
17	26	3	280	
17	26	3	276	
17	26	3	276	
17	26	3	270	
17	26	3	270	
17	26	3	267	
17	26	3	267	
17	26	3	263	
17	26	3	263	
17	26	3	256	
17	26	3	256	
17	26	3	256	
17	26	3	255	
17	26	3	254	
17	26	3	254	
17	26	3	254	
17	26	3	256	
17	26	3	256	
17	26	3	256	
17	26	3	256	
17	26	3	256	
17	26	3	256	
17	26	3	256	
17	26	3	257	
17	26	3	257	
17	26	3	254	
17	26	3	254	
17	26	3	251	
17	26	3	251	
17	26	3	248	
17	26	3	248	
17	26	3	248	
17	26	3	245	
17	26	3	245	
17	26	3	248	
17	26	3	248	
17	26	3	245	
17	26	3	245	
17	26	3	245	
17	26	3	245	
17	26	3	245	
17	26	3	245	
17	26	3	245	
17	26	3	245	
17	26	3	244	
17	26	3	244	
17	26	3	244	
17	26	3	244	
17	26	3	243	
17	26	3	243	
17	26	3	243	
17	26	3	243	
17	26	3	241	
17	26	3	241	
17	26	3	243	
17	26	3	243	
17	26	3	244	
17	26	3	244	
17	26	3	243	
17	26	3	243	
17	26	3	243	
17	26	3	243	
17	26	3	243	
17	26	3	243	
17	26	3	245	
17	26	3	245	
17	26	3	251	
17	26	3	251	
17	26	3	262	
17	26	3	262	
17	26	3	278	
17	26	3	278	
17	26	3	297	
17	26	3	297	
17	26	3	311	
17	26	3	311	
17	26	3	320	
17	26	3	320	
17	26	3	320	
17	26	3	320	
17	26	3	317	
17	26	3	317	
17	26	3	309	
17	26	3	309	
17	26	3	303	
17	26	3	303	
17	26	3	298	
17	26	3	298	
17	26	3	293	
17	26	3	293	
17	26	3	287	
17	26	4	287	
17	26	4	277	
17	26	4	277	
17	26	4	271	
17	26	4	271	
17	26	4	266	
17	26	4	266	
17	26	4	262	
17	26	4	262	
17	26	4	262	
17	26	4	262	
17	26	4	262	
17	26	4	262	
17	26	4	262	
17	26	4	262	
17	26	4	264	
17	26	4	264	
17	26	4	262	
17	26	4	262	
17	26	4	262	
17	26	4	260	
17	26	4	260	
17	26	4	257	
17	26	4	257	
17	26	4	255	
17	26	4	255	
17	26	4	252	
17	26	4	249	
17	26	4	249	
17	26	4	248	
17	26	4	248	
17	26	4	248	
17	26	4	246	
17	26	4	245	
17	26	4	245	
17	26	4	245	
17	26	4	245	
17	26	4	245	
17	26	4	244	
17	26	4	244	
17	26	4	243	
17	26	4	243	
17	26	4	244	
17	26	4	244	
17	26	4	240	
17	26	4	240	
17	26	4	240	
17	26	4	240	
17	26	4	239	
17	26	4	239	
17	26	4	238	
17	26	4	238	
17	26	4	237	
17	26	4	237	
17	26	4	236	
17	26	4	236	
17	26	4	234	
17	26	4	234	
17	26	4	234	
17	26	4	234	
17	26	4	235	
17	26	4	235	
17	26	4	237	
17	26	4	237	
17	26	4	237	
17	26	4	237	
17	26	4	245	
17	26	4	245	
17	26	4	254	
17	26	4	254	
17	26	4	271	
17	26	4	271	
17	26	4	291	
17	26	4	291	
17	26	4	304	
17	26	4	304	
17	26	4	312	
17	26	4	312	
17	26	4	314	
17	26	4	314	
17	26	4	309	
17	26	4	309	
17	26	4	301	
17	26	4	301	
17	26	4	295	
17	26	4	295	
17	26	4	290	
17	26	4	290	
17	26	4	284	
17	26	4	284	
17	26	4	278	
17	26	4	278	
17	26	4	270	
17	26	4	270	
17	26	4	264	
17	26	4	264	
17	26	4	258	
17	26	4	258	
17	26	4	254	
17	26	4	254	
17	26	5	254	
17	26	5	254	
17	26	5	254	
17	26	5	254	
17	26	5	254	
17	26	5	254	
17	26	5	254	
17	26	5	254	
17	26	5	254	
17	26	5	254	
17	26	5	254	
17	26	5	251	
17	26	5	251	
17	26	5	248	
17	26	5	248	
17	26	5	244	
17	26	5	244	
17	26	5	242	
17	26	5	242	
17	26	5	239	
17	26	5	239	
17	26	5	237	
17	26	5	237	
17	26	5	235	
17	26	5	239	
17	26	5	239	
17	26	5	240	
17	26	5	240	
17	26	5	240	
17	26	5	240	
17	26	5	240	
17	26	5	237	
17	26	5	237	
17	26	5	238	
17	26	5	238	
17	26	5	237	
17	26	5	237	
17	26	5	237	
17	26	5	237	
17	26	5	237	
17	26	5	237	
17	26	5	236	
17	26	5	236	
17	26	5	236	
17	26	5	236	
17	26	5	238	
17	26	5	238	
17	26	5	237	
17	26	5	237	
17	26	5	236	
17	26	5	236	
17	26	5	234	
17	26	5	234	
17	26	5	236	
17	26	5	236	
17	26	5	240	
17	26	5	240	
17	26	5	251	
17	26	5	251	
17	26	5	266	
17	26	5	266	
17	26	5	284	
17	26	5	284	
17	26	5	304	
17	26	5	304	
17	26	5	316	
17	26	5	316	
17	26	5	320	
17	26	5	320	
17	26	5	318	
17	26	5	318	
17	26	5	313	
17	26	5	313	
17	26	5	308	
17	26	5	308	
17	26	5	302	
17	26	5	302	
17	26	5	296	
17	26	5	296	
17	26	5	292	
17	26	5	292	
17	26	5	284	
17	26	5	284	
17	26	5	286	
17	26	5	286	
17	26	5	280	
17	26	5	280	
17	26	5	271	
17	26	5	271	
17	26	5	267	
17	26	5	267	
17	26	5	264	
17	26	5	264	
17	26	5	264	
17	26	5	264	
17	26	5	265	
17	26	5	265	
17	26	5	266	
17	26	5	266	
17	26	5	267	
17	26	6	267	
17	26	6	262	
17	26	6	262	
17	26	6	258	
17	26	6	258	
17	26	6	254	
17	26	6	254	
17	26	6	254	
17	26	6	249	
17	26	6	249	
17	26	6	247	
17	26	6	247	
17	26	6	245	
17	26	6	245	
17	26	6	245	
17	26	6	245	
17	26	6	245	
17	26	6	245	
17	26	6	244	
17	26	6	245	
17	26	6	245	
17	26	6	245	
17	26	6	245	
17	26	6	245	
17	26	6	245	
17	26	6	245	
17	26	6	243	
17	26	6	243	
17	26	6	242	
17	26	6	242	
17	26	6	241	
17	26	6	241	
17	26	6	240	
17	26	6	240	
17	26	6	238	
17	26	6	238	
17	26	6	239	
17	26	6	239	
17	26	6	238	
17	26	6	238	
17	26	6	238	
17	26	6	238	
17	26	6	239	
17	26	6	239	
17	26	6	239	
17	26	6	239	
17	26	6	240	
17	26	6	240	
17	26	6	251	
17	26	6	251	
17	26	6	270	
17	26	6	270	
17	26	6	281	
17	26	6	281	
17	26	6	290	
17	26	6	290	
17	26	6	300	
17	26	6	300	
17	26	6	302	
17	26	6	302	
17	26	6	300	
17	26	6	300	
17	26	6	294	
17	26	6	294	
17	26	6	282	
17	26	6	282	
17	26	6	275	
17	26	6	275	
17	26	6	270	
17	26	6	270	
17	26	6	272	
17	26	6	272	
17	26	6	265	
17	26	6	265	
17	26	6	256	
17	26	6	256	
17	26	6	251	
17	26	6	251	
17	26	6	247	
17	26	6	247	
17	26	6	246	
17	26	6	246	
17	26	6	247	
17	26	6	247	
17	26	6	248	
17	26	6	248	
17	26	6	251	
17	26	6	251	
17	26	6	250	
17	26	6	250	
17	26	6	246	
17	26	6	246	
17	26	6	243	
17	26	6	243	
17	26	6	240	
17	26	6	240	
17	26	6	239	
17	26	6	239	
17	26	6	237	
17	26	6	237	
17	26	7	237	
17	26	7	237	
17	26	7	235	
17	26	7	235	
17	26	7	235	
17	26	7	236	
17	26	7	236	
17	26	7	235	
17	26	7	235	
17	26	7	234	
17	26	7	234	
17	26	7	234	
17	26	7	234	
17	26	7	233	
17	26	7	233	
17	26	7	231	
17	26	7	230	
17	26	7	230	
17	26	7	230	
17	26	7	232	
17	26	7	232	
17	26	7	232	
17	26	7	232	
17	26	7	231	
17	26	7	231	
17	26	7	230	
17	26	7	230	
17	26	7	234	
17	26	7	234	
17	26	7	235	
17	26	7	235	
17	26	7	236	
17	26	7	236	
17	26	7	241	
17	26	7	241	
17	26	7	251	
17	26	7	251	
17	26	7	267	
17	26	7	267	
17	26	7	282	
17	26	7	282	
17	26	7	284	
17	26	7	284	
17	26	7	301	
17	26	7	301	
17	26	7	306	
17	26	7	306	
17	26	7	304	
17	26	7	304	
17	26	7	299	
17	26	7	299	
17	26	7	294	
17	26	7	294	
17	26	7	288	
17	26	7	288	
17	26	7	281	
17	26	7	281	
17	26	7	277	
17	26	7	277	
17	26	7	270	
17	26	7	270	
17	26	7	263	
17	26	7	263	
17	26	7	257	
17	26	7	257	
17	26	7	256	
17	26	7	256	
17	26	7	255	
17	26	7	255	
17	26	7	256	
17	26	7	256	
17	26	7	254	
17	26	7	254	
17	26	7	254	
17	26	7	254	
17	26	7	256	
17	26	7	256	
17	26	7	254	
17	26	7	254	
17	26	7	254	
17	26	7	254	
17	26	7	254	
17	26	7	254	
17	26	7	253	
17	26	7	253	
17	26	7	251	
17	26	7	251	
17	26	7	251	
17	26	7	251	
17	26	7	248	
17	26	7	248	
17	26	7	245	
17	26	7	245	
17	26	7	244	
17	26	7	244	
17	26	7	244	
17	26	7	244	
17	26	7	244	
17	26	7	243	
17	26	7	243	
17	26	8	243	
17	26	8	243	
17	26	8	242	
17	26	8	242	
17	26	8	243	
17	26	8	243	
17	26	8	240	
17	26	8	240	
17	26	8	240	
17	26	8	240	
17	26	8	240	
17	26	8	240	
17	26	8	240	
17	26	8	240	
17	26	8	242	
17	26	8	242	
17	26	8	243	
17	26	8	243	
17	26	8	242	
17	26	8	242	
17	26	8	241	
17	26	8	241	
17	26	8	243	
17	26	8	243	
17	26	8	251	
17	26	8	251	
17	26	8	265	
17	26	8	265	
17	26	8	284	
17	26	8	284	
17	26	8	301	
17	26	8	301	
17	26	8	314	
17	26	8	314	
17	26	8	321	
17	26	8	321	
17	26	8	320	
17	26	8	320	
17	26	8	317	
17	26	8	317	
17	26	8	310	
17	26	8	310	
17	26	8	304	
17	26	8	304	
17	26	8	293	
17	26	8	293	
17	26	8	287	
17	26	8	287	
17	26	8	282	
17	26	8	282	
17	26	8	274	
17	26	8	274	
17	26	8	267	
17	26	8	267	
17	26	8	260	
17	26	8	260	
17	26	8	263	
17	26	8	263	
17	26	8	262	
17	26	8	262	
17	26	8	259	
17	26	8	259	
17	26	8	258	
17	26	8	258	
17	26	8	256	
17	26	8	256	
17	26	8	251	
17	26	8	251	
17	26	8	251	
17	26	8	251	
17	26	8	251	
17	26	8	248	
17	26	8	244	
17	26	8	244	
17	26	8	240	
17	26	8	240	
17	26	8	234	
17	26	8	234	
17	26	8	235	
17	26	8	235	
17	26	8	235	
17	26	8	235	
17	26	8	237	
17	26	8	237	
17	26	8	237	
17	26	8	237	
17	26	8	237	
17	26	8	237	
17	26	8	237	
17	26	8	239	
17	26	8	239	
17	26	8	237	
17	26	8	237	
17	26	8	239	
17	26	8	239	
17	26	8	235	
17	26	8	235	
17	26	8	233	
17	26	8	233	
17	26	8	232	
17	26	9	232	
17	26	9	229	
17	26	9	229	
17	26	9	230	
17	26	9	230	
17	26	9	229	
17	26	9	229	
17	26	9	229	
17	26	9	229	
17	26	9	231	
17	26	9	231	
17	26	9	232	
17	26	9	232	
17	26	9	240	
17	26	9	240	
17	26	9	252	
17	26	9	252	
17	26	9	271	
17	26	9	271	
17	26	9	285	
17	26	9	285	
17	26	9	300	
17	26	9	300	
17	26	9	311	
17	26	9	311	
17	26	9	319	
17	26	9	319	
17	26	9	317	
17	26	9	317	
17	26	9	311	
17	26	9	311	
17	26	9	303	
17	26	9	303	
17	26	9	297	
17	26	9	297	
17	26	9	291	
17	26	9	291	
17	26	9	285	
17	26	9	285	
17	26	9	282	
17	26	9	282	
17	26	9	275	
17	26	9	275	
17	26	9	267	
17	26	9	267	
17	26	9	265	
17	26	9	265	
17	26	9	262	
17	26	9	262	
17	26	9	260	
17	26	9	260	
17	26	9	261	
17	26	9	261	
17	26	9	262	
17	26	9	262	
17	26	9	262	
17	26	9	262	
17	26	9	258	
17	26	9	258	
17	26	9	254	
17	26	9	254	
17	26	9	253	
17	26	9	253	
17	26	9	250	
17	26	9	250	
17	26	9	248	
17	26	9	248	
17	26	9	248	
17	26	9	248	
17	26	9	248	
17	26	9	246	
17	26	9	246	
17	26	9	244	
17	26	9	245	
17	26	9	245	
17	26	9	245	
17	26	9	245	
17	26	9	245	
17	26	9	245	
17	26	9	245	
17	26	9	245	
17	26	9	242	
17	26	9	242	
17	26	9	242	
17	26	9	240	
17	26	9	240	
17	26	9	241	
17	26	9	241	
17	26	9	243	
17	26	9	243	
17	26	9	243	
17	26	9	243	
17	26	9	243	
17	26	9	243	
17	26	9	242	
17	26	9	242	
17	26	9	243	
17	26	9	243	
17	26	9	245	
17	26	9	245	
17	26	10	245	
17	26	10	245	
17	26	10	248	
17	26	10	248	
17	26	10	258	
17	26	10	258	
17	26	10	277	
17	26	10	277	
17	26	10	293	
17	26	10	293	
17	26	10	312	
17	26	10	312	
17	26	10	321	
17	26	10	321	
17	26	10	319	
17	26	10	319	
17	26	10	317	
17	26	10	317	
17	26	10	309	
17	26	10	309	
17	26	10	302	
17	26	10	302	
17	26	10	298	
17	26	10	298	
17	26	10	290	
17	26	10	290	
17	26	10	281	
17	26	10	281	
17	26	10	276	
17	26	10	276	
17	26	10	268	
17	26	10	268	
17	26	10	262	
17	26	10	262	
17	26	10	259	
17	26	10	259	
17	26	10	256	
17	26	10	256	
17	26	10	256	
17	26	10	256	
17	26	10	260	
17	26	10	260	
17	26	10	262	
17	26	10	262	
17	26	10	261	
17	26	10	261	
17	26	10	254	
17	26	10	254	
17	26	10	251	
17	26	10	251	
17	26	10	247	
17	26	10	247	
17	26	10	244	
17	26	10	244	
17	26	10	242	
17	26	10	242	
17	26	10	238	
17	26	10	238	
17	26	10	238	
17	26	10	238	
17	26	10	236	
17	26	10	236	
17	26	10	237	
17	26	10	237	
17	26	10	237	
17	26	10	236	
17	26	10	236	
17	26	10	234	
17	26	10	234	
17	26	10	233	
17	26	10	233	
17	26	10	233	
17	26	10	234	
17	26	10	234	
17	26	10	234	
17	26	10	234	
17	26	10	234	
17	26	10	233	
17	26	10	233	
17	26	10	234	
17	26	10	234	
17	26	10	233	
17	26	10	233	
17	26	10	232	
17	26	10	232	
17	26	10	230	
17	26	10	230	
17	26	10	229	
17	26	10	229	
17	26	10	234	
17	26	10	234	
17	26	10	243	
17	26	10	243	
17	26	10	260	
17	26	10	260	
17	26	10	275	
17	26	10	275	
17	26	10	298	
17	26	10	298	
17	26	10	313	
17	26	11	313	
17	26	11	319	
17	26	11	319	
17	26	11	317	
17	26	11	317	
17	26	11	313	
17	26	11	313	
17	26	11	306	
17	26	11	306	
17	26	11	299	
17	26	11	299	
17	26	11	291	
17	26	11	291	
17	26	11	283	
17	26	11	283	
17	26	11	274	
17	26	11	274	
17	26	11	265	
17	26	11	265	
17	26	11	259	
17	26	11	259	
17	26	11	254	
17	26	11	254	
17	26	11	251	
17	26	11	251	
17	26	11	253	
17	26	11	253	
17	26	11	257	
17	26	11	257	
17	26	11	259	
17	26	11	259	
17	26	11	258	
17	26	11	258	
17	26	11	256	
17	26	11	256	
17	26	11	253	
17	26	11	253	
17	26	11	251	
17	26	11	251	
17	26	11	248	
17	26	11	248	
17	26	11	245	
17	26	11	245	
17	26	11	243	
17	26	11	243	
17	26	11	242	
17	26	11	242	
17	26	11	243	
17	26	11	243	
17	26	11	238	
17	26	11	238	
17	26	11	237	
17	26	11	237	
17	26	11	238	
17	26	11	238	
17	26	11	240	
17	26	11	240	
17	26	11	239	
17	26	11	239	
17	26	11	239	
17	26	11	240	
17	26	11	240	
17	26	11	240	
17	26	11	240	
17	26	11	238	
17	26	11	242	
17	26	11	242	
17	26	11	243	
17	26	11	243	
17	26	11	245	
17	26	11	245	
17	26	11	245	
17	26	11	243	
17	26	11	243	
17	26	11	240	
17	26	11	240	
17	26	11	238	
17	26	11	238	
17	26	11	238	
17	26	11	238	
17	26	11	243	
17	26	11	243	
17	26	11	254	
17	26	11	254	
17	26	11	274	
17	26	11	274	
17	26	11	307	
17	26	11	307	
17	26	11	322	
17	26	11	322	
17	26	11	336	
17	26	11	336	
17	26	11	342	
17	26	11	342	
17	26	11	342	
17	26	11	342	
17	26	11	338	
17	26	11	338	
17	26	11	331	
17	26	11	331	
17	26	12	326	
17	26	12	326	
17	26	12	323	
17	26	12	323	
17	26	12	318	
17	26	12	318	
17	26	12	309	
17	26	12	309	
17	26	12	294	
17	26	12	294	
17	26	12	282	
17	26	12	282	
17	26	12	273	
17	26	12	273	
17	26	12	267	
17	26	12	267	
17	26	12	264	
17	26	12	264	
17	26	12	265	
17	26	12	265	
17	26	12	267	
17	26	12	267	
17	26	12	267	
17	26	12	267	
17	26	12	265	
17	26	12	265	
17	26	12	262	
17	26	12	262	
17	26	12	256	
17	26	12	256	
17	26	12	252	
17	26	12	252	
17	26	12	251	
17	26	12	251	
17	26	12	247	
17	26	12	247	
17	26	12	245	
17	26	12	245	
17	26	12	243	
17	26	12	243	
17	26	12	240	
17	26	12	240	
17	26	12	240	
17	26	12	240	
17	26	12	238	
17	26	12	238	
17	26	12	237	
17	26	12	237	
17	26	12	232	
17	26	12	232	
17	26	12	232	
17	26	12	232	
17	26	12	232	
17	26	12	232	
17	26	12	232	
17	26	12	231	
17	26	12	231	
17	26	12	231	
17	26	12	231	
17	26	12	231	
17	26	12	231	
17	26	12	229	
17	26	12	228	
17	26	12	228	
17	26	12	228	
17	26	12	229	
17	26	12	228	
17	26	12	228	
17	26	12	228	
17	26	12	229	
17	26	12	229	
17	26	12	226	
17	26	12	226	
17	26	12	229	
17	26	12	229	
17	26	12	242	
17	26	12	242	
17	26	12	265	
17	26	12	265	
17	26	12	295	
17	26	12	295	
17	26	12	319	
17	26	12	319	
17	26	12	338	
17	26	12	338	
17	26	12	344	
17	26	12	344	
17	26	12	339	
17	26	12	339	
17	26	12	331	
17	26	12	331	
17	26	12	321	
17	26	12	321	
17	26	12	313	
17	26	12	313	
17	26	12	305	
17	26	12	305	
17	26	12	296	
17	26	12	296	
17	26	12	289	
17	26	13	289	
17	26	13	281	
17	26	13	281	
17	26	13	273	
17	26	13	273	
17	26	13	267	
17	26	13	267	
17	26	13	259	
17	26	13	259	
17	26	13	259	
17	26	13	259	
17	26	13	257	
17	26	13	257	
17	26	13	257	
17	26	13	257	
17	26	13	258	
17	26	13	258	
17	26	13	257	
17	26	13	257	
17	26	13	254	
17	26	13	254	
17	26	13	250	
17	26	13	250	
17	26	13	246	
17	26	13	246	
17	26	13	243	
17	26	13	243	
17	26	13	239	
17	26	13	239	
17	26	13	243	
17	26	13	243	
17	26	13	240	
17	26	13	240	
17	26	13	239	
17	26	13	239	
17	26	13	238	
17	26	13	238	
17	26	13	236	
17	26	13	236	
17	26	13	235	
17	26	13	235	
17	26	13	234	
17	26	13	234	
17	26	13	234	
17	26	13	234	
17	26	13	234	
17	26	13	234	
17	26	13	234	
17	26	13	233	
17	26	13	233	
17	26	13	235	
17	26	13	235	
17	26	13	235	
17	26	13	235	
17	26	13	235	
17	26	13	235	
17	26	13	236	
17	26	13	234	
17	26	13	234	
17	26	13	234	
17	26	13	234	
17	26	13	234	
17	26	13	234	
17	26	13	234	
17	26	13	235	
17	26	13	235	
17	26	13	240	
17	26	13	240	
17	26	13	252	
17	26	13	252	
17	26	13	273	
17	26	13	273	
17	26	13	300	
17	26	13	300	
17	26	13	316	
17	26	13	316	
17	26	13	332	
17	26	13	332	
17	26	13	336	
17	26	13	336	
17	26	13	333	
17	26	13	333	
17	26	13	325	
17	26	13	325	
17	26	13	314	
17	26	13	314	
17	26	13	306	
17	26	13	306	
17	26	13	303	
17	26	13	303	
17	26	13	295	
17	26	13	295	
17	26	13	284	
17	26	13	284	
17	26	13	272	
17	26	13	272	
17	26	13	262	
17	26	13	262	
17	26	13	258	
17	26	13	258	
17	26	14	256	
17	26	14	256	
17	26	14	258	
17	26	14	258	
17	26	14	259	
17	26	14	259	
17	26	14	259	
17	26	14	259	
17	26	14	259	
17	26	14	259	
17	26	14	256	
17	26	14	256	
17	26	14	252	
17	26	14	252	
17	26	14	248	
17	26	14	248	
17	26	14	245	
17	26	14	245	
17	26	14	242	
17	26	14	242	
17	26	14	239	
17	26	14	239	
17	26	14	232	
17	26	14	232	
17	26	14	232	
17	26	14	232	
17	26	14	232	
17	26	14	232	
17	26	14	233	
17	26	14	233	
17	26	14	230	
17	26	14	230	
17	26	14	232	
17	26	14	232	
17	26	14	230	
17	26	14	230	
17	26	14	234	
17	26	14	234	
17	26	14	234	
17	26	14	234	
17	26	14	234	
17	26	14	232	
17	26	14	232	
17	26	14	229	
17	26	14	229	
17	26	14	228	
17	26	14	228	
17	26	14	226	
17	26	14	226	
17	26	14	225	
17	26	14	225	
17	26	14	222	
17	26	14	222	
17	26	14	223	
17	26	14	226	
17	26	14	226	
17	26	14	226	
17	26	14	237	
17	26	14	256	
17	26	14	256	
17	26	14	256	
17	26	14	276	
17	26	14	276	
17	26	14	294	
17	26	14	294	
17	26	14	315	
17	26	14	315	
17	26	14	327	
17	26	14	327	
17	26	14	328	
17	26	14	328	
17	26	14	320	
17	26	14	320	
17	26	14	310	
17	26	14	310	
17	26	14	301	
17	26	14	301	
17	26	14	292	
17	26	14	292	
17	26	14	284	
17	26	14	284	
17	26	14	276	
17	26	14	276	
17	26	14	265	
17	26	14	265	
17	26	14	255	
17	26	14	255	
17	26	14	248	
17	26	14	248	
17	26	14	248	
17	26	14	248	
17	26	14	248	
17	26	14	248	
17	26	14	251	
17	26	14	251	
17	26	14	251	
17	26	14	251	
17	26	14	249	
17	26	14	249	
17	26	14	246	
17	26	15	246	
17	26	15	243	
17	26	15	243	
17	26	15	240	
17	26	15	240	
17	26	15	238	
17	26	15	238	
17	26	15	234	
17	26	15	234	
17	26	15	231	
17	26	15	231	
17	26	15	234	
17	26	15	234	
17	26	15	232	
17	26	15	232	
17	26	15	232	
17	26	15	232	
17	26	15	232	
17	26	15	229	
17	26	15	229	
17	26	15	229	
17	26	15	230	
17	26	15	230	
17	26	15	229	
17	26	15	229	
17	26	15	229	
17	26	15	229	
17	26	15	229	
17	26	15	229	
17	26	15	228	
17	26	15	228	
17	26	15	232	
17	26	15	232	
17	26	15	232	
17	26	15	232	
17	26	15	232	
17	26	15	231	
17	26	15	231	
17	26	15	229	
17	26	15	229	
17	26	15	229	
17	26	15	229	
17	26	15	229	
17	26	15	229	
17	26	15	228	
17	26	15	228	
17	26	15	229	
17	26	15	229	
17	26	15	232	
17	26	15	232	
17	26	15	243	
17	26	15	243	
17	26	15	270	
17	26	15	270	
17	26	15	295	
17	26	15	295	
17	26	15	323	
17	26	15	323	
17	26	15	336	
17	26	15	336	
17	26	15	343	
17	26	15	343	
17	26	15	344	
17	26	15	344	
17	26	15	338	
17	26	15	338	
17	26	15	331	
17	26	15	331	
17	26	15	323	
17	26	15	323	
17	26	15	319	
17	26	15	319	
17	26	15	312	
17	26	15	312	
17	26	15	303	
17	26	15	303	
17	26	15	290	
17	26	15	290	
17	26	15	276	
17	26	15	276	
17	26	15	273	
17	26	15	273	
17	26	15	267	
17	26	15	267	
17	26	15	263	
17	26	15	263	
17	26	15	264	
17	26	15	264	
17	26	15	263	
17	26	15	263	
17	26	15	259	
17	26	15	259	
17	26	15	259	
17	26	15	259	
17	26	15	255	
17	26	15	255	
17	26	15	252	
17	26	15	252	
17	26	15	248	
17	26	15	248	
17	26	16	244	
17	26	16	244	
17	26	16	241	
17	26	16	241	
17	26	16	237	
17	26	16	237	
17	26	16	237	
17	26	16	237	
17	26	16	237	
17	26	16	237	
17	26	16	237	
17	26	16	236	
17	26	16	236	
17	26	16	234	
17	26	16	234	
17	26	16	232	
17	26	16	232	
17	26	16	232	
17	26	16	233	
17	26	16	233	
17	26	16	232	
17	26	16	232	
17	26	16	232	
17	26	16	232	
17	26	16	232	
17	26	16	232	
17	26	16	230	
17	26	16	230	
17	26	16	230	
17	26	16	230	
17	26	16	230	
17	26	16	229	
17	26	16	229	
17	26	16	224	
17	26	16	224	
17	26	16	223	
17	26	16	223	
17	26	16	222	
17	26	16	222	
17	26	16	223	
17	26	16	223	
17	26	16	223	
17	26	16	223	
17	26	16	226	
17	26	16	226	
17	26	16	236	
17	26	16	253	
17	26	16	253	
17	26	16	253	
17	26	16	279	
17	26	16	279	
17	26	16	297	
17	26	16	297	
17	26	16	310	
17	26	16	310	
17	26	16	322	
17	26	16	322	
17	26	16	322	
17	26	16	322	
17	26	16	318	
17	26	16	318	
17	26	16	309	
17	26	16	309	
17	26	16	300	
17	26	16	300	
17	26	16	293	
17	26	16	293	
17	26	16	287	
17	26	16	287	
17	26	16	280	
17	26	16	280	
17	26	16	276	
17	26	16	276	
17	26	16	264	
17	26	16	264	
17	26	16	254	
17	26	16	254	
17	26	16	245	
17	26	16	245	
17	26	16	241	
17	26	16	241	
17	26	16	241	
17	26	16	241	
17	26	16	245	
17	26	16	245	
17	26	16	247	
17	26	16	247	
17	26	16	248	
17	26	16	248	
17	26	16	246	
17	26	16	246	
17	26	16	244	
17	26	16	244	
17	26	16	238	
17	26	16	238	
17	26	16	233	
17	26	16	233	
17	26	16	229	
17	26	16	229	
17	26	16	227	
17	26	17	227	
17	26	17	226	
17	26	17	226	
17	26	17	228	
17	26	17	228	
17	26	17	230	
17	26	17	230	
17	26	17	230	
17	26	17	229	
17	26	17	229	
17	26	17	230	
17	26	17	230	
17	26	17	229	
17	26	17	232	
17	26	17	232	
17	26	17	232	
17	26	17	232	
17	26	17	230	
17	26	17	230	
17	26	17	229	
17	26	17	229	
17	26	17	229	
17	26	17	229	
17	26	17	229	
17	26	17	228	
17	26	17	228	
17	26	17	227	
17	26	17	227	
17	26	17	226	
17	26	17	226	
17	26	17	225	
17	26	17	225	
17	26	17	225	
17	26	17	225	
17	26	17	229	
17	26	17	229	
17	26	17	231	
17	26	17	231	
17	26	17	237	
17	26	17	237	
17	26	17	252	
17	26	17	252	
17	26	17	275	
17	26	17	275	
17	26	17	296	
17	26	17	296	
17	26	17	304	
17	26	17	304	
17	26	17	315	
17	26	17	315	
17	26	17	317	
17	26	17	317	
17	26	17	311	
17	26	17	311	
17	26	17	302	
17	26	17	302	
17	26	17	292	
17	26	17	292	
17	26	17	285	
17	26	17	285	
17	26	17	278	
17	26	17	278	
17	26	17	270	
17	26	17	270	
17	26	17	260	
17	26	17	260	
17	26	17	255	
17	26	17	255	
17	26	17	251	
17	26	17	251	
17	26	17	250	
17	26	17	250	
17	26	17	248	
17	26	17	248	
17	26	17	250	
17	26	17	250	
17	26	17	253	
17	26	17	253	
17	26	17	254	
17	26	17	254	
17	26	17	254	
17	26	17	254	
17	26	17	254	
17	26	17	254	
17	26	17	249	
17	26	17	249	
17	26	17	245	
17	26	17	245	
17	26	17	246	
17	26	17	246	
17	26	17	243	
17	26	17	243	
17	26	17	239	
17	26	17	239	
17	26	17	237	
17	26	17	237	
17	26	17	235	
17	26	17	235	
17	26	17	234	
17	26	17	234	
17	26	18	234	
17	26	18	233	
17	26	18	233	
17	26	18	233	
17	26	18	233	
17	26	18	233	
17	26	18	233	
17	26	18	232	
17	26	18	232	
17	26	18	232	
17	26	18	234	
17	26	18	234	
17	26	18	235	
17	26	18	235	
17	26	18	231	
17	26	18	231	
17	26	18	229	
17	26	18	229	
17	26	18	229	
17	26	18	229	
17	26	18	229	
17	26	18	229	
17	26	18	229	
17	26	18	228	
17	26	18	228	
17	26	18	229	
17	26	18	229	
17	26	18	233	
17	26	18	233	
17	26	18	243	
17	26	18	243	
17	26	18	254	
17	26	18	254	
17	26	18	278	
17	26	18	278	
17	26	18	298	
17	26	18	298	
17	26	18	308	
17	26	18	308	
17	26	18	311	
17	26	18	311	
17	26	18	306	
17	26	18	306	
17	26	18	300	
17	26	18	300	
17	26	18	295	
17	26	18	295	
17	26	18	290	
17	26	18	290	
17	26	18	283	
17	26	18	283	
17	26	18	273	
17	26	18	273	
17	26	18	265	
17	26	18	265	
17	26	18	258	
17	26	18	258	
17	26	18	250	
17	26	18	250	
17	26	18	245	
17	26	18	245	
17	26	18	243	
17	26	18	243	
17	26	18	243	
17	26	18	243	
17	26	18	244	
17	26	18	244	
17	26	18	244	
17	26	18	244	
17	26	18	243	
17	26	18	243	
17	26	18	242	
17	26	18	242	
17	26	18	240	
17	26	18	240	
17	26	18	240	
17	26	18	240	
17	26	18	237	
17	26	18	237	
17	26	18	234	
17	26	18	234	
17	26	18	231	
17	26	18	231	
17	26	18	229	
17	26	18	229	
17	26	18	229	
17	26	18	229	
17	26	18	226	
17	26	18	226	
17	26	18	226	
17	26	18	226	
17	26	18	226	
17	26	18	226	
17	26	18	228	
17	26	18	228	
17	26	18	228	
17	26	18	228	
17	26	18	228	
17	26	18	227	
17	26	18	227	
17	26	19	227	
17	26	19	227	
17	26	19	226	
17	26	19	226	
17	26	19	226	
17	26	19	226	
17	26	19	226	
17	26	19	226	
17	26	19	226	
17	26	19	225	
17	26	19	225	
17	26	19	224	
17	26	19	224	
17	26	19	224	
17	26	19	227	
17	26	19	227	
17	26	19	227	
17	26	19	227	
17	26	19	228	
17	26	19	228	
17	26	19	230	
17	26	19	230	
17	26	19	236	
17	26	19	236	
17	26	19	248	
17	26	19	248	
17	26	19	265	
17	26	19	265	
17	26	19	284	
17	26	19	284	
17	26	19	292	
17	26	19	292	
17	26	19	306	
17	26	19	306	
17	26	19	310	
17	26	19	310	
17	26	19	309	
17	26	19	309	
17	26	19	305	
17	26	19	305	
17	26	19	300	
17	26	19	300	
17	26	19	297	
17	26	19	297	
17	26	19	292	
17	26	19	292	
17	26	19	286	
17	26	19	286	
17	26	19	278	
17	26	19	278	
17	26	19	270	
17	26	19	270	
17	26	19	263	
17	26	19	263	
17	26	19	256	
17	26	19	256	
17	26	19	255	
17	26	19	255	
17	26	19	254	
17	26	19	254	
17	26	19	256	
17	26	19	256	
17	26	19	256	
17	26	19	256	
17	26	19	257	
17	26	19	257	
17	26	19	256	
17	26	19	256	
17	26	19	253	
17	26	19	253	
17	26	19	250	
17	26	19	250	
17	26	19	251	
17	26	19	251	
17	26	19	246	
17	26	19	246	
17	26	19	244	
17	26	19	244	
17	26	19	241	
17	26	19	241	
17	26	19	240	
17	26	19	240	
17	26	19	240	
17	26	19	240	
17	26	19	240	
17	26	19	240	
17	26	19	240	
17	26	19	240	
17	26	19	239	
17	26	19	239	
17	26	19	239	
17	26	19	238	
17	26	19	238	
17	26	19	238	
17	26	19	238	
17	26	19	236	
17	26	19	236	
17	26	19	236	
17	26	19	236	
17	26	19	236	
17	26	20	234	
17	26	20	234	
17	26	20	237	
17	26	20	237	
17	26	20	235	
17	26	20	235	
17	26	20	234	
17	26	20	234	
17	26	20	234	
17	26	20	234	
17	26	20	234	
17	26	20	233	
17	26	20	233	
17	26	20	233	
17	26	20	233	
17	26	20	232	
17	26	20	232	
17	26	20	238	
17	26	20	238	
17	26	20	249	
17	26	20	249	
17	26	20	264	
17	26	20	264	
17	26	20	281	
17	26	20	281	
17	26	20	295	
17	26	20	295	
17	26	20	305	
17	26	20	305	
17	26	20	309	
17	26	20	309	
17	26	20	306	
17	26	20	306	
17	26	20	295	
17	26	20	295	
17	26	20	289	
17	26	20	289	
17	26	20	285	
17	26	20	285	
17	26	20	279	
17	26	20	279	
17	26	20	274	
17	26	20	274	
17	26	20	267	
17	26	20	267	
17	26	20	268	
17	26	20	268	
17	26	20	259	
17	26	20	259	
17	26	20	251	
17	26	20	251	
17	26	20	247	
17	26	20	247	
17	26	20	245	
17	26	20	245	
17	26	20	246	
17	26	20	246	
17	26	20	246	
17	26	20	246	
17	26	20	246	
17	26	20	246	
17	26	20	246	
17	26	20	246	
17	26	20	246	
17	26	20	244	
17	26	20	241	
17	26	20	241	
17	26	20	240	
17	26	20	240	
17	26	20	238	
17	26	20	238	
17	26	20	237	
17	26	20	237	
17	26	20	235	
17	26	20	235	
17	26	20	232	
17	26	20	232	
17	26	20	232	
17	26	20	232	
17	26	20	230	
17	26	20	230	
17	26	20	231	
17	26	20	231	
17	26	20	231	
17	26	20	230	
17	26	20	230	
17	26	20	229	
17	26	20	229	
17	26	20	229	
17	26	20	229	
17	26	20	229	
17	26	20	229	
17	26	20	230	
17	26	20	230	
17	26	20	230	
17	26	20	230	
17	26	20	234	
17	26	20	234	
17	26	20	234	
17	26	20	234	
17	26	21	234	
17	26	21	234	
17	26	21	232	
17	26	21	232	
17	26	21	232	
17	26	21	232	
17	26	21	232	
17	26	21	232	
17	26	21	232	
17	26	21	232	
17	26	21	237	
17	26	21	237	
17	26	21	248	
17	26	21	248	
17	26	21	264	
17	26	21	264	
17	26	21	275	
17	26	21	275	
17	26	21	295	
17	26	21	295	
17	26	21	306	
17	26	21	306	
17	26	21	309	
17	26	21	309	
17	26	21	305	
17	26	21	305	
17	26	21	300	
17	26	21	300	
17	26	21	292	
17	26	21	292	
17	26	21	285	
17	26	21	285	
17	26	21	283	
17	26	21	283	
17	26	21	278	
17	26	21	278	
17	26	21	278	
17	26	21	278	
17	26	21	273	
17	26	21	273	
17	26	21	266	
17	26	21	266	
17	26	21	261	
17	26	21	261	
17	26	21	260	
17	26	21	260	
17	26	21	261	
17	26	21	261	
17	26	21	262	
17	26	21	262	
17	26	21	261	
17	26	21	261	
17	26	21	260	
17	26	21	260	
17	26	21	258	
17	26	21	258	
17	26	21	259	
17	26	21	259	
17	26	21	255	
17	26	21	255	
17	26	21	252	
17	26	21	252	
17	26	21	249	
17	26	21	249	
17	26	21	248	
17	26	21	248	
17	26	21	248	
17	26	21	248	
17	26	21	247	
17	26	21	247	
17	26	21	245	
17	26	21	245	
17	26	21	245	
17	26	21	245	
17	26	21	245	
17	26	21	245	
17	26	21	245	
17	26	21	243	
17	26	21	243	
17	26	21	244	
17	26	21	244	
17	26	21	243	
17	26	21	243	
17	26	21	242	
17	26	21	242	
17	26	21	242	
17	26	21	242	
17	26	21	242	
17	26	21	242	
17	26	21	240	
17	26	21	240	
17	26	21	238	
17	26	21	239	
17	26	21	239	
17	26	21	239	
17	26	21	239	
17	26	21	239	
17	26	21	240	
17	26	21	240	
17	26	21	242	
17	26	22	242	
17	26	22	248	
17	26	22	248	
17	26	22	259	
17	26	22	259	
17	26	22	275	
17	26	22	275	
17	26	22	298	
17	26	22	298	
17	26	22	316	
17	26	22	316	
17	26	22	325	
17	26	22	325	
17	26	22	328	
17	26	22	328	
17	26	22	319	
17	26	22	319	
17	26	22	311	
17	26	22	311	
17	26	22	306	
17	26	22	306	
17	26	22	298	
17	26	22	298	
17	26	22	294	
17	26	22	294	
17	26	22	288	
17	26	22	288	
17	26	22	281	
17	26	22	281	
17	26	22	275	
17	26	22	275	
17	26	22	269	
17	26	22	269	
17	26	22	265	
17	26	22	265	
17	26	22	260	
17	26	22	260	
17	26	22	260	
17	26	22	260	
17	26	22	260	
17	26	22	260	
17	26	22	260	
17	26	22	260	
17	26	22	259	
17	26	22	259	
17	26	22	257	
17	26	22	257	
17	26	22	253	
17	26	22	253	
17	26	22	249	
17	26	22	249	
17	26	22	245	
17	26	22	245	
17	26	22	242	
17	26	22	242	
17	26	22	242	
17	26	22	240	
17	26	22	240	
17	26	22	237	
17	26	22	236	
17	26	22	236	
17	26	22	238	
17	26	22	238	
17	26	22	236	
17	26	22	236	
17	26	22	236	
17	26	22	236	
17	26	22	234	
17	26	22	234	
17	26	22	235	
17	26	22	235	
17	26	22	235	
17	26	22	234	
17	26	22	229	
17	26	22	229	
17	26	22	229	
17	26	22	229	
17	26	22	229	
17	26	22	229	
17	26	22	229	
17	26	22	230	
17	26	22	230	
17	26	22	232	
17	26	22	232	
17	26	22	229	
17	26	22	229	
17	26	22	229	
17	26	22	229	
17	26	22	232	
17	26	22	232	
17	26	22	232	
17	26	22	232	
17	26	22	234	
17	26	22	234	
17	26	22	240	
17	26	22	240	
17	26	22	254	
17	26	22	254	
17	26	22	273	
17	26	22	273	
17	26	23	298	
17	26	23	298	
17	26	23	320	
17	26	23	320	
17	26	23	333	
17	26	23	333	
17	26	23	339	
17	26	23	339	
17	26	23	334	
17	26	23	334	
17	26	23	328	
17	26	23	328	
17	26	23	320	
17	26	23	320	
17	26	23	312	
17	26	23	312	
17	26	23	311	
17	26	23	311	
17	26	23	303	
17	26	23	303	
17	26	23	295	
17	26	23	295	
17	26	23	284	
17	26	23	284	
17	26	23	276	
17	26	23	276	
17	26	23	272	
17	26	23	272	
17	26	23	269	
17	26	23	269	
17	26	23	270	
17	26	23	270	
17	26	23	269	
17	26	23	269	
17	26	23	267	
17	26	23	267	
17	26	23	269	
17	26	23	269	
17	26	23	267	
17	26	23	267	
17	26	23	263	
17	26	23	263	
17	26	23	259	
17	26	23	259	
17	26	23	255	
17	26	23	255	
17	26	23	251	
17	26	23	251	
17	26	23	251	
17	26	23	249	
17	26	23	247	
17	26	23	247	
17	26	23	247	
17	26	23	245	
17	26	23	245	
17	26	23	245	
17	26	23	245	
17	26	23	245	
17	26	23	248	
17	26	23	248	
17	26	23	245	
17	26	23	245	
17	26	23	245	
17	26	23	244	
17	26	23	244	
17	26	23	244	
17	26	23	244	
17	26	23	243	
17	26	23	243	
17	26	23	241	
17	26	23	241	
17	26	23	240	
17	26	23	240	
17	26	23	240	
17	26	23	240	
17	26	23	240	
17	26	23	240	
17	26	23	234	
17	26	23	234	
17	26	23	234	
17	26	23	234	
17	26	23	235	
17	26	23	235	
17	26	23	237	
17	26	23	237	
17	26	23	238	
17	26	23	238	
17	26	23	242	
17	26	23	242	
17	26	23	255	
17	26	23	255	
17	26	23	276	
17	26	23	276	
17	26	23	303	
17	26	23	303	
17	26	23	325	
17	26	23	325	
17	26	23	339	
17	26	23	339	
17	26	23	345	
17	26	24	345	
17	26	24	343	
17	26	24	343	
17	26	24	335	
17	26	24	335	
17	26	24	326	
17	26	24	326	
17	26	24	317	
17	26	24	317	
17	26	24	311	
17	26	24	311	
17	26	24	304	
17	26	24	304	
17	26	24	298	
17	26	24	298	
17	26	24	288	
17	26	24	288	
17	26	24	281	
17	26	24	281	
17	26	24	272	
17	26	24	272	
17	26	24	265	
17	26	24	265	
17	26	24	262	
17	26	24	262	
17	26	24	261	
17	26	24	261	
17	26	24	260	
17	26	24	260	
17	26	24	261	
17	26	24	261	
17	26	24	259	
17	26	24	259	
17	26	24	256	
17	26	24	256	
17	26	24	254	
17	26	24	254	
17	26	24	250	
17	26	24	250	
17	26	24	250	
17	26	24	243	
17	26	24	240	
17	26	24	240	
17	26	24	240	
17	26	24	237	
17	26	24	237	
17	26	24	235	
17	26	24	235	
17	26	24	234	
17	26	24	234	
17	26	24	234	
17	26	24	232	
17	26	24	232	
17	26	24	234	
17	26	24	234	
17	26	24	233	
17	26	24	233	
17	26	24	232	
17	26	24	232	
17	26	24	230	
17	26	24	230	
17	26	24	230	
17	26	24	230	
17	26	24	230	
17	26	24	229	
17	26	24	229	
17	26	24	229	
17	26	24	229	
17	26	24	229	
17	26	24	229	
17	26	24	229	
17	26	24	229	
17	26	24	227	
17	26	24	227	
17	26	24	225	
17	26	24	225	
17	26	24	224	
17	26	24	224	
17	26	24	224	
17	26	24	224	
17	26	24	231	
17	26	24	231	
17	26	24	245	
17	26	24	245	
17	26	24	270	
17	26	24	270	
17	26	24	290	
17	26	24	290	
17	26	24	309	
17	26	24	309	
17	26	24	324	
17	26	24	324	
17	26	24	326	
17	26	24	326	
17	26	24	320	
17	26	24	320	
17	26	24	311	
17	26	24	311	
17	26	24	306	
17	26	24	306	
17	26	25	298	
17	26	25	298	
17	26	25	289	
17	26	25	289	
17	26	25	287	
17	26	25	287	
17	26	25	280	
17	26	25	280	
17	26	25	270	
17	26	25	270	
17	26	25	260	
17	26	25	260	
17	26	25	254	
17	26	25	254	
17	26	25	251	
17	26	25	251	
17	26	25	254	
17	26	25	254	
17	26	25	263	
17	26	25	263	
17	26	25	263	
17	26	25	263	
17	26	25	263	
17	26	25	263	
17	26	25	259	
17	26	25	259	
17	26	25	256	
17	26	25	256	
17	26	25	254	
17	26	25	254	
17	26	25	248	
17	26	25	248	
17	26	25	244	
17	26	25	244	
17	26	25	240	
17	26	25	240	
17	26	25	237	
17	26	25	237	
17	26	25	237	
17	26	25	235	
17	26	25	235	
17	26	25	239	
17	26	25	239	
17	26	25	238	
17	26	25	238	
17	26	25	238	
17	26	25	238	
17	26	25	238	
17	26	25	240	
17	26	25	240	
17	26	25	240	
17	26	25	239	
17	26	25	239	
17	26	25	239	
17	26	25	239	
17	26	25	237	
17	26	25	237	
17	26	25	234	
17	26	25	234	
17	26	25	233	
17	26	25	233	
17	26	25	234	
17	26	25	234	
17	26	25	235	
17	26	25	235	
17	26	25	234	
17	26	25	234	
17	26	25	237	
17	26	25	237	
17	26	25	243	
17	26	25	243	
17	26	25	259	
17	26	25	259	
17	26	25	283	
17	26	25	283	
17	26	25	307	
17	26	25	307	
17	26	25	329	
17	26	25	329	
17	26	25	339	
17	26	25	339	
17	26	25	339	
17	26	25	339	
17	26	25	333	
17	26	25	333	
17	26	25	325	
17	26	25	325	
17	26	25	314	
17	26	25	314	
17	26	25	305	
17	26	25	305	
17	26	25	297	
17	26	25	297	
17	26	25	289	
17	26	25	289	
17	26	25	279	
17	26	25	279	
17	26	25	271	
17	26	25	271	
17	26	25	263	
17	26	26	263	
17	26	26	259	
17	26	26	259	
17	26	26	259	
17	26	26	259	
17	26	26	260	
17	26	26	260	
17	26	26	260	
17	26	26	260	
17	26	26	259	
17	26	26	259	
17	26	26	256	
17	26	26	256	
17	26	26	256	
17	26	26	256	
17	26	26	253	
17	26	26	253	
17	26	26	248	
17	26	26	248	
17	26	26	240	
17	26	26	240	
17	26	26	237	
17	26	26	237	
17	26	26	234	
17	26	26	234	
17	26	26	232	
17	26	26	232	
17	26	26	230	
17	26	26	230	
17	26	26	230	
17	26	26	230	
17	26	26	230	
17	26	26	232	
17	26	26	232	
17	26	26	230	
17	26	26	230	
17	26	26	231	
17	26	26	231	
17	26	26	231	
17	26	26	231	
17	26	26	229	
17	26	26	229	
17	26	26	226	
17	26	26	224	
17	26	26	224	
17	26	26	226	
17	26	26	226	
17	26	26	226	
17	26	26	226	
17	26	26	223	
17	26	26	223	
17	26	26	223	
17	26	26	223	
17	26	26	223	
17	26	26	222	
17	26	26	222	
17	26	26	221	
17	26	26	221	
17	26	26	222	
17	26	26	222	
17	26	26	227	
17	26	26	227	
17	26	26	240	
17	26	26	240	
17	26	26	260	
17	26	26	260	
17	26	26	279	
17	26	26	279	
17	26	26	306	
17	26	26	306	
17	26	26	324	
17	26	26	324	
17	26	26	332	
17	26	26	332	
17	26	26	331	
17	26	26	331	
17	26	26	322	
17	26	26	322	
17	26	26	316	
17	26	26	316	
17	26	26	309	
17	26	26	309	
17	26	26	303	
17	26	26	303	
17	26	26	296	
17	26	26	296	
17	26	26	287	
17	26	26	287	
17	26	26	276	
17	26	26	276	
17	26	26	265	
17	26	26	265	
17	26	26	255	
17	26	26	255	
17	26	26	250	
17	26	26	250	
17	26	26	248	
17	26	26	248	
17	26	26	248	
17	26	26	248	
17	26	27	254	
17	26	27	254	
17	26	27	254	
17	26	27	254	
17	26	27	251	
17	26	27	251	
17	26	27	248	
17	26	27	248	
17	26	27	245	
17	26	27	245	
17	26	27	245	
17	26	27	245	
17	26	27	241	
17	26	27	241	
17	26	27	237	
17	26	27	237	
17	26	27	235	
17	26	27	235	
17	26	27	232	
17	26	27	232	
17	26	27	234	
17	26	27	234	
17	26	27	234	
17	26	27	234	
17	26	27	232	
17	26	27	232	
17	26	27	232	
17	26	27	231	
17	26	27	231	
17	26	27	231	
17	26	27	231	
17	26	27	231	
17	26	27	231	
17	26	27	230	
17	26	27	230	
17	26	27	229	
17	26	27	229	
17	26	27	229	
17	26	27	229	
17	26	27	229	
17	26	27	230	
17	26	27	230	
17	26	27	230	
17	26	27	232	
17	26	27	231	
17	26	27	231	
17	26	27	231	
17	26	27	231	
17	26	27	231	
17	26	27	230	
17	26	27	230	
17	26	27	229	
17	26	27	229	
17	26	27	232	
17	26	27	232	
17	26	27	238	
17	26	27	238	
17	26	27	252	
17	26	27	252	
17	26	27	273	
17	26	27	273	
17	26	27	298	
17	26	27	298	
17	26	27	320	
17	26	27	320	
17	26	27	329	
17	26	27	329	
17	26	27	328	
17	26	27	328	
17	26	27	322	
17	26	27	322	
17	26	27	314	
17	26	27	314	
17	26	27	300	
17	26	27	300	
17	26	27	298	
17	26	27	298	
17	26	27	293	
17	26	27	293	
17	26	27	295	
17	26	27	295	
17	26	27	285	
17	26	27	285	
17	26	27	275	
17	26	27	275	
17	26	27	265	
17	26	27	265	
17	26	27	256	
17	26	27	256	
17	26	27	251	
17	26	27	251	
17	26	27	250	
17	26	27	250	
17	26	27	251	
17	26	27	251	
17	26	27	254	
17	26	27	254	
17	26	27	253	
17	26	27	253	
17	26	27	254	
17	26	28	254	
17	26	28	254	
17	26	28	252	
17	26	28	248	
17	26	28	248	
17	26	28	244	
17	26	28	244	
17	26	28	242	
17	26	28	242	
17	26	28	238	
17	26	28	238	
17	26	28	237	
17	26	28	237	
17	26	28	234	
17	26	28	234	
17	26	28	234	
17	26	28	234	
17	26	28	233	
17	26	28	233	
17	26	28	233	
17	26	28	234	
17	26	28	230	
17	26	28	230	
17	26	28	230	
17	26	28	229	
17	26	28	229	
17	26	28	228	
17	26	28	228	
17	26	28	227	
17	26	28	227	
17	26	28	227	
17	26	28	227	
17	26	28	227	
17	26	28	227	
17	26	28	227	
17	26	28	227	
17	26	28	227	
17	26	28	228	
17	26	28	228	
17	26	28	228	
17	26	28	228	
17	26	28	228	
17	26	28	226	
17	26	28	226	
17	26	28	222	
17	26	28	222	
17	26	28	222	
17	26	28	222	
17	26	28	223	
17	26	28	223	
17	26	28	226	
17	26	28	226	
17	26	28	235	
17	26	28	235	
17	26	28	250	
17	26	28	250	
17	26	28	270	
17	26	28	270	
17	26	28	280	
17	26	28	280	
17	26	28	292	
17	26	28	292	
17	26	28	299	
17	26	28	299	
17	26	28	299	
17	26	28	299	
17	26	28	295	
17	26	28	295	
17	26	28	288	
17	26	28	288	
17	26	28	281	
17	26	28	281	
17	26	28	278	
17	26	28	278	
17	26	28	277	
17	26	28	277	
17	26	28	275	
17	26	28	275	
17	26	28	265	
17	26	28	265	
17	26	28	256	
17	26	28	256	
17	26	28	248	
17	26	28	248	
17	26	28	245	
17	26	28	245	
17	26	28	244	
17	26	28	244	
17	26	28	245	
17	26	28	245	
17	26	28	245	
17	26	28	245	
17	26	28	245	
17	26	28	245	
17	26	28	243	
17	26	28	243	
17	26	28	243	
17	26	28	240	
17	26	28	238	
17	26	28	238	
17	26	29	237	
17	26	29	237	
17	26	29	240	
17	26	29	240	
17	26	29	239	
17	26	29	239	
17	26	29	236	
17	26	29	236	
17	26	29	235	
17	26	29	235	
17	26	29	235	
17	26	29	234	
17	26	29	233	
17	26	29	233	
17	26	29	232	
17	26	29	232	
17	26	29	232	
17	26	29	232	
17	26	29	232	
17	26	29	231	
17	26	29	231	
17	26	29	232	
17	26	29	232	
17	26	29	235	
17	26	29	235	
17	26	29	235	
17	26	29	235	
17	26	29	235	
17	26	29	235	
17	26	29	235	
17	26	29	235	
17	26	29	233	
17	26	29	232	
17	26	29	232	
17	26	29	232	
17	26	29	233	
17	26	29	233	
17	26	29	233	
17	26	29	233	
17	26	29	233	
17	26	29	233	
17	26	29	234	
17	26	29	234	
17	26	29	240	
17	26	29	240	
17	26	29	256	
17	26	29	256	
17	26	29	271	
17	26	29	271	
17	26	29	288	
17	26	29	288	
17	26	29	301	
17	26	29	301	
17	26	29	308	
17	26	29	308	
17	26	29	308	
17	26	29	308	
17	26	29	303	
17	26	29	303	
17	26	29	297	
17	26	29	297	
17	26	29	292	
17	26	29	292	
17	26	29	287	
17	26	29	287	
17	26	29	282	
17	26	29	282	
17	26	29	277	
17	26	29	277	
17	26	29	270	
17	26	29	270	
17	26	29	264	
17	26	29	264	
17	26	29	259	
17	26	29	259	
17	26	29	257	
17	26	29	257	
17	26	29	256	
17	26	29	256	
17	26	29	257	
17	26	29	257	
17	26	29	259	
17	26	29	259	
17	26	29	258	
17	26	29	258	
17	26	29	256	
17	26	29	256	
17	26	29	253	
17	26	29	253	
17	26	29	251	
17	26	29	251	
17	26	29	251	
17	26	29	248	
17	26	29	248	
17	26	29	245	
17	26	29	243	
17	26	29	243	
17	26	29	242	
17	26	29	242	
17	26	29	242	
17	26	30	242	
17	26	30	241	
17	26	30	241	
17	26	30	240	
17	26	30	240	
17	26	30	238	
17	26	30	238	
17	26	30	237	
17	26	30	237	
17	26	30	237	
17	26	30	237	
17	26	30	237	
17	26	30	237	
17	26	30	237	
17	26	30	238	
17	26	30	238	
17	26	30	237	
17	26	30	237	
17	26	30	236	
17	26	30	236	
17	26	30	234	
17	26	30	234	
17	26	30	234	
17	26	30	234	
17	26	30	230	
17	26	30	230	
17	26	30	229	
17	26	30	229	
17	26	30	229	
17	26	30	229	
17	26	30	230	
17	26	30	230	
17	26	30	232	
17	26	30	232	
17	26	30	232	
17	26	30	232	
17	26	30	240	
17	26	30	240	
17	26	30	251	
17	26	30	251	
17	26	30	263	
17	26	30	263	
17	26	30	281	
17	26	30	281	
17	26	30	297	
17	26	30	297	
17	26	30	308	
17	26	30	308	
17	26	30	312	
17	26	30	312	
17	26	30	311	
17	26	30	311	
17	26	30	307	
17	26	30	307	
17	26	30	302	
17	26	30	302	
17	26	30	297	
17	26	30	297	
17	26	30	293	
17	26	30	293	
17	26	30	287	
17	26	30	287	
17	26	30	278	
17	26	30	278	
17	26	30	270	
17	26	30	270	
17	26	30	262	
17	26	30	262	
17	26	30	256	
17	26	30	256	
17	26	30	252	
17	26	30	252	
17	26	30	259	
17	26	30	259	
17	26	30	258	
17	26	30	258	
17	26	30	255	
17	26	30	255	
17	26	30	252	
17	26	30	252	
17	26	30	247	
17	26	30	247	
17	26	30	245	
17	26	30	245	
17	26	30	241	
17	26	30	241	
17	26	30	240	
17	26	30	240	
17	26	30	240	
17	26	30	237	
17	26	30	237	
17	26	30	236	
17	26	30	234	
17	26	30	234	
17	26	30	234	
17	26	30	234	
17	26	30	234	
17	26	30	234	
17	26	30	234	
17	26	30	234	
17	26	31	234	
17	26	31	234	
17	26	31	232	
17	26	31	232	
17	26	31	232	
17	26	31	235	
17	26	31	235	
17	26	31	234	
17	26	31	234	
17	26	31	233	
17	26	31	233	
17	26	31	233	
17	26	31	233	
17	26	31	234	
17	26	31	234	
17	26	31	233	
17	26	31	233	
17	26	31	232	
17	26	31	232	
17	26	31	231	
17	26	31	231	
17	26	31	230	
17	26	31	230	
17	26	31	229	
17	26	31	229	
17	26	31	234	
17	26	31	234	
17	26	31	236	
17	26	31	236	
17	26	31	237	
17	26	31	237	
17	26	31	240	
17	26	31	240	
17	26	31	248	
17	26	31	248	
17	26	31	263	
17	26	31	263	
17	26	31	280	
17	26	31	280	
17	26	31	289	
17	26	31	289	
17	26	31	301	
17	26	31	301	
17	26	31	313	
17	26	31	313	
17	26	31	314	
17	26	31	314	
17	26	31	311	
17	26	31	311	
17	26	31	306	
17	26	31	306	
17	26	31	300	
17	26	31	300	
17	26	31	295	
17	26	31	295	
17	26	31	289	
17	26	31	289	
17	26	31	280	
17	26	31	280	
17	26	31	275	
17	26	31	275	
17	26	31	269	
17	26	31	269	
17	26	31	266	
17	26	31	266	
17	26	31	262	
17	26	31	262	
17	26	31	261	
17	26	31	261	
17	26	31	260	
17	26	31	260	
17	26	31	259	
17	26	31	259	
17	26	31	259	
17	26	31	259	
17	26	31	259	
17	26	31	259	
17	26	31	256	
17	26	31	256	
17	26	31	254	
17	26	31	254	
17	26	31	251	
17	26	31	251	
17	26	31	251	
17	26	31	250	
17	26	31	247	
17	26	31	247	
17	26	31	247	
17	26	31	245	
17	26	31	245	
17	26	31	245	
17	26	31	245	
17	26	31	245	
17	26	31	244	
17	26	31	244	
17	26	31	242	
17	26	31	242	
17	26	31	241	
17	26	31	241	
17	26	31	241	
17	26	32	241	
17	26	32	241	
17	26	32	240	
17	26	32	240	
17	26	32	240	
17	26	32	240	
17	26	32	238	
17	26	32	238	
17	26	32	237	
17	26	32	237	
17	26	32	238	
17	26	32	238	
17	26	32	237	
17	26	32	237	
17	26	32	236	
17	26	32	236	
17	26	32	237	
17	26	32	237	
17	26	32	235	
17	26	32	235	
17	26	32	234	
17	26	32	236	
17	26	32	236	
17	26	32	236	
17	26	32	236	
17	26	32	236	
17	26	32	234	
17	26	32	234	
17	26	32	241	
17	26	32	241	
17	26	32	252	
17	26	32	252	
17	26	32	267	
17	26	32	267	
17	26	32	282	
17	26	32	282	
17	26	32	293	
17	26	32	293	
17	26	32	298	
17	26	32	298	
17	26	32	298	
17	26	32	298	
17	26	32	295	
17	26	32	295	
17	26	32	285	
17	26	32	285	
17	26	32	281	
17	26	32	281	
17	26	32	277	
17	26	32	277	
17	26	32	273	
17	26	32	273	
17	26	32	268	
17	26	32	268	
17	26	32	262	
17	26	32	262	
17	26	32	256	
17	26	32	256	
17	26	32	253	
17	26	32	253	
17	26	32	251	
17	26	32	251	
17	26	32	251	
17	26	32	251	
17	26	32	251	
17	26	32	251	
17	26	32	251	
17	26	32	251	
17	26	32	250	
17	26	32	250	
17	26	32	247	
17	26	32	247	
17	26	32	247	
17	26	32	245	
17	26	32	247	
17	26	32	247	
17	26	32	247	
17	26	32	244	
17	26	32	243	
17	26	32	243	
17	26	32	243	
17	26	32	238	
17	26	32	238	
17	26	32	237	
17	26	32	237	
17	26	32	234	
17	26	32	232	
17	26	32	232	
17	26	32	237	
17	26	32	237	
17	26	32	237	
17	26	32	237	
17	26	32	235	
17	26	32	235	
17	26	32	235	
17	26	32	234	
17	26	32	234	
17	26	32	232	
17	26	32	232	
17	26	32	231	
17	26	33	231	
17	26	33	230	
17	26	33	230	
17	26	33	230	
17	26	33	229	
17	26	33	229	
17	26	33	234	
17	26	33	234	
17	26	33	234	
17	26	33	234	
17	26	33	232	
17	26	33	232	
17	26	33	232	
17	26	33	232	
17	26	33	232	
17	26	33	232	
17	26	33	234	
17	26	33	234	
17	26	33	238	
17	26	33	238	
17	26	33	244	
17	26	33	244	
17	26	33	258	
17	26	33	258	
17	26	33	275	
17	26	33	275	
17	26	33	283	
17	26	33	283	
17	26	33	295	
17	26	33	295	
17	26	33	299	
17	26	33	299	
17	26	33	299	
17	26	33	299	
17	26	33	298	
17	26	33	298	
17	26	33	292	
17	26	33	292	
17	26	33	286	
17	26	33	286	
17	26	33	279	
17	26	33	279	
17	26	33	279	
17	26	33	279	
17	26	33	276	
17	26	33	276	
17	26	33	267	
17	26	33	267	
17	26	33	262	
17	26	33	262	
17	26	33	258	
17	26	33	258	
17	26	33	259	
17	26	33	259	
17	26	33	259	
17	26	33	259	
17	26	33	259	
17	26	33	259	
17	26	33	260	
17	26	33	260	
17	26	33	259	
17	26	33	259	
17	26	33	257	
17	26	33	257	
17	26	33	257	
17	26	33	257	
17	26	33	256	
17	26	33	256	
17	26	33	253	
17	26	33	253	
17	26	33	253	
17	26	33	251	
17	26	33	251	
17	26	33	248	
17	26	33	248	
17	26	33	246	
17	26	33	246	
17	26	33	245	
17	26	33	245	
17	26	33	244	
17	26	33	244	
17	26	33	244	
17	26	33	246	
17	26	33	246	
17	26	33	246	
17	26	33	248	
17	26	33	248	
17	26	33	244	
17	26	33	244	
17	26	33	244	
17	26	33	244	
17	26	33	244	
17	26	33	244	
17	26	33	243	
17	26	33	243	
17	26	33	242	
17	26	33	242	
17	26	33	240	
17	26	33	240	
17	26	34	239	
17	26	34	239	
17	26	34	239	
17	26	34	239	
17	26	34	239	
17	26	34	239	
17	26	34	238	
17	26	34	238	
17	26	34	239	
17	26	34	239	
17	26	34	243	
17	26	34	243	
17	26	34	250	
17	26	34	250	
17	26	34	262	
17	26	34	262	
17	26	34	273	
17	26	34	273	
17	26	34	292	
17	26	34	292	
17	26	34	310	
17	26	34	310	
17	26	34	319	
17	26	34	319	
17	26	34	320	
17	26	34	320	
17	26	34	316	
17	26	34	316	
17	26	34	313	
17	26	34	313	
17	26	34	306	
17	26	34	306	
17	26	34	302	
17	26	34	302	
17	26	34	296	
17	26	34	296	
17	26	34	290	
17	26	34	290	
17	26	34	283	
17	26	34	283	
17	26	34	274	
17	26	34	274	
17	26	34	267	
17	26	34	267	
17	26	34	262	
17	26	34	262	
17	26	34	257	
17	26	34	257	
17	26	34	259	
17	26	34	259	
17	26	34	260	
17	26	34	260	
17	26	34	261	
17	26	34	261	
17	26	34	259	
17	26	34	259	
17	26	34	257	
17	26	34	257	
17	26	34	254	
17	26	34	254	
17	26	34	250	
17	26	34	250	
17	26	34	246	
17	26	34	246	
17	26	34	246	
17	26	34	244	
17	26	34	241	
17	26	34	241	
17	26	34	241	
17	26	34	239	
17	26	34	239	
17	26	34	237	
17	26	34	237	
17	26	34	237	
17	26	34	237	
17	26	34	237	
17	26	34	237	
17	26	34	236	
17	26	34	237	
17	26	34	237	
17	26	34	237	
17	26	34	237	
17	26	34	235	
17	26	34	235	
17	26	34	235	
17	26	34	234	
17	26	34	234	
17	26	34	233	
17	26	34	233	
17	26	34	231	
17	26	34	231	
17	26	34	229	
17	26	34	229	
17	26	34	230	
17	26	34	230	
17	26	34	231	
17	26	34	231	
17	26	34	230	
17	26	34	230	
17	26	34	229	
17	26	35	229	
17	26	35	229	
17	26	35	229	
17	26	35	229	
17	26	35	229	
17	26	35	234	
17	26	35	234	
17	26	35	242	
17	26	35	242	
17	26	35	263	
17	26	35	263	
17	26	35	275	
17	26	35	275	
17	26	35	298	
17	26	35	298	
17	26	35	316	
17	26	35	316	
17	26	35	323	
17	26	35	323	
17	26	35	324	
17	26	35	324	
17	26	35	320	
17	26	35	320	
17	26	35	313	
17	26	35	313	
17	26	35	309	
17	26	35	309	
17	26	35	307	
17	26	35	307	
17	26	35	303	
17	26	35	303	
17	26	35	296	
17	26	35	296	
17	26	35	287	
17	26	35	287	
17	26	35	279	
17	26	35	279	
17	26	35	270	
17	26	35	270	
17	26	35	265	
17	26	35	265	
17	26	35	264	
17	26	35	264	
17	26	35	264	
17	26	35	264	
17	26	35	267	
17	26	35	267	
17	26	35	270	
17	26	35	270	
17	26	35	268	
17	26	35	268	
17	26	35	266	
17	26	35	266	
17	26	35	262	
17	26	35	262	
17	26	35	258	
17	26	35	258	
17	26	35	255	
17	26	35	255	
17	26	35	255	
17	26	35	252	
17	26	35	248	
17	26	35	248	
17	26	35	248	
17	26	35	245	
17	26	35	245	
17	26	35	244	
17	26	35	244	
17	26	35	243	
17	26	35	243	
17	26	35	245	
17	26	35	245	
17	26	35	246	
17	26	35	245	
17	26	35	245	
17	26	35	245	
17	26	35	247	
17	26	35	246	
17	26	35	246	
17	26	35	245	
17	26	35	245	
17	26	35	245	
17	26	35	245	
17	26	35	245	
17	26	35	245	
17	26	35	245	
17	26	35	244	
17	26	35	244	
17	26	35	243	
17	26	35	243	
17	26	35	240	
17	26	35	240	
17	26	35	240	
17	26	35	240	
17	26	35	237	
17	26	35	237	
17	26	35	238	
17	26	35	238	
17	26	35	239	
17	26	35	239	
17	26	36	240	
17	26	36	240	
17	26	36	250	
17	26	36	250	
17	26	36	265	
17	26	36	265	
17	26	36	287	
17	26	36	287	
17	26	36	308	
17	26	36	308	
17	26	36	324	
17	26	36	324	
17	26	36	331	
17	26	36	331	
17	26	36	331	
17	26	36	331	
17	26	36	324	
17	26	36	324	
17	26	36	316	
17	26	36	316	
17	26	36	309	
17	26	36	309	
17	26	36	303	
17	26	36	303	
17	26	36	297	
17	26	36	297	
17	26	36	288	
17	26	36	288	
17	26	36	278	
17	26	36	278	
17	26	36	278	
17	26	36	278	
17	26	36	271	
17	26	36	271	
17	26	36	271	
17	26	36	266	
17	26	36	264	
17	26	36	264	
17	26	36	265	
17	26	36	265	
17	26	36	266	
17	26	36	266	
17	26	36	267	
17	26	36	267	
17	26	36	265	
17	26	36	265	
17	26	36	262	
17	26	36	262	
17	26	36	255	
17	26	36	255	
17	26	36	251	
17	26	36	251	
17	26	36	251	
17	26	36	245	
17	26	36	243	
17	26	36	243	
17	26	36	243	
17	26	36	240	
17	26	36	240	
17	26	36	240	
17	26	36	240	
17	26	36	237	
17	26	36	237	
17	26	36	237	
17	26	36	237	
17	26	36	237	
17	26	36	237	
17	26	36	235	
17	26	36	235	
17	26	36	235	
17	26	36	234	
17	26	36	234	
17	26	36	234	
17	26	36	235	
17	26	36	235	
17	26	36	235	
17	26	36	235	
17	26	36	234	
17	26	36	234	
17	26	36	234	
17	26	36	234	
17	26	36	232	
17	26	36	232	
17	26	36	230	
17	26	36	230	
17	26	36	229	
17	26	36	229	
17	26	36	227	
17	26	36	227	
17	26	36	229	
17	26	36	229	
17	26	36	233	
17	26	36	233	
17	26	36	243	
17	26	36	243	
17	26	36	263	
17	26	36	263	
17	26	36	282	
17	26	36	282	
17	26	36	296	
17	26	37	296	
17	26	37	311	
17	26	37	311	
17	26	37	317	
17	26	37	317	
17	26	37	317	
17	26	37	317	
17	26	37	311	
17	26	37	311	
17	26	37	302	
17	26	37	302	
17	26	37	292	
17	26	37	292	
17	26	37	284	
17	26	37	284	
17	26	37	278	
17	26	37	278	
17	26	37	271	
17	26	37	271	
17	26	37	264	
17	26	37	264	
17	26	37	259	
17	26	37	259	
17	26	37	256	
17	26	37	256	
17	26	37	256	
17	26	37	256	
17	26	37	256	
17	26	37	256	
17	26	37	256	
17	26	37	262	
17	26	37	262	
17	26	37	262	
17	26	37	259	
17	26	37	259	
17	26	37	256	
17	26	37	256	
17	26	37	255	
17	26	37	255	
17	26	37	253	
17	26	37	253	
17	26	37	250	
17	26	37	250	
17	26	37	250	
17	26	37	245	
17	26	37	245	
17	26	37	243	
17	26	37	240	
17	26	37	240	
17	26	37	240	
17	26	37	242	
17	26	37	242	
17	26	37	241	
17	26	37	241	
17	26	37	240	
17	26	37	240	
17	26	37	240	
17	26	37	240	
17	26	37	240	
17	26	37	240	
17	26	37	240	
17	26	37	240	
17	26	37	236	
17	26	37	236	
17	26	37	234	
17	26	37	234	
17	26	37	235	
17	26	37	235	
17	26	37	235	
17	26	37	235	
17	26	37	237	
17	26	37	237	
17	26	37	242	
17	26	37	242	
17	26	37	239	
17	26	37	239	
17	26	37	238	
17	26	37	238	
17	26	37	237	
17	26	37	237	
17	26	37	244	
17	26	37	244	
17	26	37	262	
17	26	37	262	
17	26	37	281	
17	26	37	281	
17	26	37	306	
17	26	37	306	
17	26	37	331	
17	26	37	331	
17	26	37	346	
17	26	37	346	
17	26	37	349	
17	26	37	349	
17	26	37	343	
17	26	37	343	
17	26	37	336	
17	26	37	336	
17	26	37	328	
17	26	37	328	
17	26	38	321	
17	26	38	321	
17	26	38	317	
17	26	38	317	
17	26	38	311	
17	26	38	311	
17	26	38	302	
17	26	38	302	
17	26	38	290	
17	26	38	290	
17	26	38	278	
17	26	38	278	
17	26	38	271	
17	26	38	271	
17	26	38	267	
17	26	38	267	
17	26	38	267	
17	26	38	267	
17	26	38	268	
17	26	38	268	
17	26	38	269	
17	26	38	269	
17	26	38	268	
17	26	38	268	
17	26	38	266	
17	26	38	266	
17	26	38	261	
17	26	38	261	
17	26	38	261	
17	26	38	264	
17	26	38	264	
17	26	38	257	
17	26	38	251	
17	26	38	251	
17	26	38	248	
17	26	38	248	
17	26	38	243	
17	26	38	243	
17	26	38	240	
17	26	38	240	
17	26	38	238	
17	26	38	238	
17	26	38	237	
17	26	38	237	
17	26	38	237	
17	26	38	237	
17	26	38	237	
17	26	38	236	
17	26	38	236	
17	26	38	235	
17	26	38	235	
17	26	38	232	
17	26	38	232	
17	26	38	232	
17	26	38	232	
17	26	38	232	
17	26	38	232	
17	26	38	231	
17	26	38	231	
17	26	38	231	
17	26	38	231	
17	26	38	230	
17	26	38	227	
17	26	38	227	
17	26	38	227	
17	26	38	228	
17	26	38	228	
17	26	38	226	
17	26	38	226	
17	26	38	228	
17	26	38	228	
17	26	38	226	
17	26	38	226	
17	26	38	233	
17	26	38	233	
17	26	38	249	
17	26	38	249	
17	26	38	274	
17	26	38	274	
17	26	38	296	
17	26	38	296	
17	26	38	318	
17	26	38	318	
17	26	38	336	
17	26	38	336	
17	26	38	344	
17	26	38	344	
17	26	38	344	
17	26	38	344	
17	26	38	339	
17	26	38	339	
17	26	38	331	
17	26	38	331	
17	26	38	325	
17	26	38	325	
17	26	38	317	
17	26	38	317	
17	26	38	309	
17	26	38	309	
17	26	38	301	
17	26	39	301	
17	26	39	288	
17	26	39	288	
17	26	39	281	
17	26	39	281	
17	26	39	273	
17	26	39	273	
17	26	39	263	
17	26	39	263	
17	26	39	257	
17	26	39	257	
17	26	39	256	
17	26	39	256	
17	26	39	256	
17	26	39	256	
17	26	39	256	
17	26	39	256	
17	26	39	254	
17	26	39	254	
17	26	39	254	
17	26	39	253	
17	26	39	253	
17	26	39	248	
17	26	39	248	
17	26	39	245	
17	26	39	245	
17	26	39	240	
17	26	39	235	
17	26	39	235	
17	26	39	235	
17	26	39	235	
17	26	39	238	
17	26	39	238	
17	26	39	234	
17	26	39	234	
17	26	39	234	
17	26	39	234	
17	26	39	232	
17	26	39	232	
17	26	39	232	
17	26	39	230	
17	26	39	230	
17	26	39	230	
17	26	39	230	
17	26	39	230	
17	26	39	230	
17	26	39	230	
17	26	39	230	
17	26	39	230	
17	26	39	230	
17	26	39	228	
17	26	39	228	
17	26	39	232	
17	26	39	232	
17	26	39	229	
17	26	39	229	
17	26	39	229	
17	26	39	229	
17	26	39	229	
17	26	39	229	
17	26	39	228	
17	26	39	228	
17	26	39	229	
17	26	39	229	
17	26	39	228	
17	26	39	228	
17	26	39	229	
17	26	39	229	
17	26	39	233	
17	26	39	233	
17	26	39	245	
17	26	39	245	
17	26	39	267	
17	26	39	267	
17	26	39	298	
17	26	39	298	
17	26	39	317	
17	26	39	317	
17	26	39	334	
17	26	39	334	
17	26	39	343	
17	26	39	343	
17	26	39	343	
17	26	39	343	
17	26	39	335	
17	26	39	335	
17	26	39	327	
17	26	39	327	
17	26	39	317	
17	26	39	317	
17	26	39	311	
17	26	39	311	
17	26	39	303	
17	26	39	303	
17	26	39	300	
17	26	39	300	
17	26	39	292	
17	26	39	292	
17	26	39	280	
17	26	39	280	
17	26	40	268	
17	26	40	268	
17	26	40	260	
17	26	40	260	
17	26	40	256	
17	26	40	256	
17	26	40	256	
17	26	40	256	
17	26	40	259	
17	26	40	259	
17	26	40	259	
17	26	40	259	
17	26	40	256	
17	26	40	256	
17	26	40	256	
17	26	40	253	
17	26	40	251	
17	26	40	251	
17	26	40	251	
17	26	40	248	
17	26	40	248	
17	26	40	244	
17	26	40	244	
17	26	40	240	
17	26	40	237	
17	26	40	237	
17	26	40	237	
17	26	40	237	
17	26	40	237	
17	26	40	237	
17	26	40	237	
17	26	40	234	
17	26	40	234	
17	26	40	233	
17	26	40	233	
17	26	40	232	
17	26	40	232	
17	26	40	231	
17	26	40	231	
17	26	40	229	
17	26	40	229	
17	26	40	229	
17	26	40	229	
17	26	40	228	
17	26	40	228	
17	26	40	229	
17	26	40	229	
17	26	40	228	
17	26	40	228	
17	26	40	228	
17	26	40	228	
17	26	40	228	
17	26	40	228	
17	26	40	223	
17	26	40	223	
17	26	40	223	
17	26	40	223	
17	26	40	222	
17	26	40	222	
17	26	40	224	
17	26	40	224	
17	26	40	225	
17	26	40	225	
17	26	40	232	
17	26	40	232	
17	26	40	245	
17	26	40	245	
17	26	40	265	
17	26	40	265	
17	26	40	281	
17	26	40	281	
17	26	40	292	
17	26	40	292	
17	26	40	306	
17	26	40	306	
17	26	40	315	
17	26	40	315	
17	26	40	312	
17	26	40	312	
17	26	40	306	
17	26	40	306	
17	26	40	299	
17	26	40	299	
17	26	40	292	
17	26	40	292	
17	26	40	287	
17	26	40	287	
17	26	40	278	
17	26	40	278	
17	26	40	278	
17	26	40	278	
17	26	40	267	
17	26	40	267	
17	26	40	256	
17	26	40	256	
17	26	40	248	
17	26	40	248	
17	26	40	243	
17	26	40	243	
17	26	40	243	
