R,G,B,H,M,S
161.81301106770835,147.229951171875,153.509609375,17,24,40
162.24353841145833,147.17015299479166,153.29136067708333,17,24,40
162.24909505208333,147.19755533854166,153.23435546875,17,24,40
162.22447916666667,147.18744791666666,153.264658203125,17,24,40
162.22076497395832,147.20877278645833,153.26190104166668,17,24,40
162.24572916666668,147.20937825520832,153.29305989583332,17,24,40
162.23672200520832,147.21459309895835,153.16991861979167,17,24,40
162.220166015625,147.21005208333332,153.257919921875,17,24,40
162.242890625,147.18087890625,153.20217447916667,17,24,41
162.22666341145833,147.2224609375,153.21528645833334,17,24,41
162.227685546875,147.23074869791665,153.189287109375,17,24,41
162.21380208333332,147.28594075520834,153.265634765625,17,24,41
162.28173828125,147.297587890625,153.22598958333333,17,24,41
162.26356770833334,147.25335286458332,153.16444986979167,17,24,41
162.272490234375,147.300302734375,153.25874348958334,17,24,41
162.235478515625,147.28486328125,153.24733723958335,17,24,41
162.26668619791667,147.22472005208334,153.25498697916666,17,24,41
162.10467447916668,147.30244466145834,153.22665690104168,17,24,41
162.08521809895834,147.292314453125,153.208212890625,17,24,41
162.08056966145833,147.243232421875,153.16699869791665,17,24,41
162.14183268229166,147.26052734375,153.26234700520834,17,24,41
162.092666015625,147.2775,153.17439453125,17,24,41
162.321513671875,147.239384765625,153.21548177083332,17,24,41
162.27700520833332,147.255810546875,153.20194010416665,17,24,41
162.28708333333333,147.23471354166668,153.22574869791666,17,24,41
162.2855078125,147.280322265625,153.24152994791666,17,24,41
162.30706380208332,147.29323567708335,153.25435221354167,17,24,41
162.307021484375,147.313251953125,153.20140950520835,17,24,41
162.35153971354165,147.27916341145834,153.24936197916668,17,24,41
162.34270182291667,147.32970703125,153.17263346354167,17,24,41
162.345849609375,147.31633463541667,153.26494466145834,17,24,41
162.35476236979167,147.387744140625,153.32093098958333,17,24,41
162.25459309895834,147.441494140625,153.07357096354167,17,24,41
162.2705859375,147.42510416666667,153.08652994791666,17,24,42
162.21987630208332,147.51071940104165,153.21845052083333,17,24,42
162.22412760416665,147.50033528645832,153.09537760416666,17,24,42
162.28055989583333,147.49814778645833,153.189951171875,17,24,42
162.22091471354167,147.49607096354165,153.17011067708333,17,24,42
162.22583658854165,147.494189453125,153.18858072916666,17,24,42
162.26951497395834,147.4536328125,153.15349283854167,17,24,42
162.167177734375,147.43728190104167,153.13951171875,17,24,42
162.18595703125,147.44109375,153.13252604166667,17,24,42
162.34624348958334,147.38998697916668,153.26328125,17,24,42
162.35932291666666,147.35235026041667,153.23512044270834,17,24,42
162.37873697916666,147.387490234375,153.32216145833334,17,24,42
162.36067057291666,147.408603515625,153.233583984375,17,24,42
162.32944986979166,147.39978190104168,153.302763671875,17,24,42
162.19437174479165,147.4280859375,153.07232421875,17,24,42
162.21736653645834,147.44201822916668,153.12085611979165,17,24,42
162.20552083333334,147.45565104166667,153.07729817708332,17,24,42
162.20545247395833,147.47252604166667,153.10068033854168,17,24,42
162.17369466145834,147.51906575520835,153.132861328125,17,24,42
162.1759375,147.524599609375,153.07108723958333,17,24,42
162.16408203125,147.57136393229166,153.074697265625,17,24,42
162.239150390625,147.56115559895832,153.14109049479165,17,24,42
162.287001953125,147.552294921875,153.124541015625,17,24,42
162.25110677083333,147.59083658854166,153.17391927083332,17,24,42
162.26210611979167,147.57071614583333,153.171982421875,17,24,42
162.25484700520835,147.622275390625,153.13915364583335,17,24,43
162.244990234375,147.60528971354168,153.15018229166665,17,24,43
162.22527669270832,147.61463541666666,153.21455078125,17,24,43
162.14708984375,147.63400065104167,153.07323567708335,17,24,43
162.19919596354165,147.5765234375,153.09687174479166,17,24,43
162.203720703125,147.53669921875,153.15926106770834,17,24,43
162.23106770833334,147.48533854166666,153.093935546875,17,24,43
162.17544596354168,147.52376953125,153.08917317708332,17,24,43
162.201533203125,147.52834635416667,153.06715494791666,17,24,43
162.31490885416667,147.49309895833332,153.24515950520833,17,24,43
162.363046875,147.480693359375,153.29553385416668,17,24,43
162.33549153645833,147.50366536458333,153.222177734375,17,24,43
162.318515625,147.44719075520834,153.223447265625,17,24,43
162.32590169270833,147.45333333333335,153.20946940104167,17,24,43
162.23970703125,147.47946940104165,152.99445963541666,17,24,43
162.20343098958332,147.555791015625,153.05486653645832,17,24,43
162.16184895833334,147.54564127604166,153.01775716145832,17,24,43
162.18700520833335,147.57344401041667,153.06894205729168,17,24,43
162.17934244791667,147.557958984375,153.12292317708332,17,24,43
162.25511393229166,147.5862109375,153.04363932291668,17,24,43
162.17149088541666,147.61039713541666,153.0930078125,17,24,43
162.190498046875,147.591416015625,153.131318359375,17,24,43
162.25088541666668,147.65454752604165,153.09558268229168,17,24,43
162.19603190104166,147.65106119791668,153.16057291666667,17,24,43
162.184365234375,147.663955078125,153.10280924479167,17,24,43
162.25084309895834,147.63784505208332,153.08771809895833,17,24,44
162.148388671875,147.57546549479167,152.99697916666668,17,24,44
162.18551106770835,147.54940104166667,153.02182291666668,17,24,44
162.217548828125,147.505830078125,153.03638020833333,17,24,44
162.13911458333334,147.5265625,153.07857421875,17,24,44
162.18775065104165,147.53788736979166,153.01055989583332,17,24,44
162.224580078125,147.51115234375,152.99943359375,17,24,44
162.17496419270833,147.53521484375,152.95680338541666,17,24,44
162.21880859375,147.48550455729168,152.92680989583334,17,24,44
162.15484049479167,147.49669596354167,152.95902018229165,17,24,44
162.17341471354166,147.47458658854165,152.91323893229168,17,24,44
162.16850260416666,147.52060872395833,152.89634440104166,17,24,44
162.16141927083333,147.503642578125,152.91134765625,17,24,44
162.132041015625,147.462275390625,152.93211588541666,17,24,44
162.25211588541666,147.49262044270833,153.11542643229166,17,24,44
162.26897786458332,147.47093098958334,153.14275065104167,17,24,44
162.29786458333334,147.42930013020833,153.11249348958333,17,24,44
162.30193359375,147.51939127604166,153.17929361979168,17,24,44
162.30363932291667,147.49876302083334,153.12677734375,17,24,44
162.11078450520833,147.5423828125,152.941904296875,17,24,44
162.164873046875,147.49677083333333,152.866337890625,17,24,44
162.12335611979168,147.497744140625,152.86634440104166,17,24,44
162.12212239583334,147.556337890625,152.96234049479168,17,24,44
162.12754231770833,147.526748046875,152.85351888020833,17,24,44
162.233759765625,147.46928385416666,153.057333984375,17,24,44
162.21738932291666,147.40900716145833,153.015146484375,17,24,45
162.279169921875,147.43874674479167,153.05638671875,17,24,45
162.20465494791668,147.445146484375,152.9149609375,17,24,45
162.2397265625,147.46142903645833,153.0286328125,17,24,45
162.23681315104167,147.42718424479168,153.080390625,17,24,45
162.31705078125,147.36758138020832,153.0085546875,17,24,45
162.24025390625,147.44754231770833,153.077333984375,17,24,45
162.32068684895833,147.37752604166667,153.02535807291667,17,24,45
162.242060546875,147.37665364583333,153.03201822916665,17,24,45
162.08650390625,147.41510091145832,152.82250651041667,17,24,45
162.131484375,147.45129231770832,152.77987630208332,17,24,45
162.12910481770834,147.45041015625,152.81181315104166,17,24,45
162.13504557291665,147.43472005208332,152.73838541666666,17,24,45
162.11756184895833,147.459306640625,152.8909375,17,24,45
162.14059244791667,147.45570963541667,152.84183919270833,17,24,45
162.09462890625,147.49082356770833,152.8539453125,17,24,45
162.12277669270833,147.542060546875,152.88277018229167,17,24,45
162.20943684895835,147.550498046875,152.84641276041665,17,24,45
162.16583984375,147.56640950520833,152.89171223958334,17,24,45
162.17834309895832,147.55831705729167,152.83050455729168,17,24,45
162.20263020833335,147.60111653645833,152.9251171875,17,24,45
162.1200390625,147.609130859375,152.97361979166666,17,24,45
162.17284830729167,147.52597005208332,152.86749674479168,17,24,45
162.13658528645834,147.58311848958334,152.93016276041666,17,24,45
162.19681315104165,147.49895182291667,152.855712890625,17,24,45
162.18318684895834,147.48592447916667,152.78679036458334,17,24,46
162.12103190104168,147.50279947916667,152.93335611979165,17,24,46
162.230234375,147.48210611979167,152.79935872395833,17,24,46
162.20904947916668,147.53763671875,152.93708333333333,17,24,46
162.30872721354166,147.47724283854166,153.050078125,17,24,46
162.287001953125,147.522646484375,153.109794921875,17,24,46
162.32291015625,147.51358072916668,153.02954427083333,17,24,46
162.35666015625,147.49248697916667,153.03546223958332,17,24,46
162.35175130208333,147.530205078125,153.13642903645834,17,24,46
162.38308919270833,147.57201497395835,153.06556966145834,17,24,46
162.32528645833332,147.58826497395833,153.11828776041668,17,24,46
162.42622395833334,147.59876302083333,153.07658203125,17,24,46
162.42151692708333,147.61650065104166,153.11947265625,17,24,46
162.39662760416667,147.55225260416665,153.08027994791667,17,24,46
162.27219075520833,147.6459765625,152.94982096354167,17,24,46
162.28524088541667,147.68603841145833,153.03913736979166,17,24,46
162.19523111979166,147.72895182291666,152.97949544270833,17,24,46
162.20762044270833,147.68847330729167,152.92159505208335,17,24,46
162.22959635416666,147.69057291666667,152.95076822916667,17,24,46
162.211337890625,147.64941080729167,152.87443684895834,17,24,46
162.2296875,147.63895182291665,152.89596354166667,17,24,46
162.19710611979167,147.57267252604166,152.90342122395833,17,24,46
162.15130533854168,147.59782552083334,152.89655924479166,17,24,46
162.267197265625,147.531748046875,152.82478190104166,17,24,46
162.12387044270832,147.55826171875,152.95154296875,17,24,46
162.22248697916666,147.54762044270834,152.898349609375,17,24,47
162.16043294270833,147.575244140625,152.91462239583333,17,24,47
162.253837890625,147.48669270833332,152.7412890625,17,24,47
162.24069010416667,147.51849934895833,152.85984375,17,24,47
162.174599609375,147.57525390625,152.82359375,17,24,47
162.26849609375,147.545830078125,152.88614583333333,17,24,47
162.1973046875,147.59943359375,152.83861002604166,17,24,47
162.25725260416667,147.56263671875,152.86681640625,17,24,47
162.21538736979167,147.61328125,152.88939127604166,17,24,47
162.366328125,147.59154622395835,153.03331705729167,17,24,47
162.37778971354166,147.57494791666667,153.01000325520835,17,24,47
162.35742838541665,147.58579752604166,153.04002604166666,17,24,47
162.42475911458334,147.59189127604168,153.050244140625,17,24,47
162.38630208333333,147.62177083333333,153.05197265625,17,24,47
162.27110677083334,147.753330078125,152.8375,17,24,47
162.22000651041665,147.63619791666667,152.85622395833335,17,24,47
162.20591796875,147.601669921875,152.83283528645833,17,24,47
162.171875,147.59710286458332,152.88169596354166,17,24,47
162.19301106770834,147.60903645833332,152.85975911458334,17,24,47
162.231484375,147.58096028645832,152.87050130208334,17,24,47
162.17279622395833,147.49243815104165,152.7914453125,17,24,47
162.212236328125,147.57426106770833,152.80585611979166,17,24,47
162.25688802083334,147.5073828125,152.71701497395833,17,24,47
162.16961263020832,147.59072591145832,152.92148111979168,17,24,47
162.33279622395833,147.47343424479166,152.99861979166667,17,24,47
162.39649088541665,147.48486002604167,152.98162760416668,17,24,48
162.30291341145832,147.49856770833333,153.00709635416666,17,24,48
162.35125651041668,147.52865234375,153.01863932291667,17,24,48
162.31088216145832,147.535078125,153.0999609375,17,24,48
162.140126953125,147.57537434895832,152.87466796875,17,24,48
162.2015625,147.53761067708334,152.78541341145834,17,24,48
162.148701171875,147.500908203125,152.759169921875,17,24,48
162.21254231770834,147.58275716145835,152.80048828125,17,24,48
162.19427408854168,147.588125,152.79273111979165,17,24,48
162.16876627604168,147.690439453125,152.8470703125,17,24,48
162.19745768229166,147.62926106770834,152.80742513020834,17,24,48
162.21630533854167,147.64251627604168,152.789140625,17,24,48
162.15923502604167,147.63611653645833,152.83007486979167,17,24,48
162.13099283854166,147.582958984375,152.81647786458333,17,24,48
162.16087565104166,147.58001627604168,152.78896158854167,17,24,48
162.17988932291667,147.62196940104167,152.85406575520832,17,24,48
162.16138346354165,147.54077473958333,152.78303385416666,17,24,48
162.20431640625,147.49558268229165,152.76769856770832,17,24,48
162.133896484375,147.45152669270834,152.65719401041667,17,24,48
162.11205078125,147.53173177083335,152.8194921875,17,24,48
162.1790234375,147.47523111979166,152.70398111979168,17,24,48
162.18486979166667,147.432138671875,152.64844075520833,17,24,48
162.11375651041666,147.44717447916668,152.65829752604168,17,24,48
162.08998372395834,147.4180078125,152.6351953125,17,24,48
162.20366536458334,147.39800455729167,152.521640625,17,24,48
162.086533203125,147.45716145833333,152.667451171875,17,24,49
162.09129231770834,147.46291666666667,152.66323567708332,17,24,49
162.107333984375,147.47023763020835,152.69747721354167,17,24,49
162.10127604166667,147.48154296875,152.5813671875,17,24,49
162.259765625,147.41640299479167,152.813701171875,17,24,49
162.26924153645834,147.488349609375,152.85281901041665,17,24,49
162.250146484375,147.43736328125,152.768701171875,17,24,49
162.24261067708332,147.51189127604167,152.82495768229165,17,24,49
162.37081705729167,147.46401692708332,152.786923828125,17,24,49
162.093798828125,147.59043294270833,152.84466796875,17,24,49
162.11717122395834,147.50594075520834,152.7080078125,17,24,49
162.09390950520833,147.46486979166667,152.69629557291665,17,24,49
162.09814453125,147.4659765625,152.65099283854167,17,24,49
162.073154296875,147.40789713541668,152.57028971354165,17,24,49
162.22506184895835,147.42576171875,152.8161328125,17,24,49
162.28704427083332,147.39499674479165,152.80480143229167,17,24,49
162.246572265625,147.37416341145834,152.69011067708334,17,24,49
162.23710611979166,147.377998046875,152.756845703125,17,24,49
162.24764322916667,147.35928385416668,152.81226236979165,17,24,49
162.32921875,147.40650390625,152.76627278645833,17,24,49
162.26490234375,147.35037434895833,152.76818033854167,17,24,49
162.2655859375,147.37391927083334,152.76859700520833,17,24,49
162.26514322916665,147.42296549479167,152.81389973958332,17,24,49
162.26474283854168,147.43319010416667,152.80475260416668,17,24,49
162.23786783854166,147.42230143229168,152.76755859375,17,24,49
162.2489453125,147.459677734375,152.85782552083333,17,24,50
162.271396484375,147.48261393229166,152.82927734375,17,24,50
162.30974283854167,147.47291341145834,152.91180013020832,17,24,50
162.29133138020833,147.51825846354166,152.94751953125,17,24,50
162.31425130208333,147.52185221354168,152.86249674479166,17,24,50
162.3523046875,147.50153645833333,152.78161783854168,17,24,50
162.30779622395832,147.54204752604167,152.89579752604166,17,24,50
162.33889973958333,147.55229166666666,152.84935221354166,17,24,50
162.26058268229167,147.53877278645834,152.857041015625,17,24,50
162.16053059895833,147.58141927083332,152.60028971354166,17,24,50
162.09679036458334,147.55498372395834,152.61806966145832,17,24,50
162.07827799479168,147.54217122395832,152.61341145833333,17,24,50
162.09609375,147.44266927083333,152.53170572916667,17,24,50
162.118193359375,147.42459635416665,152.58465494791668,17,24,50
162.10445963541667,147.43694010416667,152.62252278645835,17,24,50
162.11440104166667,147.415087890625,152.48792643229166,17,24,50
162.05679036458332,147.43220052083333,152.58208658854167,17,24,50
162.11376302083335,147.38358723958333,152.56711263020833,17,24,50
162.02552083333333,147.46237630208333,152.66680338541667,17,24,50
162.22339192708333,147.39112955729166,152.72755208333334,17,24,50
162.21388346354166,147.44423828125,152.83721028645834,17,24,50
162.29339518229168,147.44509114583335,152.68462890625,17,24,50
162.22074869791666,147.49552408854166,152.8871484375,17,24,50
162.27889322916667,147.49087565104168,152.7350390625,17,24,50
162.26677083333334,147.4736328125,152.73849609375,17,24,50
162.27424153645833,147.492978515625,152.83803385416667,17,24,51
162.24985677083333,147.4836328125,152.75943033854168,17,24,51
162.22641927083333,147.53221354166666,152.76093098958333,17,24,51
162.27555989583334,147.52878255208333,152.810419921875,17,24,51
162.262470703125,147.50357747395833,152.811220703125,17,24,51
162.27224609375,147.51730143229167,152.79444010416665,17,24,51
162.22547200520833,147.48182942708334,152.79683268229167,17,24,51
162.27138671875,147.476865234375,152.76676106770833,17,24,51
162.23894856770832,147.464140625,152.747666015625,17,24,51
162.096103515625,147.48935221354168,152.607099609375,17,24,51
162.08914713541665,147.47180338541668,152.58401041666667,17,24,51
162.06958984375,147.48004557291668,152.54825520833333,17,24,51
162.14695638020834,147.43913411458334,152.5110546875,17,24,51
162.10236979166666,147.45875325520834,152.594443359375,17,24,51
162.34546223958333,147.43792317708332,152.76712239583333,17,24,51
162.235322265625,147.47372395833332,152.774736328125,17,24,51
162.27430338541666,147.43759114583332,152.74431966145832,17,24,51
162.32127278645834,147.44352864583334,152.72829752604167,17,24,51
162.28397135416665,147.479931640625,152.68959309895834,17,24,51
162.29996744791666,147.51556640625,152.77084635416668,17,24,51
162.30637369791665,147.446533203125,152.78358723958334,17,24,51
162.26248046875,147.51690104166667,152.78393229166667,17,24,51
162.2160546875,147.53352864583334,152.714755859375,17,24,51
162.22663736979166,147.55749348958332,152.77810872395833,17,24,51
162.12141927083334,147.54660807291665,152.62486653645834,17,24,51
162.047607421875,147.57177083333335,152.6096875,17,24,52
162.08063151041668,147.59837565104166,152.55354166666666,17,24,52
162.14308268229166,147.608759765625,152.59704752604168,17,24,52
162.08111002604167,147.58891276041666,152.62527994791665,17,24,52
162.13973307291667,147.624423828125,152.64208658854167,17,24,52
162.12558919270833,147.589404296875,152.54431966145833,17,24,52
162.153837890625,147.546865234375,152.61166015625,17,24,52
162.09001953125,147.49749674479168,152.50970703125,17,24,52
162.08957682291665,147.48505533854166,152.57991536458334,17,24,52
162.122734375,147.59294921875,152.61463216145833,17,24,52
162.15220703125,147.53597981770832,152.62208984375,17,24,52
162.13695638020835,147.49411458333333,152.539462890625,17,24,52
162.1519140625,147.518671875,152.65736653645834,17,24,52
162.14407552083333,147.48744466145834,152.58576171875,17,24,52
162.070908203125,147.44733072916668,152.46366536458333,17,24,52
162.08362630208333,147.524912109375,152.48961588541667,17,24,52
162.106787109375,147.51876627604167,152.48000651041667,17,24,52
162.08722005208332,147.52162760416667,152.52231770833333,17,24,52
162.09809895833334,147.53457356770832,152.53512369791667,17,24,52
162.224072265625,147.476416015625,152.630966796875,17,24,52
162.181484375,147.50097330729167,152.65501302083334,17,24,52
162.22956380208333,147.45221028645832,152.67299153645834,17,24,52
162.17275716145832,147.46675130208334,152.6271484375,17,24,52
162.21415690104166,147.63195963541668,152.8464453125,17,24,52
162.20063151041666,147.55063151041668,152.74817708333333,17,24,52
162.130224609375,147.507099609375,152.67573893229167,17,24,53
162.21328125,147.53161783854168,152.71313802083333,17,24,53
162.23031901041668,147.5555078125,152.78373046875,17,24,53
162.14685872395833,147.47963216145834,152.687880859375,17,24,53
161.99909830729166,147.53071940104167,152.52198567708334,17,24,53
162.08538411458332,147.52625,152.52538736979167,17,24,53
161.99886393229167,147.42126627604168,152.48706380208333,17,24,53
162.05935546875,147.46423177083332,152.484287109375,17,24,53
162.02919921875,147.51648763020833,152.61493815104166,17,24,53
162.18802408854165,147.40108072916667,152.60697916666666,17,24,53
162.14041341145833,147.39003580729167,152.58341796875,17,24,53
162.19190755208334,147.43620442708334,152.671298828125,17,24,53
162.185947265625,147.45622395833334,152.58736979166667,17,24,53
162.099296875,147.43995442708334,152.647802734375,17,24,53
161.99307291666668,147.4766796875,152.47104166666668,17,24,53
161.93002278645832,147.459541015625,152.43325846354168,17,24,53
161.97759440104167,147.514775390625,152.55409830729167,17,24,53
162.03776041666666,147.49122721354166,152.41523763020834,17,24,53
162.004462890625,147.50548502604167,152.47536458333335,17,24,53
161.99941080729167,147.51038411458333,152.40930338541668,17,24,53
161.99541341145834,147.60671875,152.51539388020834,17,24,53
162.05463541666666,147.53722005208334,152.39484700520833,17,24,53
162.124951171875,147.63223958333333,152.54195963541667,17,24,53
162.06095052083333,147.64112955729166,152.51595377604167,17,24,53
162.10492838541666,147.62052734375,152.48166341145833,17,24,53
162.09221354166667,147.61103515625,152.47897135416667,17,24,54
162.04185221354166,147.61424153645834,152.54265299479167,17,24,54
162.07140299479167,147.60438802083334,152.57404622395833,17,24,54
162.04913736979168,147.65725911458333,152.551875,17,24,54
162.05970052083333,147.61443033854167,152.57644205729167,17,24,54
162.057431640625,147.57411783854167,152.45460611979166,17,24,54
162.1177734375,147.5992578125,152.54772135416667,17,24,54
162.09818033854165,147.627880859375,152.53185546875,17,24,54
162.02394205729166,147.57067057291667,152.41158528645835,17,24,54
162.055224609375,147.63881184895834,152.61173177083333,17,24,54
162.14052408854167,147.567734375,152.53519856770833,17,24,54
162.09402018229167,147.607275390625,152.51359700520834,17,24,54
162.092744140625,147.66787760416668,152.61938802083333,17,24,54
162.11030598958334,147.59797526041666,152.46401692708332,17,24,54
162.10002278645834,147.64169921875,152.572822265625,17,24,54
162.09896809895832,147.76800455729168,152.75669596354166,17,24,54
162.11326822916666,147.71263020833334,152.62609375,17,24,54
162.077158203125,147.77712890625,152.71054036458332,17,24,54
162.12756510416668,147.71800455729166,152.66307942708335,17,24,54
162.12721028645834,147.73823567708334,152.60668619791667,17,24,54
162.12435221354167,147.814287109375,152.67577473958335,17,24,54
162.14517252604168,147.80390950520834,152.65822916666667,17,24,54
162.10403971354165,147.79673177083333,152.62105794270835,17,24,54
162.06285481770834,147.75007486979166,152.69025065104168,17,24,54
162.075302734375,147.813408203125,152.734658203125,17,24,54
162.09799153645832,147.73383463541666,152.64302734375,17,24,55
162.15085286458333,147.69895182291665,152.58287760416667,17,24,55
162.178408203125,147.6322265625,152.56685872395835,17,24,55
162.17773763020833,147.668818359375,152.62783528645832,17,24,55
162.06555013020832,147.65912109375,152.62022135416666,17,24,55
162.148720703125,147.68512369791668,152.50765625,17,24,55
162.09532877604167,147.6990234375,152.56158203125,17,24,55
162.179306640625,147.67268229166666,152.539404296875,17,24,55
162.08398111979167,147.67673828125,152.648115234375,17,24,55
162.07640950520835,147.732451171875,152.67948893229166,17,24,55
162.11641276041667,147.648095703125,152.52400716145834,17,24,55
162.08673502604168,147.678515625,152.52605143229167,17,24,55
162.14135091145835,147.70428385416668,152.604052734375,17,24,55
162.07486979166666,147.748056640625,152.57687174479167,17,24,55
162.13282877604166,147.69849283854165,152.59105143229166,17,24,55
162.08611653645832,147.70911458333333,152.598994140625,17,24,55
162.09090494791667,147.78845377604168,152.62970377604168,17,24,55
162.08749348958332,147.79135416666668,152.51766276041667,17,24,55
162.14257486979167,147.85383138020833,152.7672265625,17,24,55
162.12079752604166,147.75560221354166,152.60025390625,17,24,55
162.05755859375,147.74900065104165,152.57712239583333,17,24,55
162.09278645833334,147.82794270833332,152.68193359375,17,24,55
162.09981119791667,147.79904296875,152.58185221354168,17,24,55
162.17497395833334,147.69124348958334,152.535302734375,17,24,55
162.09259765625,147.75731770833335,152.57264973958334,17,24,55
162.15327473958334,147.76897135416667,152.607294921875,17,24,56
162.146123046875,147.739248046875,152.491943359375,17,24,56
162.074775390625,147.68433919270834,152.50448567708332,17,24,56
162.08331705729168,147.66826497395834,152.58372721354166,17,24,56
162.084892578125,147.718671875,152.510673828125,17,24,56
162.09574869791666,147.699609375,152.49521158854168,17,24,56
162.05845052083333,147.682841796875,152.58418294270834,17,24,56
162.12523111979166,147.634501953125,152.49677734375,17,24,56
162.0339453125,147.65858723958334,152.50273763020834,17,24,56
162.08765950520834,147.66140299479167,152.52960286458332,17,24,56
162.06767903645834,147.66503255208335,152.50068684895834,17,24,56
162.098564453125,147.654052734375,152.53744466145832,17,24,56
162.05519205729166,147.68574544270834,152.54524739583334,17,24,56
162.09735677083333,147.71614583333334,152.5091796875,17,24,56
162.07340169270833,147.74466145833333,152.48677734375,17,24,56
162.047646484375,147.70236653645833,152.47879231770833,17,24,56
162.07752278645833,147.77671549479166,152.45886393229168,17,24,56
162.05279622395832,147.82208658854168,152.489609375,17,24,56
162.02495442708334,147.69379231770833,152.472216796875,17,24,56
162.006982421875,147.79433268229167,152.548349609375,17,24,56
162.03804036458334,147.72664713541667,152.5849609375,17,24,56
162.06100911458333,147.72294596354166,152.51378580729167,17,24,56
161.966357421875,147.6880078125,152.49099609375,17,24,56
162.03902994791667,147.61750651041666,152.407734375,17,24,56
162.067431640625,147.66556640625,152.33401041666667,17,24,56
162.02178385416667,147.65382161458334,152.52614583333335,17,24,57
161.99161783854166,147.65312174479166,152.45001302083332,17,24,57
162.036875,147.627099609375,152.43137044270833,17,24,57
161.99325520833332,147.589404296875,152.40810221354167,17,24,57
161.99420247395832,147.6212109375,152.41629231770833,17,24,57
161.95784505208334,147.61312174479167,152.41419270833333,17,24,57
162.04557942708334,147.62347981770833,152.434609375,17,24,57
161.948935546875,147.64333658854167,152.54665364583335,17,24,57
162.05346354166667,147.53035481770834,152.33231119791665,17,24,57
162.05134440104166,147.606162109375,152.437041015625,17,24,57
162.04898111979168,147.67496419270833,152.48596354166668,17,24,57
161.987822265625,147.650244140625,152.45598307291667,17,24,57
162.042373046875,147.69325846354167,152.45691731770833,17,24,57
162.057314453125,147.69973307291667,152.51184244791668,17,24,57
162.09173828125,147.677880859375,152.49461588541666,17,24,57
162.1283984375,147.70486328125,152.508818359375,17,24,57
162.0924609375,147.64502604166665,152.37870768229166,17,24,57
162.05018880208334,147.72180338541668,152.47013346354166,17,24,57
162.01638671875,147.76727213541668,152.533759765625,17,24,57
162.04622721354167,147.7078515625,152.4230859375,17,24,57
162.08818359375,147.66419596354166,152.49496744791668,17,24,57
162.087431640625,147.59011067708335,152.41132161458333,17,24,57
162.082568359375,147.70268880208334,152.54152669270835,17,24,57
162.122822265625,147.671982421875,152.40150065104166,17,24,57
162.05936197916665,147.65732096354168,152.46278971354167,17,24,57
162.08360026041666,147.689384765625,152.51990885416666,17,24,58
162.09477213541666,147.72708984375,152.553369140625,17,24,58
162.15368815104168,147.62070963541666,152.36697265625,17,24,58
162.11533528645833,147.7014453125,152.46816080729167,17,24,58
162.11792643229165,147.71697591145832,152.54174479166667,17,24,58
162.05926432291668,147.72197265625,152.56687174479165,17,24,58
162.0471875,147.75026041666666,152.54239583333333,17,24,58
162.07940755208332,147.79449544270832,152.56275390625,17,24,58
162.13483072916668,147.72780598958335,152.53508463541667,17,24,58
162.161767578125,147.78429036458334,152.591484375,17,24,58
162.10233072916665,147.80821614583334,152.60012044270835,17,24,58
162.14337890625,147.87996744791667,152.64521484375,17,24,58
162.13428385416665,147.87438151041667,152.67772786458335,17,24,58
162.11505859375,147.8238671875,152.575556640625,17,24,58
162.13796875,147.78218098958334,152.61431966145832,17,24,58
162.10656901041668,147.821064453125,152.55778645833334,17,24,58
162.086318359375,147.74575846354168,152.51743489583333,17,24,58
162.092392578125,147.67857421875,152.43419596354167,17,24,58
162.10947916666666,147.69143880208333,152.53872721354168,17,24,58
162.09340169270834,147.676044921875,152.51015625,17,24,58
162.03713216145835,147.68644205729166,152.4992578125,17,24,58
162.13520833333334,147.661982421875,152.449462890625,17,24,58
162.11929361979168,147.68535481770834,152.44076497395832,17,24,58
162.06544921875,147.62869140625,152.40911458333332,17,24,58
162.044775390625,147.650224609375,152.47140299479167,17,24,58
162.07256510416667,147.66852864583333,152.45091471354166,17,24,59
162.13983723958333,147.66458333333333,152.48419596354168,17,24,59
162.058984375,147.71879231770833,152.48917317708333,17,24,59
162.14330729166667,147.68076822916666,152.472177734375,17,24,59
162.26297200520833,147.635849609375,152.69405924479167,17,24,59
162.25902994791667,147.69599609375,152.76808268229166,17,24,59
162.23262044270834,147.721279296875,152.67563151041668,17,24,59
162.24531575520834,147.759423828125,152.72837890625,17,24,59
162.257666015625,147.760712890625,152.76482747395832,17,24,59
162.11607421875,147.72007486979166,152.51930989583335,17,24,59
162.14126627604168,147.76320638020835,152.542529296875,17,24,59
161.99981770833332,147.84404296875,152.657373046875,17,24,59
162.057021484375,147.715068359375,152.42669270833332,17,24,59
162.03531901041666,147.65847981770833,152.399169921875,17,24,59
161.98267252604165,147.6598828125,152.43401692708332,17,24,59
162.06062825520834,147.64636067708332,152.47080403645833,17,24,59
161.963681640625,147.629375,152.39463216145833,17,24,59
162.02884114583333,147.60486653645833,152.395693359375,17,24,59
162.01691080729168,147.581513671875,152.43822591145835,17,24,59
162.00422526041666,147.535048828125,152.25406901041666,17,24,59
162.01596354166668,147.57453125,152.28475260416667,17,24,59
162.04338541666667,147.587958984375,152.346904296875,17,24,59
162.021396484375,147.552978515625,152.37266927083334,17,24,59
162.00619140625,147.55898111979167,152.30939453125,17,24,59
162.22951497395835,147.4615625,152.46540364583333,17,24,59
162.19582682291667,147.47632486979165,152.428916015625,17,25,0
162.205234375,147.51615234375,152.50414713541667,17,25,0
162.1912890625,147.52724934895832,152.52969401041668,17,25,0
162.22979817708332,147.54429361979166,152.50932942708334,17,25,0
162.01220377604167,147.56014322916667,152.38669596354165,17,25,0
162.04087565104166,147.63616536458332,152.34109700520833,17,25,0
162.03574869791666,147.59223307291666,152.29332356770834,17,25,0
161.99043294270834,147.62396809895833,152.38517252604166,17,25,0
162.00206380208334,147.57420572916666,152.29647786458332,17,25,0
162.070283203125,147.52027018229165,152.33321940104167,17,25,0
161.981533203125,147.53040364583333,152.28861328125,17,25,0
162.021640625,147.52376302083334,152.35271809895832,17,25,0
162.01166341145833,147.482783203125,152.31864908854166,17,25,0
162.01021809895835,147.50736653645833,152.31952473958333,17,25,0
162.17172526041668,147.43015625,152.42446614583332,17,25,0
162.10960286458334,147.42281901041667,152.38388020833332,17,25,0
162.18767578125,147.39958333333334,152.42451822916667,17,25,0
162.10353841145835,147.465576171875,152.44597005208334,17,25,0
162.19259765625,147.412431640625,152.50968424479166,17,25,0
162.16507486979165,147.45227213541668,152.481083984375,17,25,0
162.14381510416666,147.48412434895835,152.46900716145834,17,25,0
162.1703515625,147.47505533854167,152.41064778645833,17,25,0
162.22234049479167,147.47083658854166,152.49981119791667,17,25,0
162.153916015625,147.54400065104167,152.50636067708334,17,25,0
162.24418619791666,147.5025390625,152.422119140625,17,25,0
162.2415625,147.50645833333334,152.500830078125,17,25,1
162.19488932291668,147.56532877604167,152.47454752604168,17,25,1
162.23601888020832,147.58735677083334,152.54278645833332,17,25,1
162.23435221354165,147.57555013020834,152.55234375,17,25,1
162.04287109375,147.64813802083333,152.31889322916666,17,25,1
162.04000651041667,147.58316731770833,152.31866861979168,17,25,1
161.99844075520832,147.67093098958333,152.24564127604165,17,25,1
162.03253580729168,147.57150065104167,152.2443359375,17,25,1
162.05439778645834,147.57432942708334,152.209453125,17,25,1
162.0330078125,147.536279296875,152.290869140625,17,25,1
161.97312825520834,147.53054361979167,152.241123046875,17,25,1
162.02668619791666,147.53412434895833,152.23736979166668,17,25,1
161.97738606770832,147.52230143229167,152.33837565104167,17,25,1
162.02481770833333,147.48928385416667,152.22433919270833,17,25,1
162.00724609375,147.49911458333332,152.44809895833333,17,25,1
162.001103515625,147.53488932291665,152.505263671875,17,25,1
162.00780924479167,147.47434244791665,152.44402018229167,17,25,1
162.00195963541665,147.51954427083334,152.41015299479167,17,25,1
162.01285481770833,147.47285481770834,152.45843098958332,17,25,1
162.13724934895833,147.49399088541668,152.401591796875,17,25,1
162.165322265625,147.500009765625,152.424111328125,17,25,1
162.19471028645833,147.53361979166667,152.50943684895833,17,25,1
162.19526692708334,147.51026692708334,152.50138346354166,17,25,1
162.12377278645835,147.53684895833334,152.51242838541665,17,25,1
162.04146158854167,147.60092122395832,152.36037434895835,17,25,1
162.04399739583334,147.59357747395833,152.29616536458335,17,25,2
162.039365234375,147.59770182291666,152.350234375,17,25,2
162.03210611979168,147.60456380208333,152.318349609375,17,25,2
162.021103515625,147.54595052083334,152.33867513020834,17,25,2
162.01906575520835,147.579326171875,152.32704752604167,17,25,2
161.959189453125,147.56940755208333,152.28251953125,17,25,2
162.00073893229165,147.51419921875,152.32570638020835,17,25,2
162.06797200520833,147.49251953125,152.32905924479167,17,25,2
162.0129296875,147.46240234375,152.19860026041667,17,25,2
162.16788411458333,147.43191731770833,152.42747395833334,17,25,2
162.217783203125,147.44207682291668,152.44183268229168,17,25,2
162.15846354166666,147.45819661458333,152.44802083333335,17,25,2
162.22578125,147.46426432291668,152.48576171875,17,25,2
162.172841796875,147.435419921875,152.38451171875,17,25,2
162.185517578125,147.40325846354168,152.39675455729167,17,25,2
162.144208984375,147.445322265625,152.37529947916667,17,25,2
162.19737955729167,147.44404947916667,152.48522786458332,17,25,2
162.23065104166668,147.44381510416667,152.46805989583333,17,25,2
162.192919921875,147.51007486979168,152.482138671875,17,25,2
162.03308919270833,147.50092447916666,152.25957356770834,17,25,2
162.0553125,147.54176432291666,152.28072265625,17,25,2
162.03376627604166,147.58670572916665,152.24891276041666,17,25,2
162.017607421875,147.585703125,152.25498697916666,17,25,2
162.069814453125,147.53957356770835,152.27473958333334,17,25,2
162.200771484375,147.50901692708334,152.49366861979166,17,25,2
162.17558919270834,147.50245442708334,152.42641276041667,17,25,3
162.14027669270834,147.43438151041667,152.34301432291667,17,25,3
162.16492513020833,147.42181640625,152.394453125,17,25,3
162.15415690104166,147.38938802083334,152.33021809895834,17,25,3
162.18149739583333,147.351591796875,152.30837565104167,17,25,3
162.11451497395834,147.35122395833332,152.31540364583333,17,25,3
162.1146484375,147.317529296875,152.358154296875,17,25,3
162.147998046875,147.341865234375,152.33426106770833,17,25,3
162.10563151041666,147.36308268229166,152.31498372395833,17,25,3
161.90320638020833,147.400517578125,152.25200520833334,17,25,3
161.95996744791665,147.38901692708333,152.26327799479168,17,25,3
161.98077473958332,147.36560872395833,152.273564453125,17,25,3
161.96129557291667,147.33103841145834,152.313408203125,17,25,3
161.97741861979168,147.33672200520834,152.23565755208332,17,25,3
162.13065755208333,147.34591145833335,152.21905924479168,17,25,3
162.151611328125,147.287080078125,152.27478841145833,17,25,3
162.1092578125,147.33901041666667,152.29817057291666,17,25,3
162.13275390625,147.36759765625,152.37683268229168,17,25,3
162.09693359375,147.35890625,152.36247721354167,17,25,3
162.16370768229166,147.34787109375,152.324501953125,17,25,3
162.10776041666668,147.33339518229167,152.284921875,17,25,3
162.08849609375,147.34001627604167,152.299873046875,17,25,3
162.10815755208333,147.322353515625,152.305517578125,17,25,3
162.0174609375,147.32145833333334,152.28488932291665,17,25,3
162.10514322916666,147.24197916666665,152.248203125,17,25,3
162.06546549479165,147.218154296875,152.26058919270832,17,25,4
162.02518229166665,147.1957421875,152.20691731770833,17,25,4
162.052333984375,147.20138997395833,152.181494140625,17,25,4
162.078271484375,147.19287760416665,152.2375390625,17,25,4
161.92825520833333,147.23642903645833,152.15276692708332,17,25,4
161.88623046875,147.243623046875,152.13699544270833,17,25,4
161.95523111979168,147.24655924479165,152.22697916666667,17,25,4
161.89583333333334,147.24899739583333,152.20747721354167,17,25,4
161.92744466145834,147.254345703125,152.24235677083334,17,25,4
162.08960611979165,147.24662434895833,152.18150390625,17,25,4
162.162978515625,147.24239908854167,152.229716796875,17,25,4
162.11493489583333,147.28356119791667,152.24966796875,17,25,4
162.129853515625,147.27591471354165,152.331611328125,17,25,4
162.11041666666668,147.26889322916668,152.28452473958333,17,25,4
162.165439453125,147.32047526041666,152.31014973958332,17,25,4
162.16014973958335,147.31183919270833,152.29015625,17,25,4
162.14271484375,147.32498697916665,152.30972981770833,17,25,4
162.148115234375,147.34709635416667,152.336435546875,17,25,4
162.16472330729167,147.36190755208332,152.34748372395833,17,25,4
161.96220377604166,147.33297200520835,152.30607421875,17,25,4
161.96480143229167,147.29609700520834,152.26723958333332,17,25,4
161.95219401041666,147.30008463541665,152.24064127604166,17,25,4
161.95861002604167,147.31731770833332,152.29248372395833,17,25,4
161.94108072916666,147.2608203125,152.19907877604166,17,25,4
162.11294270833332,147.222861328125,152.231865234375,17,25,4
162.06322591145835,147.22007486979166,152.2457421875,17,25,5
162.17063802083334,147.21441080729167,152.239404296875,17,25,5
162.141943359375,147.2362109375,152.26420247395833,17,25,5
162.19873372395833,147.23821614583332,152.21470377604166,17,25,5
162.159140625,147.2202734375,152.237421875,17,25,5
162.13546549479167,147.25445963541668,152.262822265625,17,25,5
162.19158203125,147.25978190104166,152.26568033854167,17,25,5
162.17455078125,147.24169596354167,152.29624674479166,17,25,5
162.13457682291667,147.27066731770833,152.2388671875,17,25,5
162.14319010416668,147.29877604166666,152.30997395833333,17,25,5
162.1469921875,147.31018229166668,152.32135091145832,17,25,5
162.14011393229165,147.27044921875,152.313662109375,17,25,5
162.16982421875,147.348037109375,152.33373372395835,17,25,5
162.14040364583335,147.32880859375,152.33455403645834,17,25,5
162.14920247395833,147.342724609375,152.4327734375,17,25,5
162.1393359375,147.32765950520835,152.337646484375,17,25,5
162.056572265625,147.29271809895835,152.24044921875,17,25,5
162.11816080729167,147.26569986979166,152.2930859375,17,25,5
162.15138020833334,147.245244140625,152.28807291666666,17,25,5
162.14016276041667,147.183505859375,152.21307291666668,17,25,5
162.068154296875,147.20342122395834,152.21765299479168,17,25,5
162.08602213541667,147.155244140625,152.24044270833335,17,25,5
162.09400390625,147.17539713541666,152.19160481770834,17,25,5
162.12549479166665,147.17336263020835,152.231640625,17,25,5
162.1288671875,147.19321614583333,152.18880859375,17,25,5
162.14279622395833,147.15984375,152.17243815104166,17,25,6
162.16553059895833,147.15758463541667,152.20657552083333,17,25,6
162.11830078125,147.186787109375,152.211875,17,25,6
162.11604817708334,147.20221028645832,152.23913411458332,17,25,6
162.12095377604166,147.19062825520834,152.20888346354167,17,25,6
162.07588216145834,147.2023046875,152.217041015625,17,25,6
162.13729817708332,147.21395182291667,152.25374674479167,17,25,6
162.11144856770832,147.27049479166666,152.26944986979166,17,25,6
162.144541015625,147.29053385416665,152.24518229166668,17,25,6
162.14730143229167,147.28721028645833,152.296962890625,17,25,6
162.14513997395832,147.29107747395832,152.33050455729168,17,25,6
162.10722005208333,147.25009114583332,152.18446614583334,17,25,6
162.116611328125,147.28641927083333,152.23447591145833,17,25,6
162.05740559895833,147.25273111979166,152.24017252604168,17,25,6
162.13092447916668,147.16909830729168,152.21420572916668,17,25,6
162.08387369791666,147.18223307291666,152.229765625,17,25,6
162.046171875,147.15880208333334,152.227734375,17,25,6
162.12089192708333,147.10096354166666,152.20389322916665,17,25,6
162.12999674479167,147.13046223958332,152.20181966145833,17,25,6
161.96343098958334,147.20103515625,152.241328125,17,25,6
161.91733072916668,147.16062174479165,152.17151692708333,17,25,6
161.950283203125,147.18523763020832,152.08043294270834,17,25,6
161.939873046875,147.149130859375,152.14333333333335,17,25,6
161.94992838541665,147.13973307291667,152.16852864583333,17,25,6
162.103037109375,147.10312825520833,152.17507486979167,17,25,6
162.110634765625,147.14895833333333,152.16402018229167,17,25,7
162.095634765625,147.10996744791666,152.14729817708334,17,25,7
162.0867578125,147.141162109375,152.19861002604168,17,25,7
162.091513671875,147.15244791666666,152.09723307291668,17,25,7
162.11400065104166,147.12505533854167,152.14211588541667,17,25,7
162.07948893229167,147.20959309895832,152.20424479166667,17,25,7
162.05785807291667,147.14723307291666,152.09241861979166,17,25,7
162.06495768229166,147.15607421875,152.152646484375,17,25,7
162.085625,147.196220703125,152.2068359375,17,25,7
161.87214192708333,147.2367578125,152.07777994791667,17,25,7
161.89472005208333,147.13757486979168,152.12382486979166,17,25,7
161.88125651041668,147.13691731770834,152.08209635416668,17,25,7
161.9429296875,147.06123372395834,152.04487630208334,17,25,7
161.89627278645833,147.07558919270832,152.038662109375,17,25,7
162.02657877604167,147.01703450520833,152.02606770833333,17,25,7
162.01437174479167,147.055576171875,152.10726888020832,17,25,7
162.00824544270833,146.988818359375,152.0538671875,17,25,7
162.05612630208333,147.00566731770834,152.020830078125,17,25,7
161.99254231770834,146.98061848958332,152.07419596354165,17,25,7
161.89724934895833,147.02157552083332,151.75145182291666,17,25,7
161.931611328125,147.02605794270832,151.81345703125,17,25,7
161.91192708333332,147.03720703125,151.832548828125,17,25,7
161.932001953125,147.03378255208332,151.78824869791666,17,25,7
161.92108072916668,147.05835286458333,151.811533203125,17,25,7
161.962626953125,147.04946940104168,151.81642578125,17,25,7
161.87282552083335,147.110009765625,151.88099934895834,17,25,8
161.952646484375,147.13459309895833,151.89318033854167,17,25,8
161.94904622395833,147.12833333333333,151.89622395833334,17,25,8
161.98021484375,147.137705078125,151.86527669270833,17,25,8
162.080224609375,147.13248697916666,152.08968424479167,17,25,8
162.08348958333335,147.149716796875,152.064189453125,17,25,8
162.1078515625,147.09442708333333,152.03782552083334,17,25,8
162.09788736979166,147.10684895833333,152.09612955729168,17,25,8
162.09240559895832,147.0809765625,152.01418294270835,17,25,8
161.90545247395832,147.09672526041666,152.08207356770833,17,25,8
161.89868815104165,147.12567057291668,152.12130533854167,17,25,8
161.93830729166666,147.10266276041668,152.07025390625,17,25,8
161.94182942708332,147.12552408854165,152.15154296875,17,25,8
161.91880859375,147.123232421875,152.06596028645833,17,25,8
162.12928385416666,147.060556640625,152.10893880208334,17,25,8
162.11474934895833,147.067021484375,152.130390625,17,25,8
162.16697916666666,147.082607421875,152.141181640625,17,25,8
162.15785481770834,147.097646484375,152.12720052083333,17,25,8
162.13470703125,147.113173828125,152.11961263020834,17,25,8
162.13636393229166,147.13177083333332,152.14729817708334,17,25,8
162.12103515625,147.1516015625,152.17369791666667,17,25,8
162.18389973958332,147.175078125,152.11450846354165,17,25,8
162.16322591145834,147.19364908854166,152.195478515625,17,25,8
162.11632161458334,147.2002734375,152.19763346354168,17,25,8
161.985927734375,147.25615234375,152.16439127604167,17,25,8
162.00938151041666,147.27737955729165,152.21368489583332,17,25,9
161.99976236979165,147.272353515625,152.20763346354167,17,25,9
161.98672526041668,147.28236328125,152.23577473958332,17,25,9
161.963671875,147.26369140625,152.16859700520834,17,25,9
162.13946614583332,147.20541015625,152.149921875,17,25,9
162.154716796875,147.17252604166666,152.1790234375,17,25,9
162.087568359375,147.1160546875,152.22203450520834,17,25,9
162.132177734375,147.104375,152.12613606770833,17,25,9
162.07460611979167,147.11535807291668,152.17433919270835,17,25,9
162.06568033854165,147.108955078125,152.18315104166666,17,25,9
162.05109049479168,147.133564453125,152.11575846354165,17,25,9
162.07790364583335,147.11904947916668,152.12244466145833,17,25,9
162.10040364583332,147.12086263020834,152.19339518229165,17,25,9
162.09725911458332,147.12645182291666,152.08731770833333,17,25,9
161.91427083333335,147.15998372395833,152.09718098958334,17,25,9
161.92687174479167,147.17457682291666,152.10645182291665,17,25,9
161.929755859375,147.18689778645833,152.10922200520832,17,25,9
161.93239583333335,147.18967447916665,152.06178385416666,17,25,9
161.93220703125,147.214482421875,152.14653971354167,17,25,9
161.97733723958333,147.21349609375,151.95596028645832,17,25,9
161.94538411458333,147.21413411458335,152.0133203125,17,25,9
161.93439453125,147.27355794270832,151.97128580729168,17,25,9
161.99406575520834,147.29572916666666,151.95514973958333,17,25,9
161.96738606770833,147.25896158854167,151.97411458333335,17,25,9
162.13299479166668,147.206767578125,152.18782552083334,17,25,9
162.14513671875,147.20400716145832,152.22965494791666,17,25,10
162.08197265625,147.15622395833333,152.09832682291668,17,25,10
162.09446614583334,147.13388997395833,152.14372395833334,17,25,10
162.084423828125,147.14624348958333,152.17525065104167,17,25,10
162.09793619791665,147.085126953125,152.00764322916666,17,25,10
162.085517578125,147.0868359375,151.96715494791667,17,25,10
162.145029296875,147.07559895833333,151.98010091145832,17,25,10
162.06568684895834,147.08806966145832,151.87343098958334,17,25,10
162.11342447916667,147.08678385416667,151.93068033854166,17,25,10
162.12389973958332,147.067236328125,152.10484375,17,25,10
162.02283854166666,147.08284505208334,152.09598307291665,17,25,10
162.09927408854168,147.08577473958334,152.09747721354168,17,25,10
162.09738932291665,147.111943359375,152.043115234375,17,25,10
162.100458984375,147.10062825520833,152.11647135416666,17,25,10
162.0790234375,147.10343424479166,152.05422200520835,17,25,10
162.14036458333334,147.13939127604166,152.125283203125,17,25,10
162.07851888020832,147.12863932291665,152.08148763020833,17,25,10
162.10074544270833,147.14581705729168,152.13787109375,17,25,10
162.11339192708334,147.15810546875,152.12278645833334,17,25,10
162.08049479166667,147.14802083333333,152.09359700520832,17,25,10
162.08431966145832,147.16462239583333,152.10850911458334,17,25,10
162.108876953125,147.16185872395835,152.04986653645832,17,25,10
162.00492513020833,147.146982421875,152.08266276041667,17,25,10
162.023623046875,147.12704427083332,152.06520182291666,17,25,10
162.04356770833334,147.10244791666668,152.01641927083332,17,25,10
162.04204752604167,147.040576171875,152.05856770833333,17,25,11
162.00728190104167,147.0312109375,152.101875,17,25,11
162.015947265625,147.04137369791667,151.992060546875,17,25,11
162.06511067708334,146.996552734375,152.033828125,17,25,11
161.93838216145832,147.05011393229168,151.87548502604167,17,25,11
161.84366861979166,147.07607747395832,151.78326171875,17,25,11
161.86797200520834,147.05021809895834,151.78334635416667,17,25,11
161.906015625,147.040810546875,151.823154296875,17,25,11
161.93169270833334,147.027802734375,151.832236328125,17,25,11
161.91646484375,147.03974609375,152.014716796875,17,25,11
161.895302734375,147.05068033854167,151.9904296875,17,25,11
161.85361328125,147.06383138020834,151.99564127604165,17,25,11
161.896875,147.09669596354166,151.99880859375,17,25,11
161.895126953125,147.08335611979166,151.98085611979167,17,25,11
161.863349609375,147.1420703125,151.824375,17,25,11
161.84352213541666,147.17110026041667,151.86184244791667,17,25,11
161.93844075520835,147.1470703125,151.82312174479168,17,25,11
161.889736328125,147.19581380208334,151.83003580729167,17,25,11
161.92736328125,147.16721354166665,151.86486002604167,17,25,11
161.88994791666667,147.17198893229167,151.877861328125,17,25,11
161.94430989583333,147.141923828125,151.858037109375,17,25,11
161.95178059895832,147.09245768229167,151.86120768229168,17,25,11
161.92893229166665,147.09713216145835,151.90746744791667,17,25,11
161.92113606770835,147.11168294270834,151.93796549479165,17,25,11
161.93773111979166,147.087412109375,151.8811328125,17,25,11
161.951787109375,147.0728515625,151.89578450520833,17,25,12
161.906435546875,147.11607747395834,151.870830078125,17,25,12
161.938486328125,147.11693359375,151.82513020833332,17,25,12
161.93686197916668,147.10653645833332,151.86783854166666,17,25,12
161.9524609375,147.16532552083333,152.001044921875,17,25,12
161.95536458333333,147.14976236979166,152.1028515625,17,25,12
161.94564453125,147.12031575520834,152.03816731770834,17,25,12
161.92904622395832,147.16082356770832,151.97836588541668,17,25,12
161.96692708333333,147.20483072916667,152.11727213541667,17,25,12
162.143583984375,147.19319986979167,151.89894205729166,17,25,12
162.126103515625,147.20258138020833,152.01599609375,17,25,12
162.1538671875,147.20175130208332,151.9819140625,17,25,12
162.15738606770833,147.22327799479166,152.03623372395833,17,25,12
162.15001953125,147.23645182291668,151.94692708333332,17,25,12
162.003984375,147.30943359375,152.17200520833333,17,25,12
161.91846354166665,147.33794596354167,152.20046875,17,25,12
161.977578125,147.31927083333332,152.09538736979167,17,25,12
161.97615885416667,147.28657552083334,152.087080078125,17,25,12
161.99374348958332,147.26806966145833,152.129677734375,17,25,12
162.13394856770833,147.211220703125,152.18861002604166,17,25,12
162.15044270833334,147.18245442708334,152.13291666666666,17,25,12
162.14314453125,147.18513020833333,152.080947265625,17,25,12
162.13700520833333,147.181708984375,152.12037434895834,17,25,12
162.1614453125,147.15411783854168,152.18703125,17,25,12
162.127529296875,147.19673502604167,152.10162760416668,17,25,12
162.1221875,147.20644856770832,152.12134440104165,17,25,13
162.118662109375,147.22720703125,152.125048828125,17,25,13
162.12543294270833,147.22920247395834,152.21482747395834,17,25,13
162.13476236979167,147.221416015625,152.12980143229166,17,25,13
162.147734375,147.24177734375,152.21338216145833,17,25,13
162.13474934895834,147.23807942708333,152.15654622395834,17,25,13
162.08185546875,147.289384765625,152.141015625,17,25,13
162.13637044270834,147.2737109375,152.14702799479167,17,25,13
162.12485677083333,147.283115234375,152.21058919270834,17,25,13
162.11567057291666,147.32001302083333,152.24005533854168,17,25,13
162.16857421875,147.33894205729166,152.30147135416667,17,25,13
162.1527734375,147.3263671875,152.21649739583333,17,25,13
162.19044270833334,147.34555989583333,152.292822265625,17,25,13
162.14591796875,147.33281575520834,152.25517903645834,17,25,13
162.131767578125,147.33884765625,152.2087890625,17,25,13
162.12982096354168,147.33682291666668,152.235458984375,17,25,13
162.0494140625,147.272607421875,152.20830403645834,17,25,13
162.19654622395834,147.261904296875,152.17305989583335,17,25,13
162.10630208333333,147.24835611979168,152.14506510416666,17,25,13
162.14434895833332,147.25041341145834,152.16411783854167,17,25,13
162.12500651041665,147.290947265625,152.21763346354166,17,25,13
162.11359700520833,147.293505859375,152.15926106770834,17,25,13
162.1076953125,147.30385091145834,152.11720703125,17,25,13
162.13567057291667,147.230478515625,152.1624609375,17,25,13
162.005986328125,147.262998046875,151.95161458333334,17,25,13
162.04123046875,147.27492838541667,151.95767903645833,17,25,14
161.97708658854165,147.31044270833334,151.99986002604166,17,25,14
161.96275390625,147.293759765625,151.94983723958333,17,25,14
161.97929361979166,147.305244140625,152.00391276041665,17,25,14
161.97939778645832,147.30704427083333,152.12682291666667,17,25,14
161.95079427083334,147.35217122395832,152.14990885416665,17,25,14
161.966806640625,147.316259765625,152.125126953125,17,25,14
161.930322265625,147.40429361979167,152.08471354166667,17,25,14
161.995439453125,147.34232096354165,152.129345703125,17,25,14
161.98495442708332,147.35689778645835,151.884482421875,17,25,14
161.90199869791667,147.3546484375,151.92811197916666,17,25,14
161.93429361979167,147.325478515625,151.92575846354165,17,25,14
161.95376302083332,147.2877734375,151.902275390625,17,25,14
161.9183984375,147.27738606770833,151.928466796875,17,25,14
162.05762369791665,147.21918294270833,152.116220703125,17,25,14
162.0822265625,147.204248046875,152.07159830729168,17,25,14
162.00755208333334,147.210693359375,152.12744791666665,17,25,14
162.067431640625,147.21533528645833,152.11066731770833,17,25,14
162.029873046875,147.20720377604167,152.03569010416666,17,25,14
162.06513997395834,147.20085286458334,152.03150065104165,17,25,14
162.06779296875,147.25454427083332,152.05447916666665,17,25,14
162.08948567708333,147.1860546875,152.031455078125,17,25,14
162.07994466145834,147.208818359375,152.05826822916666,17,25,14
162.06859049479166,147.20142252604165,152.06792643229167,17,25,14
162.06781901041666,147.24556640625,152.04231770833334,17,25,14
162.13079427083332,147.23828776041665,152.06837565104166,17,25,15
162.08190104166667,147.26649739583334,152.078974609375,17,25,15
162.07865234375,147.25574869791666,152.065908203125,17,25,15
162.10083658854165,147.27259765625,152.09728190104167,17,25,15
162.07912434895835,147.31971354166666,152.14173502604166,17,25,15
162.1161328125,147.28309244791666,152.07872721354167,17,25,15
162.08205729166667,147.311005859375,152.102158203125,17,25,15
162.13354817708333,147.29766276041667,152.07115234375,17,25,15
162.073037109375,147.28988932291668,152.134775390625,17,25,15
162.11784830729167,147.26951822916666,152.07291341145833,17,25,15
162.08443359375,147.28043619791666,152.12638346354166,17,25,15
162.077119140625,147.26692708333334,152.14509114583333,17,25,15
162.09923828125,147.26763020833334,152.07272786458333,17,25,15
162.127138671875,147.292060546875,152.08083333333335,17,25,15
161.922275390625,147.32210286458334,152.0833203125,17,25,15
161.956865234375,147.3611328125,152.07180013020835,17,25,15
161.946767578125,147.34263346354166,152.13172200520833,17,25,15
162.06140299479168,147.3210546875,152.09518229166667,17,25,15
162.003203125,147.35029947916667,152.16415690104168,17,25,15
162.13314127604167,147.32707356770834,152.12977213541666,17,25,15
162.16156575520833,147.336845703125,152.14251627604168,17,25,15
162.18873046875,147.34764322916666,152.11662434895834,17,25,15
162.19488606770832,147.31537434895833,152.20796549479167,17,25,15
162.23357421875,147.38819010416665,152.150498046875,17,25,15
162.20483072916667,147.38208984375,152.20940104166667,17,25,15
162.20166666666665,147.38289713541667,152.16442057291667,17,25,16
162.18672200520834,147.46873046875,152.18788411458334,17,25,16
162.16689778645832,147.42442708333334,152.18299153645833,17,25,16
162.165322265625,147.43027669270833,152.23562174479167,17,25,16
162.21791341145834,147.4230078125,152.2714453125,17,25,16
162.13962890625,147.44572591145834,152.16372721354168,17,25,16
162.11737955729166,147.44152018229167,152.284697265625,17,25,16
162.17478841145834,147.40654622395834,152.26631184895834,17,25,16
162.19525065104168,147.35916341145833,152.223037109375,17,25,16
161.98499348958333,147.41752604166666,152.04510416666668,17,25,16
162.00951497395835,147.41754557291668,152.096240234375,17,25,16
162.03449544270833,147.41270833333334,152.077626953125,17,25,16
162.003525390625,147.4265234375,152.09782552083334,17,25,16
162.008818359375,147.43885416666666,152.101435546875,17,25,16
162.21218424479167,147.36847005208332,152.24216796875,17,25,16
162.17682942708333,147.36462239583332,152.13615885416667,17,25,16
162.16268880208332,147.413974609375,152.24068033854167,17,25,16
162.22101888020833,147.41396809895832,152.21888020833333,17,25,16
162.212978515625,147.42342122395834,152.30658854166666,17,25,16
162.24271484375,147.43760416666666,152.23113932291668,17,25,16
162.247734375,147.43721354166667,152.23751302083335,17,25,16
162.180361328125,147.47015299479168,152.23783528645833,17,25,16
162.24011067708332,147.49439127604165,152.19260091145833,17,25,16
162.19298828125,147.49101888020834,152.22730794270834,17,25,16
162.17405924479166,147.4514453125,152.29514973958334,17,25,16
162.13059895833334,147.49852864583335,152.27807942708333,17,25,17
162.21651041666667,147.472724609375,152.25495442708333,17,25,17
162.09955078125,147.494931640625,152.20006510416667,17,25,17
162.1819140625,147.414462890625,152.27097330729165,17,25,17
162.05936848958333,147.43221028645834,152.05333984375,17,25,17
162.00596028645833,147.40291015625,152.0862890625,17,25,17
162.04416015625,147.38709309895833,151.97884114583334,17,25,17
162.01233723958333,147.38901692708333,151.98984375,17,25,17
162.012451171875,147.39887369791666,152.06145182291667,17,25,17
162.16046549479168,147.34692708333333,152.243671875,17,25,17
162.12713216145832,147.306142578125,152.214541015625,17,25,17
162.10753580729167,147.341259765625,152.18307291666667,17,25,17
162.131748046875,147.33849934895832,152.16048502604167,17,25,17
162.12648111979166,147.31901041666666,152.12825846354167,17,25,17
162.13244466145832,147.31400065104165,152.14441731770833,17,25,17
162.16185872395835,147.29437174479168,152.14986653645835,17,25,17
162.18734375,147.301767578125,152.185546875,17,25,17
162.07960286458334,147.35972005208333,152.11548502604165,17,25,17
162.14308268229166,147.29590494791665,152.15087239583335,17,25,17
161.995966796875,147.38269205729168,151.9290625,17,25,17
161.94255533854167,147.42712239583332,151.966806640625,17,25,17
161.93932942708332,147.40213216145833,152.00064778645833,17,25,17
161.94888671875,147.39751627604167,152.034111328125,17,25,17
161.93727864583335,147.39651041666667,151.94629231770833,17,25,17
162.084208984375,147.30098958333335,152.1333984375,17,25,17
162.12450846354167,147.2668359375,152.11169270833332,17,25,18
162.11639973958333,147.2337109375,151.99343098958335,17,25,18
162.10147135416668,147.21472330729168,152.01045572916667,17,25,18
162.105224609375,147.19234049479167,151.99611328125,17,25,18
162.11101236979167,147.20601888020835,151.98681966145833,17,25,18
162.082939453125,147.21673502604168,151.98466796875,17,25,18
162.03233723958334,147.22947265625,151.9930078125,17,25,18
162.10257161458333,147.177314453125,152.04692708333334,17,25,18
162.10513997395833,147.15248697916667,151.93394205729166,17,25,18
161.89450520833333,147.21025716145834,151.97907552083333,17,25,18
161.91945638020835,147.22681966145834,151.93443684895834,17,25,18
161.933681640625,147.21946614583334,151.98772135416667,17,25,18
161.93425455729167,147.234580078125,152.026015625,17,25,18
161.88630533854166,147.28308268229168,151.97083984375,17,25,18
162.07948893229167,147.20295247395833,151.97474934895834,17,25,18
162.07201822916667,147.21537760416666,151.951806640625,17,25,18
162.031396484375,147.27971354166667,151.964052734375,17,25,18
162.10403971354165,147.19240559895835,152.05283528645833,17,25,18
162.13459635416666,147.24119466145834,152.02549153645833,17,25,18
162.08388020833334,147.22638671875,151.822880859375,17,25,18
162.04359700520834,147.21672526041667,151.80803385416667,17,25,18
162.05033203125,147.19331380208334,151.80952473958334,17,25,18
162.08826497395833,147.15121744791668,151.78887044270834,17,25,18
162.04094075520834,147.16743489583334,151.82380533854166,17,25,18
162.0770703125,147.15976888020833,151.90069010416667,17,25,18
162.04483723958333,147.14803059895834,151.950322265625,17,25,19
162.09060221354167,147.15996744791667,151.99387044270833,17,25,19
162.07431640625,147.15425455729167,151.963212890625,17,25,19
162.10584309895833,147.15404622395835,152.03206380208334,17,25,19
161.96529622395835,147.21265950520834,151.95741861979167,17,25,19
161.91751302083333,147.22455403645833,151.95779622395833,17,25,19
161.95042643229166,147.23376302083332,151.93912109375,17,25,19
161.91722981770835,147.27314778645834,151.95222005208333,17,25,19
161.94480143229165,147.2490234375,152.01969075520833,17,25,19
162.14431640625,147.201357421875,151.9605859375,17,25,19
162.15002604166668,147.20590494791668,152.04572916666666,17,25,19
162.12927734375,147.23491861979167,151.970009765625,17,25,19
162.10653645833332,147.23477864583333,152.06400390625,17,25,19
162.143369140625,147.25030924479168,152.06830403645833,17,25,19
162.15007161458334,147.30105794270833,152.059453125,17,25,19
162.18543294270833,147.23206380208333,152.055703125,17,25,19
162.11082356770834,147.25298828125,152.06893229166667,17,25,19
162.13233072916665,147.23027669270834,152.11671875,17,25,19
162.10025716145833,147.23121744791666,152.04218424479166,17,25,19
162.09833658854166,147.22135416666666,152.03224609375,17,25,19
162.02298828125,147.19970052083335,152.055185546875,17,25,19
162.09288736979167,147.17843424479167,152.066044921875,17,25,19
162.09494466145833,147.19956380208333,152.02479166666666,17,25,19
162.08739908854167,147.194609375,152.044287109375,17,25,19
162.05095703125,147.19616536458332,151.99171549479166,17,25,19
162.09030598958333,147.15902018229167,151.98929036458333,17,25,20
162.03756510416667,147.22041015625,151.95104166666667,17,25,20
162.08216471354166,147.22986653645833,152.017314453125,17,25,20
162.06659505208333,147.22323567708332,152.060126953125,17,25,20
162.07742513020833,147.21224283854167,152.04754557291668,17,25,20
162.05969401041668,147.20689127604166,152.02642903645832,17,25,20
162.09425130208334,147.22556315104165,152.045078125,17,25,20
162.10810546875,147.24173828125,152.04423177083333,17,25,20
162.12936197916667,147.24508463541667,152.036279296875,17,25,20
162.121591796875,147.30342122395834,152.05778645833334,17,25,20
162.1126953125,147.29588541666666,152.158134765625,17,25,20
162.10951822916667,147.28602864583334,152.11333333333334,17,25,20
162.074609375,147.28828450520834,152.111328125,17,25,20
162.11127278645833,147.22171223958333,152.03605143229166,17,25,20
161.92175455729168,147.26431640625,152.07142903645834,17,25,20
161.91818359375,147.27322916666665,152.11478190104165,17,25,20
161.87277669270833,147.2192578125,151.99318684895835,17,25,20
161.88656575520832,147.21933919270833,151.94513346354168,17,25,20
161.8629296875,147.22532877604166,152.04916666666668,17,25,20
162.12888997395834,147.13277018229167,151.99205078125,17,25,20
162.04801432291666,147.17380859375,152.025849609375,17,25,20
162.04059244791668,147.19324544270833,152.0386328125,17,25,20
162.07008138020834,147.144267578125,151.96060546875,17,25,20
162.08852864583332,147.14777018229168,152.01230143229168,17,25,20
161.90272135416666,147.19312174479165,151.81796223958332,17,25,20
161.870595703125,147.19319661458334,151.835634765625,17,25,21
161.90736979166667,147.18807942708332,151.8095703125,17,25,21
161.85218098958333,147.24697591145832,151.7733984375,17,25,21
161.91966145833334,147.18512369791668,151.780673828125,17,25,21
162.06345377604165,147.18426106770832,152.02485677083334,17,25,21
162.08810872395833,147.23814453125,152.01413736979165,17,25,21
162.07586263020832,147.22275065104168,151.98138346354168,17,25,21
162.04961588541667,147.20943359375,152.01102864583333,17,25,21
162.051552734375,147.22621419270834,152.05990559895832,17,25,21
162.028447265625,147.210849609375,151.95962239583332,17,25,21
162.04984049479165,147.18594401041668,151.94022786458333,17,25,21
162.07318684895833,147.11378580729166,151.987724609375,17,25,21
161.99150716145834,147.11438151041668,151.92919596354167,17,25,21
162.05320638020834,147.08296549479167,151.88809895833333,17,25,21
162.02412434895834,147.049951171875,151.895947265625,17,25,21
161.96759440104168,147.0521484375,151.83484375,17,25,21
162.03239583333334,147.04862955729166,151.903046875,17,25,21
161.998916015625,147.03870442708333,151.83824869791667,17,25,21
162.00623046875,147.05671223958333,151.80934244791666,17,25,21
161.90770182291666,147.05221028645835,151.66009114583332,17,25,21
161.82350260416666,147.10380859375,151.7289453125,17,25,21
161.84275390625,147.108046875,151.69146809895832,17,25,21
161.83155924479166,147.102294921875,151.65576822916665,17,25,21
161.83687174479167,147.07552083333334,151.66469401041667,17,25,21
161.98744466145834,147.068203125,151.81149088541667,17,25,21
161.99334635416668,147.07467122395835,151.835341796875,17,25,22
162.00753580729167,147.09529947916667,151.84516276041666,17,25,22
161.958603515625,147.12108723958335,151.83018880208334,17,25,22
162.039287109375,147.06203776041667,151.880390625,17,25,22
162.01942057291666,147.08915690104166,151.87302408854165,17,25,22
161.98693033854167,147.07689778645835,151.80009440104166,17,25,22
161.98895182291668,147.0759375,151.80434895833332,17,25,22
161.99287434895834,147.04621419270833,151.86067708333334,17,25,22
161.97266276041665,147.02512369791665,151.80585286458333,17,25,22
161.85355794270833,147.01974609375,151.61724609375,17,25,22
161.81330729166666,147.05665690104166,151.641162109375,17,25,22
161.83004231770835,147.043818359375,151.629853515625,17,25,22
161.86486653645832,147.05915690104166,151.59264322916667,17,25,22
161.83967122395833,147.059130859375,151.71610677083333,17,25,22
161.988466796875,147.026201171875,151.63203125,17,25,22
161.96048177083333,147.06577473958333,151.64904947916668,17,25,22
162.0083984375,147.03520833333334,151.6433984375,17,25,22
161.97491861979168,147.03281575520833,151.60899088541666,17,25,22
162.02762044270833,147.08977864583332,151.67627604166665,17,25,22
161.87598307291665,147.13142252604166,151.72984375,17,25,22
161.89763671875,147.13175455729166,151.63663411458333,17,25,22
161.871875,147.14897135416666,151.69516927083333,17,25,22
161.85136393229166,147.19159505208333,151.72552734375,17,25,22
161.90088216145833,147.17419921875,151.72874348958334,17,25,22
162.07024088541667,147.150615234375,151.759599609375,17,25,22
162.05222330729165,147.151494140625,151.727509765625,17,25,23
162.05990885416668,147.13551106770834,151.75375651041668,17,25,23
162.04666666666665,147.11997721354166,151.77877278645835,17,25,23
162.03456705729167,147.13827799479168,151.74342122395834,17,25,23
162.03840169270833,147.11003255208334,151.896552734375,17,25,23
162.036845703125,147.0695703125,151.889775390625,17,25,23
162.00200520833334,147.0902734375,151.915205078125,17,25,23
161.98401692708333,147.11332356770833,151.91246744791667,17,25,23
162.03468098958334,147.106162109375,151.910791015625,17,25,23
161.917431640625,147.141982421875,151.88048502604167,17,25,23
161.90353190104167,147.13590169270833,151.901513671875,17,25,23
161.913212890625,147.133212890625,151.9153125,17,25,23
161.86370442708332,147.19194010416666,151.8537109375,17,25,23
161.90747395833333,147.182509765625,151.90894856770834,17,25,23
161.93012044270833,147.19508138020834,151.6630859375,17,25,23
161.89642578125,147.18332682291665,151.80326822916666,17,25,23
161.901376953125,147.20873697916667,151.76470052083334,17,25,23
161.94003255208332,147.23792317708333,151.75108723958334,17,25,23
161.95175455729168,147.222900390625,151.79851888020832,17,25,23
162.11957356770833,147.22430013020832,151.98319986979166,17,25,23
162.1091015625,147.25328450520834,152.01915690104167,17,25,23
162.067939453125,147.24449544270834,151.95046223958335,17,25,23
162.085810546875,147.2490234375,152.038935546875,17,25,23
162.08903971354167,147.22383463541667,151.960888671875,17,25,23
161.87212565104167,147.28528971354166,151.78189778645833,17,25,23
161.924072265625,147.21033528645833,151.823330078125,17,25,24
161.851728515625,147.17613932291667,151.77655924479166,17,25,24
161.89037760416667,147.17634114583333,151.80517252604167,17,25,24
161.91673502604166,147.14720377604166,151.824443359375,17,25,24
161.89677734375,147.17383463541665,151.75700846354167,17,25,24
161.91443359375,147.16654622395833,151.79634765625,17,25,24
161.86626627604167,147.20084309895833,151.69899739583335,17,25,24
161.91143229166667,147.1676953125,151.75424153645832,17,25,24
161.839326171875,147.19685546875,151.817451171875,17,25,24
162.04265950520832,147.13564453125,151.93864583333334,17,25,24
162.05325846354165,147.13934895833333,151.907509765625,17,25,24
162.053349609375,147.14224609375,151.91723307291667,17,25,24
162.04696940104168,147.13727213541668,151.90494791666666,17,25,24
162.00693684895833,147.18197916666668,151.97279296875,17,25,24
161.85729817708332,147.25044596354167,151.77833984375,17,25,24
161.907939453125,147.21885091145833,151.80173828125,17,25,24
161.9098828125,147.25236328125,151.81066080729167,17,25,24
161.85882161458332,147.265849609375,151.819013671875,17,25,24
161.88654947916666,147.24994140625,151.82012044270834,17,25,24
162.06115559895832,147.21353190104168,151.97080078125,17,25,24
162.040947265625,147.13784505208332,151.97338541666667,17,25,24
161.98073567708335,147.14999674479168,151.99602213541667,17,25,24
161.98010416666668,147.13552408854167,151.87006510416666,17,25,24
162.014140625,147.08053059895835,151.902060546875,17,25,24
161.997236328125,147.06475911458332,151.8394921875,17,25,24
161.94596028645833,147.08126953125,151.85155924479167,17,25,25
161.95254557291668,147.07875325520834,151.89649739583334,17,25,25
162.00857096354167,147.09795247395834,151.92045247395833,17,25,25
161.99647135416666,147.07489583333333,151.79381510416667,17,25,25
161.84403645833333,147.112939453125,151.64327799479167,17,25,25
161.82725260416666,147.09,151.681796875,17,25,25
161.84678059895833,147.069560546875,151.64271484375,17,25,25
161.85023111979166,147.09513020833333,151.61899739583333,17,25,25
161.834990234375,147.10734700520834,151.67839518229167,17,25,25
161.81337565104167,147.11917317708333,151.64200846354166,17,25,25
161.812021484375,147.11457356770833,151.6262109375,17,25,25
161.81930989583333,147.126337890625,151.60704427083334,17,25,25
161.88716145833334,147.12729166666668,151.62510091145833,17,25,25
161.853916015625,147.14551432291665,151.65541015625,17,25,25
161.85746744791666,147.11890625,151.67758463541668,17,25,25
161.79947591145833,147.10099283854166,151.62057291666667,17,25,25
161.826728515625,147.048330078125,151.623984375,17,25,25
161.74317057291665,147.09198567708333,151.60494466145835,17,25,25
161.81645833333334,147.061484375,151.61729166666666,17,25,25
161.78946614583333,147.03638020833333,151.726611328125,17,25,25
161.77323567708333,147.02996744791668,151.752236328125,17,25,25
161.78657552083334,147.04119791666668,151.722021484375,17,25,25
161.790693359375,147.03201171875,151.74799153645833,17,25,25
161.79673502604166,147.052236328125,151.73922526041667,17,25,25
161.937529296875,147.01030598958334,151.54425130208332,17,25,25
161.91638997395833,146.96427408854166,151.56640625,17,25,26
161.93256184895833,147.03392903645835,151.553515625,17,25,26
161.96453776041668,146.99740559895832,151.594326171875,17,25,26
161.95449869791668,146.98788736979168,151.60195963541668,17,25,26
161.959287109375,146.97272135416668,151.78186197916668,17,25,26
162.026201171875,146.98989908854168,151.79807942708334,17,25,26
161.98183919270832,147.0448828125,151.6953125,17,25,26
161.964873046875,147.045009765625,151.71671875,17,25,26
162.03751627604166,147.03865559895834,151.77209635416668,17,25,26
161.97940755208333,147.04617513020833,151.71525390625,17,25,26
162.04246744791666,147.036923828125,151.79943033854167,17,25,26
162.02268880208334,147.04850260416666,151.74111328125,17,25,26
161.98741861979167,147.02762044270833,151.71705078125,17,25,26
161.97932291666666,147.02827473958334,151.80125651041666,17,25,26
161.82806315104168,147.06471354166666,151.6240234375,17,25,26
161.86092122395834,147.00912109375,151.55557942708333,17,25,26
161.84544921875,147.005205078125,151.52522135416666,17,25,26
161.87158203125,147.02871744791668,151.55794921875,17,25,26
161.85044921875,147.02888346354166,151.58248372395835,17,25,26
162.02372721354166,147.031962890625,151.54577473958332,17,25,26
161.988115234375,146.98674153645834,151.55210611979166,17,25,26
162.01859700520833,147.03009440104168,151.64491861979167,17,25,26
162.11071614583332,146.98900390625,151.6332421875,17,25,26
161.99278971354167,147.0019140625,151.56063802083332,17,25,26
161.87750651041668,147.08429361979168,151.70204427083334,17,25,26
161.94505208333334,147.06420247395835,151.61232421875,17,25,27
161.8830078125,147.09164388020832,151.6304296875,17,25,27
161.86177408854167,147.12166341145834,151.69775716145833,17,25,27
161.911171875,147.11219401041666,151.61418619791667,17,25,27
161.90541341145834,147.15404296875,151.62123372395834,17,25,27
161.89689778645834,147.15227213541667,151.63013020833333,17,25,27
161.886337890625,147.14657877604168,151.74837239583334,17,25,27
161.89091796875,147.15615559895832,151.624501953125,17,25,27
161.921630859375,147.10857421875,151.669345703125,17,25,27
162.00167643229167,147.10997721354167,151.85168619791668,17,25,27
162.00328450520834,147.09363606770833,151.79846354166668,17,25,27
161.99167643229165,147.056787109375,151.81087239583334,17,25,27
162.01306966145833,147.052314453125,151.79137369791667,17,25,27
161.985673828125,147.06161783854168,151.75820963541668,17,25,27
161.81892252604166,147.10280924479167,151.79654296875,17,25,27
161.8696875,147.065458984375,151.82915364583334,17,25,27
161.81706705729167,147.08270833333333,151.83155924479166,17,25,27
161.82090169270833,147.07342447916668,151.78874348958334,17,25,27
161.834580078125,147.08293619791667,151.83721354166667,17,25,27
161.883984375,147.07841145833333,151.6344921875,17,25,27
161.82159830729168,147.11024088541666,151.61807942708333,17,25,27
161.88134114583335,147.057099609375,151.59900065104168,17,25,27
161.88212239583333,147.11525390625,151.64630533854168,17,25,27
161.77647135416666,147.11242838541668,151.682255859375,17,25,27
161.82274088541666,147.13312825520833,151.77527669270833,17,25,27
161.76799153645834,147.13632161458332,151.82298177083334,17,25,28
161.80987630208332,147.14122395833334,151.80819986979168,17,25,28
161.85919270833332,147.10473307291667,151.765283203125,17,25,28
161.87325520833335,147.13153645833333,151.81079427083333,17,25,28
161.88294921875,147.10783854166667,151.5971875,17,25,28
161.88310221354166,147.110810546875,151.59525716145833,17,25,28
161.88487630208334,147.04692057291666,151.57720703125,17,25,28
161.80906901041666,147.05566080729167,151.65513020833333,17,25,28
161.7858203125,146.98243815104166,151.54498046875,17,25,28
161.79499674479166,147.01401692708333,151.730595703125,17,25,28
161.82216471354167,147.015166015625,151.72197265625,17,25,28
161.84375651041665,146.96391927083334,151.69681640625,17,25,28
161.81088541666668,146.99990885416668,151.70679361979165,17,25,28
161.83411458333333,146.9524609375,151.685537109375,17,25,28
161.94555013020835,146.9324609375,151.64148111979168,17,25,28
161.96465494791667,146.88548502604166,151.79189778645832,17,25,28
161.95631510416666,146.90836263020833,151.63972005208333,17,25,28
161.93912109375,146.89218424479168,151.625498046875,17,25,28
161.913251953125,146.88309244791665,151.6602734375,17,25,28
161.80990885416668,146.92362955729166,151.40496419270832,17,25,28
161.7809765625,146.9375,151.44981119791666,17,25,28
161.77869140625,146.946943359375,151.47981770833334,17,25,28
161.773779296875,146.9501171875,151.44844401041667,17,25,28
161.78241861979166,146.99191731770833,151.4916015625,17,25,28
161.76958984375,146.94837565104166,151.490751953125,17,25,28
161.783544921875,146.91696614583333,151.47771158854167,17,25,29
161.77213216145833,146.95553059895835,151.49258138020832,17,25,29
161.77163736979168,146.913837890625,151.45761067708332,17,25,29
161.711201171875,146.91022135416668,151.50158203125,17,25,29
161.7366796875,146.9121484375,151.43619466145833,17,25,29
161.70332682291667,146.87551432291667,151.44690104166668,17,25,29
161.77677408854166,146.82771484375,151.4137109375,17,25,29
161.78371419270835,146.85714518229167,151.37109700520833,17,25,29
161.81390299479168,146.84890950520833,151.38052734375,17,25,29
161.79763346354167,146.82802734375,151.37180989583334,17,25,29
161.69179036458334,146.83695638020833,151.46197265625,17,25,29
161.722373046875,146.87454427083333,151.41618815104167,17,25,29
161.74798828125,146.87647135416665,151.38164388020834,17,25,29
161.75984049479166,146.8670703125,151.42868489583333,17,25,29
161.77053385416667,146.89111002604167,151.49403971354167,17,25,29
161.756474609375,146.86306966145833,151.36596028645835,17,25,29
161.70059244791668,146.93815104166666,151.44571614583333,17,25,29
161.78167643229168,146.9137890625,151.51268880208335,17,25,29
161.79846354166668,146.8976953125,151.48477213541668,17,25,29
161.81736979166666,146.94180338541668,151.473056640625,17,25,29
161.75179036458334,146.98729817708335,151.46116861979166,17,25,29
161.770625,146.95212890625,151.466044921875,17,25,29
161.80455729166667,146.92213216145834,151.497529296875,17,25,29
161.80096028645832,146.92764322916668,151.50294921875,17,25,29
161.77598958333334,146.976708984375,151.46548502604168,17,25,29
161.75562174479165,146.956748046875,151.49505208333332,17,25,30
161.732626953125,146.910078125,151.47206380208334,17,25,30
161.75919921875,146.91312825520833,151.46425455729167,17,25,30
161.79482096354167,146.94904296875,151.51807942708334,17,25,30
161.77593424479167,146.88177734375,151.42626302083335,17,25,30
161.73742513020832,146.912783203125,151.46431315104167,17,25,30
161.7575,146.93687174479166,151.43998697916666,17,25,30
161.81811197916667,146.90224609375,151.46093424479167,17,25,30
161.76394856770833,146.919453125,151.49591796875,17,25,30
161.91573893229167,146.85217122395832,151.462568359375,17,25,30
161.90293619791666,146.86743815104165,151.58189778645834,17,25,30
161.91430013020835,146.88914388020834,151.53787434895833,17,25,30
161.90931966145834,146.888125,151.55175455729167,17,25,30
161.92941080729167,146.89286458333333,151.515703125,17,25,30
161.79593424479165,146.96356119791668,151.51526041666668,17,25,30
161.65590169270834,147.02414713541665,151.518427734375,17,25,30
161.70150390625,146.98363932291667,151.55694986979168,17,25,30
161.79501953125,146.982412109375,151.6006640625,17,25,30
161.721826171875,147.01580403645832,151.52263671875,17,25,30
161.70926432291665,146.99939778645833,151.53648111979166,17,25,30
161.72615885416667,146.976357421875,151.56157877604167,17,25,30
161.676044921875,146.96592122395833,151.57733723958333,17,25,30
161.76111653645833,146.93912434895833,151.559609375,17,25,30
161.73404622395833,146.909111328125,151.55110026041666,17,25,30
161.77306966145832,146.875947265625,151.497919921875,17,25,30
161.67717122395834,146.915302734375,151.57160807291666,17,25,31
161.79636067708333,146.89706705729168,151.57913736979165,17,25,31
161.73644856770832,146.89428385416667,151.56248697916666,17,25,31
161.76261067708333,146.88363932291668,151.66355143229165,17,25,31
161.77220052083334,146.88509440104167,151.49312825520835,17,25,31
161.74326497395833,146.90440104166666,151.58526041666667,17,25,31
161.71366861979166,146.884833984375,151.53387044270832,17,25,31
161.693349609375,146.91632486979168,151.52399739583333,17,25,31
161.74610677083334,146.9009765625,151.46415364583333,17,25,31
161.75673177083334,146.89304036458333,151.43972005208335,17,25,31
161.73298502604166,146.90939453125,151.54615559895834,17,25,31
161.75690104166668,146.91048828125,151.5035546875,17,25,31
161.74300130208334,146.904765625,151.49564778645833,17,25,31
161.66842447916667,146.90684244791666,151.46865234375,17,25,31
161.73662760416667,146.91859049479166,151.51903971354167,17,25,31
161.666591796875,146.9196875,151.46606119791667,17,25,31
161.677197265625,146.928017578125,151.42026692708333,17,25,31
161.65660481770834,146.895390625,151.41037760416665,17,25,31
161.71651692708335,146.80481119791668,151.3849609375,17,25,31
161.68518880208333,146.80296875,151.47044270833334,17,25,31
161.7018359375,146.79822591145833,151.35098307291668,17,25,31
161.59347330729167,146.78750651041668,151.44002604166667,17,25,31
161.701376953125,146.73408528645834,151.359990234375,17,25,31
161.71419596354167,146.75423502604167,151.30469075520833,17,25,31
161.67403645833335,146.70543294270834,151.35648763020833,17,25,31
161.62418619791666,146.75826822916667,151.34711588541666,17,25,32
161.634853515625,146.6971484375,151.30066731770833,17,25,32
161.663671875,146.685888671875,151.282919921875,17,25,32
161.623251953125,146.73421875,151.26405598958334,17,25,32
161.63533528645834,146.74873372395834,151.31355143229166,17,25,32
161.60844075520833,146.68311197916665,151.286748046875,17,25,32
161.67659830729167,146.71832356770832,151.33663736979167,17,25,32
161.68881510416668,146.69016927083334,151.28305338541668,17,25,32
161.67986328125,146.70173502604166,151.27640950520833,17,25,32
161.676943359375,146.74569010416667,151.29957356770834,17,25,32
161.70421223958334,146.72959309895833,151.259775390625,17,25,32
161.72828125,146.73525390625,151.281806640625,17,25,32
161.71997721354165,146.73536783854166,151.27892252604167,17,25,32
161.61569661458333,146.70096028645833,151.22449544270833,17,25,32
161.63737955729167,146.68871744791667,151.29351236979167,17,25,32
161.67300455729168,146.618349609375,151.31839192708333,17,25,32
161.65197591145832,146.621015625,151.26462239583333,17,25,32
161.65610026041668,146.611640625,151.2526171875,17,25,32
161.64733723958332,146.610927734375,151.23601236979167,17,25,32
161.68009440104166,146.55734375,151.25078450520834,17,25,32
161.64685872395833,146.60637369791667,151.2636328125,17,25,32
161.65056640625,146.62280924479165,151.17854817708334,17,25,32
161.72901041666665,146.59069010416667,151.22005859375,17,25,32
161.680068359375,146.57625651041667,151.26037109375,17,25,32
161.67533203125,146.601630859375,151.255087890625,17,25,32
161.70687174479167,146.60880533854166,151.24342447916666,17,25,33
161.70851888020835,146.62847005208334,151.25637369791667,17,25,33
161.71842122395833,146.62906575520833,151.2258984375,17,25,33
161.68115559895833,146.638798828125,151.24537109375,17,25,33
161.69431640625,146.656865234375,151.278642578125,17,25,33
161.70508138020833,146.64777994791666,151.26998697916667,17,25,33
161.73555989583335,146.651533203125,151.28401041666666,17,25,33
161.72084635416667,146.665361328125,151.27872721354166,17,25,33
161.69408528645835,146.680048828125,151.28074869791666,17,25,33
161.717353515625,146.67228841145834,151.29192057291667,17,25,33
161.630791015625,146.64039388020834,151.20035481770833,17,25,33
161.6959375,146.66088541666667,151.23779622395833,17,25,33
161.675673828125,146.630595703125,151.26106770833334,17,25,33
161.70082356770834,146.604345703125,151.26997395833334,17,25,33
161.68416341145834,146.58728190104168,151.27970377604166,17,25,33
161.68620768229167,146.55373697916667,151.19435872395835,17,25,33
161.70182942708334,146.56783854166667,151.23241536458335,17,25,33
161.694814453125,146.582421875,151.24704752604165,17,25,33
161.73074869791665,146.56505859375,151.23804036458333,17,25,33
161.68009765625,146.59350260416667,151.23789713541666,17,25,33
161.66284830729165,146.62656901041666,151.21021484375,17,25,33
161.70147786458332,146.616806640625,151.278388671875,17,25,33
161.68714192708333,146.64263997395832,151.340029296875,17,25,33
161.734951171875,146.61285481770832,151.28942057291667,17,25,33
161.73754557291667,146.63648111979165,151.247021484375,17,25,33
161.71482747395834,146.66907552083333,151.29595377604167,17,25,34
161.73849934895833,146.68038411458335,151.33869466145833,17,25,34
161.740947265625,146.7002734375,151.27076822916666,17,25,34
161.69248372395833,146.71066731770833,151.31463216145832,17,25,34
161.705634765625,146.68588541666668,151.24034505208334,17,25,34
161.65149088541668,146.694521484375,151.301181640625,17,25,34
161.71013346354167,146.67517903645833,151.30346354166667,17,25,34
161.73466145833333,146.64690755208332,151.26722981770834,17,25,34
161.677919921875,146.650029296875,151.29177083333335,17,25,34
161.69134114583332,146.611181640625,151.24599934895832,17,25,34
161.71600911458333,146.57872395833334,151.28401692708334,17,25,34
161.739404296875,146.550400390625,151.27941731770832,17,25,34
161.68993815104167,146.52807942708333,151.24269205729166,17,25,34
161.67513671875,146.57231770833334,151.20359700520834,17,25,34
161.652314453125,146.576962890625,151.23629231770835,17,25,34
161.65740885416668,146.52395833333333,151.26179036458333,17,25,34
161.68487630208332,146.52753255208333,151.16311197916667,17,25,34
161.728173828125,146.51287760416668,151.20292643229166,17,25,34
161.629990234375,146.49734700520833,151.18134114583333,17,25,34
161.65173177083332,146.537783203125,151.16216471354167,17,25,34
161.68904622395834,146.53087890625,151.27682942708333,17,25,34
161.675947265625,146.567119140625,151.25133138020834,17,25,34
161.752939453125,146.52405924479166,151.25873372395833,17,25,34
161.72941731770834,146.5135546875,151.24618815104168,17,25,34
161.728955078125,146.56838541666667,151.21314453125,17,25,34
161.69330403645833,146.60453450520833,151.32492838541665,17,25,35
161.712783203125,146.56371744791667,151.24287760416667,17,25,35
161.64071940104168,146.57223958333333,151.203232421875,17,25,35
161.694111328125,146.56151041666666,151.22427408854168,17,25,35
161.681923828125,146.47930338541667,151.16901041666668,17,25,35
161.618583984375,146.49582356770833,151.17438802083333,17,25,35
161.62800130208333,146.43376302083334,151.166142578125,17,25,35
161.61383138020832,146.41510091145832,151.08941731770832,17,25,35
161.635810546875,146.39957356770833,151.13116861979168,17,25,35
161.63046549479168,146.39180338541667,151.05010091145834,17,25,35
161.637470703125,146.39279296875,151.07659505208332,17,25,35
161.6126171875,146.38635091145832,151.069267578125,17,25,35
161.54601888020832,146.4189453125,151.09693359375,17,25,35
161.62795247395835,146.38861653645833,151.0623828125,17,25,35
161.621650390625,146.36161783854166,151.02934244791666,17,25,35
161.60810546875,146.359580078125,151.05045247395833,17,25,35
161.63187825520833,146.34681640625,151.02129557291667,17,25,35
161.623115234375,146.351650390625,151.11741861979166,17,25,35
161.60215494791666,146.3682421875,150.99938802083332,17,25,35
161.63694010416665,146.40826822916668,150.969638671875,17,25,35
161.59382161458333,146.38948567708334,151.07868815104166,17,25,35
161.60761067708333,146.39710286458333,150.98520182291668,17,25,35
161.588388671875,146.37158854166665,150.987119140625,17,25,35
161.63569661458334,146.39986328125,151.04712565104165,17,25,35
161.627353515625,146.3840234375,151.05533203125,17,25,35
161.58026041666668,146.36234049479165,151.05006510416666,17,25,36
161.544560546875,146.316142578125,151.007607421875,17,25,36
161.59127278645835,146.29056640625,150.987080078125,17,25,36
161.58013671875,146.25951497395835,150.95062174479168,17,25,36
161.59090494791667,146.26224934895833,150.96599934895832,17,25,36
161.61368489583333,146.24553059895834,151.00306315104166,17,25,36
161.58352864583333,146.26008463541666,150.98136067708333,17,25,36
161.55720377604166,146.24774088541668,150.92192708333334,17,25,36
161.58113606770834,146.26080078125,150.94776041666665,17,25,36
161.60757486979168,146.26116536458332,150.91845052083335,17,25,36
161.6108984375,146.23398763020833,150.98616536458334,17,25,36
161.64759114583333,146.26578450520833,150.97783854166667,17,25,36
161.64580729166667,146.2496484375,150.9462890625,17,25,36
161.63333984375,146.26826171875,151.01988932291667,17,25,36
161.6448828125,146.26742838541668,150.92056966145833,17,25,36
161.6002734375,146.28721028645833,150.99136067708332,17,25,36
161.70125325520834,146.27284505208334,150.99298828125,17,25,36
161.644697265625,146.318076171875,151.006806640625,17,25,36
161.62327799479166,146.285029296875,151.01635091145835,17,25,36
161.67666341145832,146.33558919270834,151.04314778645832,17,25,36
161.65578776041667,146.318994140625,151.031923828125,17,25,36
161.65004557291667,146.30939453125,150.96526692708332,17,25,36
161.68772135416665,146.26229166666667,151.01434895833333,17,25,36
161.68553059895834,146.2517578125,150.98192057291666,17,25,36
161.65091796875,146.23839192708334,151.02454752604166,17,25,36
161.62707356770832,146.23767252604168,151.01076497395835,17,25,37
161.630048828125,146.19865559895834,150.92856770833333,17,25,37
161.64137369791666,146.25649739583332,151.00244140625,17,25,37
161.65347981770833,146.23306640625,150.93935872395832,17,25,37
161.63833658854168,146.233916015625,150.96719401041668,17,25,37
161.63817057291666,146.28256510416668,151.034296875,17,25,37
161.64988606770834,146.236103515625,150.99443359375,17,25,37
161.63591145833334,146.251142578125,150.967490234375,17,25,37
161.61626627604167,146.26947916666666,151.03477864583334,17,25,37
161.64409505208334,146.29854166666667,150.93845377604165,17,25,37
161.6933203125,146.27421549479166,151.01138671875,17,25,37
161.67780924479166,146.30699544270834,150.99403971354167,17,25,37
161.69300130208333,146.304228515625,151.05792317708332,17,25,37
161.69092447916665,146.29290690104168,151.094306640625,17,25,37
161.65751302083333,146.35319010416666,151.02850911458333,17,25,37
161.64277994791667,146.35933268229167,151.05695963541666,17,25,37
161.64957356770833,146.32414713541667,151.05521809895833,17,25,37
161.637890625,146.35320638020832,151.05275390625,17,25,37
161.63294270833333,146.278310546875,150.97903971354165,17,25,37
161.657509765625,146.27223307291666,151.035244140625,17,25,37
161.69785807291666,146.24597330729168,150.97848307291667,17,25,37
161.63705403645832,146.21625325520833,150.97195963541665,17,25,37
161.64656575520834,146.20171549479167,150.95822265625,17,25,37
161.64732421875,146.20666015625,150.942236328125,17,25,37
161.632373046875,146.23034505208332,150.99309244791667,17,25,37
161.59682942708332,146.218232421875,151.00344075520835,17,25,38
161.59123372395834,146.19740559895834,150.98942708333334,17,25,38
161.65806640625,146.19917317708334,150.98619791666667,17,25,38
161.616806640625,146.235224609375,150.91289388020834,17,25,38
161.59238606770833,146.19215169270834,150.94036458333332,17,25,38
161.614775390625,146.20061848958332,150.949501953125,17,25,38
161.6265234375,146.23001627604165,150.93888346354166,17,25,38
161.65332356770833,146.218095703125,150.944697265625,17,25,38
161.6528515625,146.22615559895834,150.99394856770834,17,25,38
161.699140625,146.22169596354166,150.98270833333333,17,25,38
161.64033203125,146.262421875,150.9552734375,17,25,38
161.62659830729166,146.30989583333334,151.03682942708335,17,25,38
161.69611979166666,146.29512369791667,151.07080078125,17,25,38
161.60216471354167,146.29382161458332,151.01206380208333,17,25,38
161.69526041666666,146.26302083333334,151.01092122395832,17,25,38
161.651875,146.23696940104168,150.98374674479166,17,25,38
161.67703125,146.268095703125,150.970751953125,17,25,38
161.64142252604168,146.20796223958334,150.93987630208332,17,25,38
161.65709635416667,146.14217447916667,150.88700520833333,17,25,38
161.650146484375,146.15539713541668,150.96540690104166,17,25,38
161.62550455729166,146.13169270833333,150.97490885416667,17,25,38
161.65587890625,146.122509765625,150.93170572916668,17,25,38
161.63785807291666,146.137158203125,150.89027018229166,17,25,38
161.62663411458334,146.1343359375,150.881484375,17,25,38
161.60834309895833,146.10535807291666,150.888330078125,17,25,38
161.542724609375,146.131328125,150.84114583333334,17,25,39
161.631865234375,146.12836588541666,150.915,17,25,39
161.61030598958334,146.11598958333335,150.92918294270834,17,25,39
161.66215494791666,146.13505533854166,150.90384765625,17,25,39
161.60145833333334,146.13350260416667,150.87924153645832,17,25,39
161.60952799479168,146.1517578125,150.88133138020834,17,25,39
161.60812825520833,146.13578450520833,150.90954427083332,17,25,39
161.61512044270833,146.137587890625,150.84396484375,17,25,39
161.63552408854167,146.2014453125,150.86113606770834,17,25,39
161.66698567708335,146.19282552083334,150.85119466145832,17,25,39
161.59623046875,146.190517578125,150.88638346354168,17,25,39
161.60951822916667,146.16012044270835,150.89512044270833,17,25,39
161.63599934895834,146.101318359375,150.911884765625,17,25,39
161.58290364583334,146.09593098958334,150.874775390625,17,25,39
161.64930989583334,146.06621419270834,150.81044596354167,17,25,39
161.60566080729166,146.03730794270834,150.80566731770833,17,25,39
161.601181640625,145.99255859375,150.81109700520832,17,25,39
161.649453125,145.984638671875,150.80138671875,17,25,39
161.57810872395834,146.01663411458333,150.84382486979166,17,25,39
161.719697265625,145.973701171875,151.03166666666667,17,25,39
161.69638671875,145.94412109375,150.961455078125,17,25,39
161.71708333333333,145.98256510416667,150.98734700520833,17,25,39
161.75551432291667,145.92557291666665,150.914326171875,17,25,39
161.731162109375,145.95756510416666,150.92787760416667,17,25,39
161.56651692708334,145.99958333333333,150.762841796875,17,25,39
161.555234375,146.03119791666666,150.79970703125,17,25,40
161.56336263020833,145.995859375,150.74340169270835,17,25,40
161.55700520833332,146.02829752604165,150.75805013020835,17,25,40
161.58513997395832,146.06735026041667,150.83924479166666,17,25,40
161.577265625,146.08202473958335,150.804013671875,17,25,40
161.575908203125,146.05917317708332,150.794990234375,17,25,40
161.55865885416668,146.068779296875,150.87078450520832,17,25,40
161.57748046875,146.106142578125,150.81583984375,17,25,40
161.54794921875,146.11169921875,150.812255859375,17,25,40
161.62573567708333,146.00552408854168,150.81577799479166,17,25,40
161.61986653645835,146.02033528645833,150.88195963541668,17,25,40
161.57153971354165,146.00294921875,150.80509114583333,17,25,40
161.58694661458333,146.01904947916665,150.83560546875,17,25,40
161.582392578125,146.03595703125,150.806689453125,17,25,40
161.73984375,145.93768229166668,150.941162109375,17,25,40
161.72564778645832,145.99916015625,150.989130859375,17,25,40
161.761845703125,145.95806315104167,150.93687825520834,17,25,40
161.70060546875,146.00771158854167,151.008017578125,17,25,40
161.75463216145835,145.98011393229166,151.01033203125,17,25,40
161.579169921875,146.04074869791665,150.79541015625,17,25,40
161.56681966145834,146.03052734375,150.8187890625,17,25,40
161.59288411458334,146.06151692708335,150.81355143229166,17,25,40
161.576220703125,146.04922200520832,150.80013346354167,17,25,40
161.5592578125,146.07700520833333,150.83516927083335,17,25,40
161.58289713541666,146.084580078125,150.78255533854167,17,25,40
161.62444010416667,146.10497721354167,150.90930338541668,17,25,41
161.59410481770834,146.09693684895834,150.86791341145835,17,25,41
161.63946940104168,146.118291015625,150.92578776041665,17,25,41
161.56179361979167,146.13761393229166,150.92266927083332,17,25,41
161.58762369791665,146.12725911458332,150.883330078125,17,25,41
161.609501953125,146.14130859375,150.94790364583332,17,25,41
161.58326497395834,146.119404296875,150.92025716145832,17,25,41
161.55696614583334,146.09654947916667,150.90768880208333,17,25,41
161.57701822916667,146.0603125,150.83145182291668,17,25,41
161.56571614583333,146.033154296875,150.797158203125,17,25,41
161.47658528645835,146.07082682291667,150.84396158854167,17,25,41
161.57016276041668,146.03894205729168,150.88753580729167,17,25,41
161.54723307291667,146.01966796875,150.8280078125,17,25,41
161.557421875,146.03448893229168,150.85287109375,17,25,41
161.542802734375,146.036123046875,150.82727864583333,17,25,41
161.511982421875,146.03299479166665,150.8071875,17,25,41
161.50692057291667,146.02198893229166,150.77359700520833,17,25,41
161.503408203125,146.02227864583332,150.78450520833334,17,25,41
161.508671875,146.04250651041667,150.82488606770832,17,25,41
161.566943359375,146.03578125,150.84870442708333,17,25,41
161.51583984375,146.0608203125,150.79792317708333,17,25,41
161.508994140625,146.049296875,150.81430013020832,17,25,41
161.58483723958332,146.06176106770835,150.88737955729167,17,25,41
161.58235677083334,146.08125651041667,150.869130859375,17,25,41
161.55169921875,146.13304036458334,150.807529296875,17,25,41
161.62218098958334,146.11479166666666,150.843271484375,17,25,42
161.540654296875,146.12728841145832,150.9298046875,17,25,42
161.54724934895833,146.12499348958335,150.918955078125,17,25,42
161.53819010416666,146.1230078125,150.890439453125,17,25,42
161.52933919270833,146.115732421875,150.83796875,17,25,42
161.51766927083332,146.10179036458334,150.81489908854167,17,25,42
161.55787109375,146.03963541666667,150.851015625,17,25,42
161.49019205729167,146.02140950520834,150.7827734375,17,25,42
161.51085611979167,146.02152018229165,150.76529622395833,17,25,42
161.52251953125,146.01462890625,150.79190755208333,17,25,42
161.48901692708333,146.05345377604166,150.72584309895834,17,25,42
161.51081380208333,146.04118489583334,150.81876302083333,17,25,42
161.52899739583333,146.02558919270834,150.806630859375,17,25,42
161.51,146.02386393229168,150.77492838541667,17,25,42
161.53113606770833,146.01044596354166,150.7721484375,17,25,42
161.505634765625,146.02416015625,150.814208984375,17,25,42
161.537421875,146.01123046875,150.80091796875,17,25,42
161.494384765625,146.01851236979167,150.79170572916667,17,25,42
161.524130859375,146.06701171875,150.788291015625,17,25,42
161.68685872395832,145.993486328125,150.96224934895832,17,25,42
161.6408984375,146.01756184895834,150.97525065104168,17,25,42
161.70170572916666,146.04318359375,150.97720377604168,17,25,42
161.75002278645835,146.02298177083333,151.02555989583334,17,25,42
161.688046875,146.05346354166667,150.94146158854167,17,25,42
161.56990234375,146.05899088541668,150.877783203125,17,25,42
161.53060546875,146.09829427083332,150.83721028645834,17,25,43
161.52377604166668,146.04884765625,150.79222981770835,17,25,43
161.51869140625,146.03957356770835,150.72449544270833,17,25,43
161.50263346354166,145.988623046875,150.727890625,17,25,43
161.50765625,145.98731770833334,150.72609700520835,17,25,43
161.4686328125,145.99178059895834,150.71081380208332,17,25,43
161.48029296875,145.99609375,150.71588541666668,17,25,43
161.49127278645832,145.96888997395834,150.742294921875,17,25,43
161.52836588541666,145.96357747395834,150.66339518229168,17,25,43
161.50115559895832,145.961025390625,150.71810546875,17,25,43
161.493095703125,145.99871744791668,150.66620442708333,17,25,43
161.51243489583334,145.98768229166666,150.686513671875,17,25,43
161.51797200520832,145.98104817708332,150.77923502604168,17,25,43
161.48158854166667,145.975078125,150.712890625,17,25,43
161.5310546875,145.95472981770834,150.73637044270833,17,25,43
161.54185546875,145.96640950520833,150.708828125,17,25,43
161.52044270833332,145.98252278645833,150.801533203125,17,25,43
161.50995768229166,145.99183919270834,150.75269856770834,17,25,43
161.4838671875,146.05894205729166,150.77386393229168,17,25,43
161.52711588541666,146.04650390625,150.719921875,17,25,43
161.56985677083333,146.02673828125,150.714951171875,17,25,43
161.54150390625,146.00622395833332,150.77266276041667,17,25,43
161.51438802083334,146.04785481770833,150.74452473958334,17,25,43
161.48037760416668,146.030908203125,150.71978190104167,17,25,43
161.55714192708334,146.02200520833333,150.74249348958332,17,25,43
161.48227213541668,146.01770833333333,150.72506510416667,17,25,44
161.50541341145833,145.97109375,150.71361653645835,17,25,44
161.49139322916668,145.99031575520834,150.71572265625,17,25,44
161.52674153645833,145.96222005208332,150.76707356770834,17,25,44
161.51196940104165,145.95897135416666,150.71731770833333,17,25,44
161.4960546875,146.01086588541668,150.79955078125,17,25,44
161.56018880208333,145.98884440104166,150.7214453125,17,25,44
161.52237955729166,145.998955078125,150.73078776041666,17,25,44
161.53981770833335,146.04177083333335,150.70428059895832,17,25,44
161.53513020833333,146.04748697916668,150.79423502604166,17,25,44
161.52304361979168,146.014951171875,150.76100911458335,17,25,44
161.499228515625,146.08588216145833,150.78879231770833,17,25,44
161.54307291666666,146.08896484375,150.740234375,17,25,44
161.554443359375,146.10001302083333,150.84961263020833,17,25,44
161.54915690104167,146.123095703125,150.79078450520834,17,25,44
161.50685546875,146.12519856770834,150.81472005208335,17,25,44
161.5215234375,146.12211263020833,150.8535546875,17,25,44
161.5196484375,146.1692578125,150.863134765625,17,25,44
161.56019856770834,146.13898111979168,150.85225911458335,17,25,44
161.5624609375,146.15158203125,150.84899088541667,17,25,44
161.59105143229166,146.14281901041667,150.85965169270833,17,25,44
161.522138671875,146.15267903645832,150.91656575520832,17,25,44
161.59009114583333,146.12942708333333,150.793544921875,17,25,44
161.59201171875,146.07452473958332,150.83876627604167,17,25,44
161.54231119791666,146.07601888020832,150.91806966145833,17,25,44
161.57112630208334,146.09639973958335,150.87692057291667,17,25,45
161.56982421875,146.097265625,150.82229166666667,17,25,45
161.539697265625,146.10339192708332,150.76122721354167,17,25,45
161.5957421875,146.10076171875,150.88024739583332,17,25,45
161.50570963541668,146.11021158854166,150.84598958333333,17,25,45
161.58437825520832,146.097998046875,150.83792643229165,17,25,45
161.58108723958333,146.10819010416665,150.89569661458333,17,25,45
161.58491536458334,146.08236979166668,150.82825520833333,17,25,45
161.59568359375,146.13117838541666,150.86236653645832,17,25,45
161.575283203125,146.119697265625,150.90494466145833,17,25,45
161.604609375,146.14507161458334,150.859775390625,17,25,45
161.58273763020833,146.13787434895832,150.8887109375,17,25,45
161.58818033854166,146.15847005208335,150.931630859375,17,25,45
161.5541015625,146.18932942708332,150.92135416666667,17,25,45
161.57895182291668,146.21801432291667,150.94587565104166,17,25,45
161.56038411458334,146.20416015625,150.85398111979165,17,25,45
161.54582356770834,146.21015950520834,150.95976888020834,17,25,45
161.58306315104167,146.200771484375,150.87590169270834,17,25,45
161.56795572916667,146.162890625,150.90919921875,17,25,45
161.57955078125,146.13176106770834,150.85996419270833,17,25,45
161.56300130208334,146.14220377604167,150.88800455729168,17,25,45
161.51087890625,146.11500651041666,150.86134440104166,17,25,45
161.54883138020833,146.08029947916665,150.87348307291666,17,25,45
161.55021484375,146.10515625,150.84106770833333,17,25,45
161.58738606770834,146.07677083333334,150.83211588541667,17,25,45
161.57187174479168,146.07406575520832,150.86187174479167,17,25,46
161.55637369791665,146.08648111979167,150.81064453125,17,25,46
161.564140625,146.051474609375,150.858583984375,17,25,46
161.580810546875,146.090791015625,150.77927408854165,17,25,46
161.56236979166667,146.08441080729168,150.838828125,17,25,46
161.58326171875,146.07266276041668,150.894716796875,17,25,46
161.576220703125,146.110185546875,150.88299479166668,17,25,46
161.58108723958333,146.12579427083332,150.879482421875,17,25,46
161.58061197916666,146.14513346354167,150.88740885416667,17,25,46
161.550556640625,146.12867838541666,150.904677734375,17,25,46
161.52289713541666,146.178271484375,150.87871744791667,17,25,46
161.55500325520833,146.185673828125,150.83318684895832,17,25,46
161.592294921875,146.18310221354167,150.900302734375,17,25,46
161.61389322916668,146.18841796875,150.91360677083333,17,25,46
161.58970703125,146.20575520833333,150.91027018229167,17,25,46
161.59287434895833,146.138408203125,150.88747395833335,17,25,46
161.59133463541667,146.12744791666665,150.79330729166668,17,25,46
161.51822591145833,146.12322265625,150.813359375,17,25,46
161.57262044270834,146.085029296875,150.8291796875,17,25,46
161.54117838541666,146.08049479166667,150.83333333333334,17,25,46
161.43451171875,146.084853515625,150.87602213541666,17,25,46
161.49510091145834,146.08167317708333,150.81620768229166,17,25,46
161.53299153645833,146.06078776041667,150.88060546875,17,25,46
161.53369466145833,146.0232421875,150.77311848958334,17,25,46
161.45638997395832,146.06595377604165,150.74279622395832,17,25,46
161.49586263020834,146.0240625,150.75677734375,17,25,47
161.510439453125,146.00295247395835,150.81303385416666,17,25,47
161.46951497395833,146.05111979166668,150.74341471354165,17,25,47
161.49901041666666,146.02783854166665,150.74236002604167,17,25,47
161.51174153645835,146.02021158854166,150.75228190104167,17,25,47
161.50877604166666,146.02953450520835,150.76321940104165,17,25,47
161.48455729166668,146.06447591145835,150.76854817708335,17,25,47
161.57722981770834,146.04752604166666,150.831298828125,17,25,47
161.54734375,146.08364583333332,150.751513671875,17,25,47
161.55464192708334,146.06126953125,150.78523111979166,17,25,47
161.506083984375,146.05694010416667,150.74430338541666,17,25,47
161.56679361979167,146.08010416666667,150.76295247395834,17,25,47
161.49446614583334,146.028818359375,150.77817057291668,17,25,47
161.470634765625,145.99668294270833,150.69432291666666,17,25,47
161.52462565104167,145.98970703125,150.79369140625,17,25,47
161.51609049479165,145.95837890625,150.698125,17,25,47
161.52166015625,145.92694986979166,150.68267903645832,17,25,47
161.48138671875,145.96067057291665,150.69856119791666,17,25,47
161.51900716145835,145.95978190104168,150.727509765625,17,25,47
161.53578776041667,145.91162760416665,150.73570638020834,17,25,47
161.51548177083333,145.94431966145834,150.69004231770833,17,25,47
161.54035481770833,145.94888997395833,150.66359700520835,17,25,47
161.46903971354166,145.95340169270833,150.66944986979166,17,25,47
161.48678385416667,145.962001953125,150.73373372395832,17,25,47
161.68713541666668,145.94732747395832,150.8727734375,17,25,47
161.653544921875,145.940654296875,150.96760416666666,17,25,48
161.67721354166667,145.93768229166668,150.91365885416667,17,25,48
161.737314453125,145.95784830729167,150.89067057291666,17,25,48
161.69126627604166,145.98890299479166,151.024072265625,17,25,48
161.71626302083334,146.01158528645834,150.959111328125,17,25,48
161.67785807291668,146.03978515625,150.94667643229167,17,25,48
161.72942057291667,146.06184895833334,150.956484375,17,25,48
161.71798502604167,146.05974934895832,150.97234375,17,25,48
161.66989908854165,146.03631510416668,150.99568033854166,17,25,48
161.53814453125,146.06362630208332,150.79007486979165,17,25,48
161.60707682291667,146.07075520833334,150.82763671875,17,25,48
161.54986653645832,146.026162109375,150.78834635416666,17,25,48
161.54505859375,146.001845703125,150.78826822916668,17,25,48
161.51548177083333,146.02656901041667,150.79282877604166,17,25,48
161.73366861979167,145.95638020833334,150.96930338541668,17,25,48
161.67229817708332,145.98416341145833,150.88808919270832,17,25,48
161.71762369791668,145.97252604166667,150.935087890625,17,25,48
161.63584635416666,145.961533203125,150.96660481770834,17,25,48
161.68353841145833,145.97950846354166,150.93506184895833,17,25,48
161.72659830729165,145.97440755208333,150.90036783854165,17,25,48
161.69576497395835,146.00345703125,150.98647786458332,17,25,48
161.774892578125,145.97954427083334,150.95578450520833,17,25,48
161.72337890625,146.00375,150.93954752604168,17,25,48
161.724873046875,145.98895833333333,151.02587565104167,17,25,48
161.55880533854167,146.05265299479166,150.82072916666667,17,25,48
161.57693359375,146.07859700520834,150.79226888020833,17,25,49
161.587177734375,146.08999348958332,150.81201171875,17,25,49
161.57469075520834,146.11292643229166,150.819482421875,17,25,49
161.612734375,146.12264973958332,150.85772135416667,17,25,49
161.57175455729165,146.12024739583333,150.78645182291666,17,25,49
161.61775390625,146.091376953125,150.86927734375,17,25,49
161.59752278645834,146.05149088541665,150.799560546875,17,25,49
161.56479817708333,146.09924479166668,150.78392903645835,17,25,49
161.51471028645832,146.09009114583333,150.793681640625,17,25,49
161.56967122395832,146.041484375,150.75759114583335,17,25,49
161.5548046875,146.01922200520832,150.81328776041667,17,25,49
161.59356770833332,146.00511067708334,150.8169140625,17,25,49
161.546923828125,145.98603515625,150.73804361979165,17,25,49
161.54675455729168,146.00040690104166,150.77092122395834,17,25,49
161.55625651041666,145.99596354166667,150.82871744791666,17,25,49
161.56449869791666,145.99029622395832,150.772353515625,17,25,49
161.55669270833334,145.96194986979165,150.77930013020833,17,25,49
161.57883138020833,145.9827734375,150.79322265625,17,25,49
161.533388671875,145.98442057291666,150.73949869791667,17,25,49
161.728564453125,145.95405924479167,150.913779296875,17,25,49
161.67049153645834,145.97802408854167,150.862548828125,17,25,49
161.64748697916667,146.00217447916665,150.99766927083334,17,25,49
161.70259765625,145.989365234375,150.91935221354166,17,25,49
161.73116536458335,146.03208658854166,150.880546875,17,25,49
161.53455403645833,146.050625,150.79457682291667,17,25,49
161.57353841145834,146.08702473958334,150.76605143229168,17,25,50
161.5815234375,146.095244140625,150.80237955729166,17,25,50
161.575732421875,146.07848958333332,150.80880859375,17,25,50
161.550869140625,146.04865885416666,150.79521484375,17,25,50
161.5662890625,146.06993489583334,150.82171549479168,17,25,50
161.53521484375,146.00649739583332,150.78607096354168,17,25,50
161.57705403645832,145.99379231770834,150.79675130208332,17,25,50
161.51404947916666,145.9603125,150.73011393229166,17,25,50
161.531181640625,145.94920572916666,150.67994791666666,17,25,50
161.6566015625,145.92764322916668,150.86131510416666,17,25,50
161.71655598958333,145.87838541666667,150.91671223958335,17,25,50
161.68312174479166,145.91712565104166,150.94550130208333,17,25,50
161.66916666666665,145.89704752604166,150.80115885416666,17,25,50
161.66835286458334,145.87778645833333,150.75414388020835,17,25,50
161.69659505208332,145.88239583333333,150.93263346354166,17,25,50
161.6488671875,145.86531575520834,150.86246744791666,17,25,50
161.65607096354168,145.86634114583333,150.84745768229166,17,25,50
161.67619791666667,145.91583333333332,150.85175130208333,17,25,50
161.68296549479166,145.87571614583334,150.86001302083332,17,25,50
161.51360677083332,145.91500651041667,150.67775716145835,17,25,50
161.48305013020834,145.93376627604167,150.724482421875,17,25,50
161.52031575520834,145.94597330729167,150.619697265625,17,25,50
161.53924153645832,145.96964192708333,150.62710286458332,17,25,50
161.48636067708333,146.02262369791666,150.70119140625,17,25,50
161.675849609375,145.9480859375,150.832724609375,17,25,50
161.68903971354166,145.94103841145832,150.88348958333333,17,25,51
161.67154296875,145.93294270833334,150.8113671875,17,25,51
161.60328776041666,145.89683268229166,150.79501627604168,17,25,51
161.61666341145835,145.898212890625,150.74914388020832,17,25,51
161.59097005208332,145.87350260416667,150.80045247395833,17,25,51
161.60155598958335,145.82880859375,150.84074544270834,17,25,51
161.6513671875,145.822900390625,150.77249348958333,17,25,51
161.60701171875,145.82195638020832,150.77156901041667,17,25,51
161.63005859375,145.82129557291665,150.79706705729166,17,25,51
161.66229166666668,145.82286458333334,150.77482747395834,17,25,51
161.63892903645834,145.81471354166666,150.73150065104167,17,25,51
161.66161783854167,145.80893229166668,150.774833984375,17,25,51
161.62131184895833,145.81874674479167,150.760390625,17,25,51
161.645166015625,145.81102213541666,150.75694986979167,17,25,51
161.509130859375,145.8796875,150.59234375,17,25,51
161.501396484375,145.85101236979168,150.62656901041666,17,25,51
161.47274739583332,145.91997721354167,150.60282877604166,17,25,51
161.46631510416665,145.92159505208335,150.61685546875,17,25,51
161.48495442708332,145.90374674479168,150.58825520833332,17,25,51
161.65872395833333,145.894130859375,150.88970377604167,17,25,51
161.66653645833333,145.91336588541665,150.78590494791666,17,25,51
161.72324869791666,145.92037109375,150.83543294270834,17,25,51
161.670322265625,145.9616015625,150.80421875,17,25,51
161.67136393229165,145.92393229166666,150.81974609375,17,25,51
161.56283203125,145.96677408854165,150.57523111979165,17,25,51
161.51315755208333,145.95776692708333,150.7104296875,17,25,52
161.49491861979166,145.92555338541666,150.64671223958334,17,25,52
161.53262044270832,145.91658528645834,150.64620442708335,17,25,52
161.52328776041668,145.89017903645833,150.59743815104167,17,25,52
161.53785481770834,145.88888671875,150.61583984375,17,25,52
161.53918294270832,145.903759765625,150.62726236979168,17,25,52
161.53885416666665,145.91258138020834,150.69855794270833,17,25,52
161.544248046875,145.91930989583332,150.65965494791666,17,25,52
161.54589192708335,145.88478190104166,150.607919921875,17,25,52
161.57041666666666,145.90548828125,150.64896484375,17,25,52
161.56319986979167,145.856318359375,150.63611328125,17,25,52
161.53090169270834,145.89409505208334,150.59248046875,17,25,52
161.530439453125,145.90950520833334,150.56992838541666,17,25,52
161.540625,145.92498697916668,150.66209309895834,17,25,52
161.6868359375,145.88903645833332,150.792548828125,17,25,52
161.618525390625,145.91316080729166,150.83046223958334,17,25,52
161.67087565104165,145.88939127604166,150.81769856770833,17,25,52
161.71295572916668,145.935791015625,150.848818359375,17,25,52
161.66853190104166,145.97677408854167,150.87832356770832,17,25,52
161.53079427083333,146.00771809895832,150.66599283854165,17,25,52
161.53515299479167,145.991279296875,150.78433919270833,17,25,52
161.559375,145.97609375,150.67569661458333,17,25,52
161.502568359375,145.93719075520832,150.71987630208332,17,25,52
161.53316080729167,145.96119140625,150.68263346354166,17,25,52
161.66698893229167,145.86489583333332,150.83314778645834,17,25,52
161.731552734375,145.88322265625,150.86122721354167,17,25,53
161.66949544270832,145.84902994791668,150.849501953125,17,25,53
161.71935872395832,145.84810872395835,150.7764453125,17,25,53
161.728994140625,145.82357421875,150.79566731770834,17,25,53
161.69835286458334,145.813232421875,150.843583984375,17,25,53
161.68954427083332,145.85207356770835,150.77355794270832,17,25,53
161.6509375,145.80638346354166,150.80741536458333,17,25,53
161.681806640625,145.83468098958335,150.81574544270833,17,25,53
161.66137369791667,145.85509440104167,150.79068684895833,17,25,53
161.740927734375,145.86101888020832,150.81623372395833,17,25,53
161.72011393229167,145.83333333333334,150.79441731770834,17,25,53
161.68333658854166,145.856494140625,150.74361653645835,17,25,53
161.72857747395832,145.84539713541668,150.80988932291666,17,25,53
161.64982096354166,145.90554036458335,150.82546223958335,17,25,53
161.67291015625,145.90561848958333,150.78558268229168,17,25,53
161.67197916666666,145.90639322916667,150.79466796875,17,25,53
161.73784830729167,145.89309244791667,150.81662434895833,17,25,53
161.761845703125,145.91608072916668,150.89079427083334,17,25,53
161.66537760416668,145.976318359375,150.86978515625,17,25,53
161.558125,145.93496419270832,150.64096354166668,17,25,53
161.49317708333334,145.93062174479167,150.70046875,17,25,53
161.521728515625,145.93951497395832,150.66817057291667,17,25,53
161.468466796875,145.90059244791667,150.66129557291666,17,25,53
161.53292317708335,145.85883463541666,150.63344075520834,17,25,53
161.55174479166666,145.78193359375,150.55689127604165,17,25,53
161.50420247395834,145.84275390625,150.57879557291668,17,25,54
161.51957356770833,145.81201497395833,150.55406901041667,17,25,54
161.5219140625,145.80693359375,150.57958658854167,17,25,54
161.49159830729167,145.83332682291666,150.6327734375,17,25,54
161.6667578125,145.759658203125,150.73664388020833,17,25,54
161.66250325520832,145.77458333333334,150.67921875,17,25,54
161.59290364583333,145.77978515625,150.79061848958332,17,25,54
161.61666666666667,145.764951171875,150.72927083333335,17,25,54
161.62207356770833,145.77033528645833,150.69391927083333,17,25,54
161.659052734375,145.79730794270833,150.79981119791665,17,25,54
161.62861002604166,145.766025390625,150.67875325520833,17,25,54
161.65707682291668,145.79623697916668,150.772529296875,17,25,54
161.62159505208334,145.81026692708335,150.67941080729167,17,25,54
161.65641927083334,145.82297200520833,150.76262369791667,17,25,54
161.61806640625,145.83394205729167,150.78711263020833,17,25,54
161.59823893229168,145.79716796875,150.65744466145833,17,25,54
161.59786783854167,145.83502604166668,150.72971354166665,17,25,54
161.626494140625,145.79733072916667,150.79549153645834,17,25,54
161.591376953125,145.76553385416668,150.76615234375,17,25,54
161.48931966145832,145.81421875,150.54487630208334,17,25,54
161.42302734375,145.81581705729167,150.604208984375,17,25,54
161.3783984375,145.76931640625,150.51244791666667,17,25,54
161.45409830729167,145.73050130208333,150.46720377604166,17,25,54
161.37709635416667,145.71360026041665,150.48796875,17,25,54
161.59044596354167,145.65955729166666,150.6094921875,17,25,54
161.60736328125,145.66318359375,150.59406901041666,17,25,55
161.58872721354166,145.66483723958333,150.64763997395832,17,25,55
161.555703125,145.69880533854166,150.585029296875,17,25,55
161.58396484375,145.65408528645833,150.561201171875,17,25,55
161.37465494791667,145.694345703125,150.34855143229166,17,25,55
161.39890950520834,145.683427734375,150.36712565104168,17,25,55
161.41552408854167,145.67901692708332,150.39990234375,17,25,55
161.38194661458334,145.699453125,150.43210611979165,17,25,55
161.40555338541665,145.699375,150.41653645833333,17,25,55
161.57310546875,145.63442708333332,150.595185546875,17,25,55
161.52462890625,145.672578125,150.58188802083333,17,25,55
161.59457682291668,145.6701953125,150.61637369791666,17,25,55
161.59777018229167,145.665517578125,150.7059765625,17,25,55
161.61547200520835,145.70357421875,150.64164713541666,17,25,55
161.63181966145834,145.70274739583334,150.61496419270833,17,25,55
161.524384765625,145.737236328125,150.60640299479167,17,25,55
161.58048177083333,145.71197916666668,150.61466145833333,17,25,55
161.55658203125,145.67051106770833,150.57167317708334,17,25,55
161.57470703125,145.629052734375,150.53712239583334,17,25,55
161.57161783854167,145.63265299479167,150.41578450520834,17,25,55
161.64807291666668,145.61128255208334,150.480146484375,17,25,55
161.52307291666668,145.6288671875,150.44951822916667,17,25,55
161.576845703125,145.61715494791667,150.465625,17,25,55
161.59510416666666,145.60886067708333,150.42076497395834,17,25,55
161.56416341145834,145.640380859375,150.57973958333332,17,25,55
161.59269856770834,145.64054036458333,150.6309765625,17,25,56
161.57615234375,145.645302734375,150.63041341145833,17,25,56
161.669462890625,145.64287434895834,150.68209309895835,17,25,56
161.56655924479168,145.64902018229168,150.66341796875,17,25,56
161.6273046875,145.64384440104166,150.65509114583332,17,25,56
161.62673502604167,145.688935546875,150.66273111979166,17,25,56
161.60200846354167,145.672802734375,150.61208658854167,17,25,56
161.62732421875,145.701181640625,150.65511067708334,17,25,56
161.64319661458333,145.69361653645834,150.69986328125,17,25,56
161.607998046875,145.74825846354167,150.69689778645832,17,25,56
161.622431640625,145.78617513020833,150.69512369791667,17,25,56
161.68398763020832,145.77347981770833,150.72346028645833,17,25,56
161.66547526041666,145.793642578125,150.71565755208334,17,25,56
161.66653971354165,145.75720052083332,150.637783203125,17,25,56
161.60704752604167,145.77356119791668,150.71557291666667,17,25,56
161.55546549479166,145.76581380208333,150.6207421875,17,25,56
161.57982421875,145.72632161458333,150.71293294270833,17,25,56
161.57517252604165,145.68428059895834,150.68015950520834,17,25,56
161.56536458333332,145.67730143229167,150.536865234375,17,25,56
161.57880208333333,145.67529296875,150.61949869791667,17,25,56
161.55410481770832,145.62181640625,150.691640625,17,25,56
161.57346028645833,145.66221028645833,150.6670703125,17,25,56
161.552119140625,145.64312825520832,150.636162109375,17,25,56
161.539638671875,145.682080078125,150.701552734375,17,25,56
161.50194010416666,145.65141276041666,150.654736328125,17,25,56
161.550341796875,145.64111653645833,150.61188151041668,17,25,57
161.539677734375,145.660458984375,150.63266927083333,17,25,57
161.55260091145834,145.62442057291668,150.6552734375,17,25,57
161.56452473958333,145.66888671875,150.65472005208332,17,25,57
161.57133138020833,145.67849934895833,150.66302734375,17,25,57
161.53474609375,145.701708984375,150.63325846354167,17,25,57
161.53300130208333,145.74594075520832,150.68948893229165,17,25,57
161.580244140625,145.72956705729166,150.63944010416665,17,25,57
161.6649609375,145.74582356770833,150.73215169270833,17,25,57
161.58327799479167,145.75978515625,150.768828125,17,25,57
161.57244140625,145.80186197916666,150.69614908854166,17,25,57
161.56736328125,145.77130859375,150.751796875,17,25,57
161.544462890625,145.75411783854167,150.730810546875,17,25,57
161.57276041666665,145.70668619791667,150.639951171875,17,25,57
161.5497265625,145.68951822916668,150.71306640625,17,25,57
161.56423828125,145.67792317708333,150.744541015625,17,25,57
161.525556640625,145.633916015625,150.63638997395833,17,25,57
161.5742578125,145.64435872395833,150.617021484375,17,25,57
161.56452799479166,145.63849934895833,150.65966145833335,17,25,57
161.588427734375,145.63216796875,150.65607747395833,17,25,57
161.597861328125,145.63943684895833,150.67573893229167,17,25,57
161.58541666666667,145.62935872395835,150.65421875,17,25,57
161.55426106770832,145.64011393229165,150.58305338541666,17,25,57
161.57521158854166,145.64549479166666,150.66556966145833,17,25,57
161.58691080729167,145.64517252604168,150.61883463541668,17,25,57
161.60571940104165,145.65529622395835,150.59530924479168,17,25,58
161.57368489583334,145.65297526041667,150.668173828125,17,25,58
161.5771484375,145.66068684895833,150.62496419270835,17,25,58
161.559580078125,145.69376302083333,150.64468424479168,17,25,58
161.60168294270832,145.700166015625,150.67606119791665,17,25,58
161.60171875,145.69162109375,150.61554361979168,17,25,58
161.56087565104167,145.69200520833334,150.657060546875,17,25,58
161.55733723958335,145.722880859375,150.62148111979167,17,25,58
161.56068684895834,145.69668294270832,150.64867513020835,17,25,58
161.50963216145834,145.70107747395832,150.62927408854168,17,25,58
161.551181640625,145.73309244791668,150.64243489583333,17,25,58
161.52115885416666,145.6101953125,150.657509765625,17,25,58
161.554345703125,145.62353190104167,150.61615234375,17,25,58
161.56531901041666,145.59407552083334,150.58039388020833,17,25,58
161.55133463541668,145.61353841145834,150.41823567708335,17,25,58
161.56529622395834,145.58725260416668,150.37745442708334,17,25,58
161.58032552083333,145.60751953125,150.404658203125,17,25,58
161.57180338541667,145.55515950520834,150.421083984375,17,25,58
161.57638020833335,145.53286458333332,150.41874674479166,17,25,58
161.54462239583333,145.568837890625,150.55393880208334,17,25,58
161.563818359375,145.54724609375,150.49437174479166,17,25,58
161.516279296875,145.568466796875,150.50069010416667,17,25,58
161.55133463541668,145.56814778645833,150.486875,17,25,58
161.54856119791665,145.540703125,150.48994466145834,17,25,58
161.53205078125,145.57548502604166,150.56190755208334,17,25,58
161.55501627604167,145.5523046875,150.57107096354167,17,25,59
161.54922526041668,145.60457682291667,150.522861328125,17,25,59
161.54742838541668,145.58622395833333,150.52669596354167,17,25,59
161.547587890625,145.6050390625,150.55392903645833,17,25,59
161.55276041666667,145.61874674479168,150.57658854166667,17,25,59
161.53650065104168,145.626689453125,150.61413736979168,17,25,59
161.5255859375,145.67455078125,150.55403645833334,17,25,59
161.49816731770832,145.62711263020833,150.57405924479167,17,25,59
161.53088541666668,145.60716471354166,150.57997721354167,17,25,59
161.59640299479167,145.577021484375,150.60198893229168,17,25,59
161.58369791666667,145.57548828125,150.52356770833333,17,25,59
161.55259114583333,145.58023763020833,150.49240559895833,17,25,59
161.54513346354167,145.53694986979167,150.53045572916668,17,25,59
161.59392578125,145.547099609375,150.61323893229167,17,25,59
161.5915625,145.55610026041666,150.483359375,17,25,59
161.57839192708335,145.577822265625,150.551376953125,17,25,59
161.54872721354167,145.57454752604167,150.65591145833332,17,25,59
161.54413736979166,145.58462239583332,150.56741536458333,17,25,59
161.59495768229166,145.56760416666665,150.51754231770835,17,25,59
161.52088216145833,145.611376953125,150.58168294270834,17,25,59
161.53298828125,145.61710286458333,150.57508463541666,17,25,59
161.50259440104168,145.61873046875,150.490537109375,17,25,59
161.50535481770834,145.65471354166667,150.49648763020832,17,25,59
161.465390625,145.66518880208332,150.475986328125,17,25,59
161.31603841145832,145.62677734375,150.30926106770832,17,25,59
161.36052083333334,145.632548828125,150.2922265625,17,26,0
161.28379231770833,145.63326497395835,150.34916341145833,17,26,0
161.39277669270834,145.64432291666665,150.44201497395832,17,26,0
161.36658203125,145.68725260416667,150.39312174479167,17,26,0
161.47021484375,145.62716471354167,150.34302083333333,17,26,0
161.50896158854167,145.55034505208334,150.31927083333332,17,26,0
161.49590169270834,145.5541015625,150.36370768229168,17,26,0
161.44126627604166,145.59754557291666,150.28148763020835,17,26,0
161.54343098958333,145.58366536458334,150.29196614583333,17,26,0
161.48118489583334,145.5791015625,150.48589518229167,17,26,0
161.49090494791668,145.53160807291667,150.480625,17,26,0
161.48365885416666,145.553671875,150.53326171875,17,26,0
161.48701497395834,145.54317057291667,150.5037109375,17,26,0
161.4880078125,145.53415364583333,150.57887369791666,17,26,0
161.57189778645832,145.53769205729168,150.334541015625,17,26,0
161.51676106770833,145.564384765625,150.35904296875,17,26,0
161.51470377604167,145.56392252604167,150.37308268229165,17,26,0
161.49602864583332,145.592626953125,150.391953125,17,26,0
161.505673828125,145.5772265625,150.35801106770833,17,26,0
161.49723958333334,145.59292643229168,150.59248697916667,17,26,0
161.56736328125,145.612880859375,150.57097330729167,17,26,0
161.54998046875,145.61520182291667,150.62264322916667,17,26,0
161.54625,145.60928059895832,150.562958984375,17,26,0
161.49832682291665,145.59562825520834,150.54999348958333,17,26,0
161.32794921875,145.71585611979165,150.29999674479166,17,26,0
161.347080078125,145.72073567708333,150.30451822916666,17,26,1
161.26857096354166,145.70015299479167,150.27357096354166,17,26,1
161.24708658854166,145.57297200520833,150.3083984375,17,26,1
161.24939778645833,145.52033203125,150.22986002604168,17,26,1
161.39586263020834,145.43572591145832,150.34980794270834,17,26,1
161.39126302083332,145.46785481770834,150.39151041666668,17,26,1
161.388193359375,145.33298828125,150.349482421875,17,26,1
161.4025390625,145.32696614583332,150.2923046875,17,26,1
161.31776692708334,145.341962890625,150.286416015625,17,26,1
161.33578450520832,145.30681315104167,150.07379231770832,17,26,1
161.24349283854167,145.32997395833334,150.00597005208334,17,26,1
161.35810221354166,145.32543619791667,150.17584309895832,17,26,1
161.35458984375,145.30451171875,150.045927734375,17,26,1
161.303505859375,145.4105078125,149.9348046875,17,26,1
161.23595377604167,145.39340494791668,149.99180989583334,17,26,1
161.23961588541667,145.37665364583333,150.018994140625,17,26,1
161.24044596354167,145.40339192708333,150.05908203125,17,26,1
161.280556640625,145.40744466145833,150.05900390625,17,26,1
161.26340494791665,145.40580403645833,150.20216471354166,17,26,1
161.43731770833332,145.4228125,150.13370768229166,17,26,1
161.45644205729167,145.45675455729167,150.072802734375,17,26,1
161.49893229166668,145.41473307291668,150.184345703125,17,26,1
161.53496419270834,145.50111653645834,150.21552734375,17,26,1
161.566962890625,145.49334309895832,150.29892578125,17,26,1
161.51747721354167,145.50254231770833,150.38986002604167,17,26,1
161.52616861979166,145.52406575520834,150.40088541666665,17,26,2
161.48759765625,145.502197265625,150.471142578125,17,26,2
161.548603515625,145.44482096354167,150.45454752604167,17,26,2
161.580234375,145.45722005208333,150.49127604166668,17,26,2
161.49185221354168,145.437802734375,150.199404296875,17,26,2
161.56266927083334,145.41933268229167,150.23921875,17,26,2
161.578017578125,145.43075846354168,150.226181640625,17,26,2
161.57767252604165,145.41727864583333,150.27841796875,17,26,2
161.62478190104167,145.45377278645833,150.12986328125,17,26,2
161.56207356770832,145.42833984375,150.41533854166667,17,26,2
161.574501953125,145.42107747395832,150.40766927083334,17,26,2
161.56467122395833,145.42647135416667,150.348720703125,17,26,2
161.55375,145.445341796875,150.365625,17,26,2
161.53322916666667,145.48586263020835,150.44642252604166,17,26,2
161.633212890625,145.47135416666666,150.24651041666667,17,26,2
161.575556640625,145.47377278645834,150.269638671875,17,26,2
161.558310546875,145.50226236979168,150.21667317708332,17,26,2
161.61576497395833,145.49860026041668,150.30226236979166,17,26,2
161.63444010416666,145.49681640625,150.314521484375,17,26,2
161.59048828125,145.52047526041667,150.30756510416666,17,26,2
161.61696614583335,145.50473307291668,150.28347330729167,17,26,2
161.5901171875,145.53984375,150.27908203125,17,26,2
161.56023111979167,145.55196614583335,150.28485677083333,17,26,2
161.554619140625,145.50067057291668,150.21873046875,17,26,2
161.51063151041666,145.51110677083332,150.45773763020833,17,26,2
161.48565755208332,145.51310221354166,150.39160481770833,17,26,3
161.54783203125,145.50750325520832,150.38705729166668,17,26,3
161.523505859375,145.45709635416668,150.42295572916666,17,26,3
161.52520182291667,145.47989583333333,150.401845703125,17,26,3
161.52902669270833,145.41634440104167,150.41959635416666,17,26,3
161.531240234375,145.463203125,150.40900065104168,17,26,3
161.58711588541667,145.462314453125,150.38401041666665,17,26,3
161.57005208333334,145.48691731770833,150.46200846354168,17,26,3
161.53154947916667,145.51870768229168,150.37814453125,17,26,3
161.597724609375,145.49947591145835,150.259951171875,17,26,3
161.55231119791668,145.53541015625,150.17265625,17,26,3
161.50833333333333,145.585224609375,150.21767903645832,17,26,3
161.492001953125,145.55188151041668,150.27048177083333,17,26,3
161.607705078125,145.50771158854167,150.29390299479167,17,26,3
161.59057942708333,145.54434244791668,150.438583984375,17,26,3
161.541591796875,145.54039388020834,150.42512044270833,17,26,3
161.571416015625,145.57901692708333,150.51825846354166,17,26,3
161.54502604166666,145.61603515625,150.52388020833334,17,26,3
161.54634765625,145.585361328125,150.50390950520833,17,26,3
161.57328776041666,145.57227213541665,150.42676432291665,17,26,3
161.50022135416665,145.61376302083335,150.481865234375,17,26,3
161.59900390625,145.5669140625,150.42935872395833,17,26,3
161.53188802083332,145.568017578125,150.413203125,17,26,3
161.53555013020832,145.58261393229168,150.48007486979168,17,26,3
161.43925455729166,145.53643880208332,150.32122721354168,17,26,3
161.394052734375,145.5987890625,150.346328125,17,26,4
161.40763020833333,145.61518880208334,150.29656901041668,17,26,4
161.45279622395833,145.62671549479165,150.19596028645833,17,26,4
161.44994791666667,145.59855143229166,150.27008138020832,17,26,4
161.46147135416666,145.624521484375,150.33747721354166,17,26,4
161.403359375,145.63017578125,150.34685872395832,17,26,4
161.42955403645834,145.56360677083333,150.38577799479165,17,26,4
161.43007161458334,145.60025390625,150.30276041666667,17,26,4
161.438203125,145.61157552083333,150.241376953125,17,26,4
161.62766927083334,145.55207356770833,150.290224609375,17,26,4
161.59317708333333,145.5558203125,150.377158203125,17,26,4
161.61330078125,145.56291015625,150.35263346354168,17,26,4
161.617236328125,145.6259375,150.38202799479166,17,26,4
161.598515625,145.60918294270834,150.37309244791666,17,26,4
161.61900716145834,145.64287109375,150.412890625,17,26,4
161.58114908854168,145.62612630208332,150.34759440104168,17,26,4
161.62039713541665,145.64472330729166,150.287666015625,17,26,4
161.60021484375,145.623984375,150.450029296875,17,26,4
161.57328125,145.58889973958333,150.31406901041666,17,26,4
161.53501627604166,145.6008984375,150.49197265625,17,26,4
161.60231770833335,145.605185546875,150.52555013020833,17,26,4
161.55295572916665,145.56652018229167,150.42106770833334,17,26,4
161.55430989583334,145.52857096354165,150.47153645833333,17,26,4
161.524462890625,145.57169270833333,150.46221028645834,17,26,4
161.54568684895833,145.50462890625,150.45375651041667,17,26,4
161.53970377604168,145.543408203125,150.50366861979165,17,26,5
161.54837239583333,145.53039388020832,150.492021484375,17,26,5
161.49878255208333,145.54531901041668,150.500419921875,17,26,5
161.544013671875,145.51322591145833,150.39875,17,26,5
161.50744791666668,145.540791015625,150.28461263020833,17,26,5
161.54747395833334,145.53118815104168,150.24574869791667,17,26,5
161.530693359375,145.5439453125,150.33333658854167,17,26,5
161.56894205729168,145.54570963541667,150.28534830729166,17,26,5
161.58541341145835,145.55313151041668,150.3283984375,17,26,5
161.56098958333334,145.624482421875,150.50266927083334,17,26,5
161.57809895833333,145.60260091145832,150.46528645833334,17,26,5
161.612041015625,145.57670572916666,150.51770182291668,17,26,5
161.590478515625,145.61516927083332,150.51949544270835,17,26,5
161.56306315104166,145.64137369791666,150.49631510416665,17,26,5
161.55911458333333,145.63419596354166,150.334951171875,17,26,5
161.49138997395832,145.63525390625,150.29226888020833,17,26,5
161.566796875,145.55985026041665,150.27140299479166,17,26,5
161.54457356770834,145.56520182291666,150.33557942708333,17,26,5
161.52945638020833,145.54205078125,150.249892578125,17,26,5
161.55822591145832,145.52452473958334,150.42216471354166,17,26,5
161.52278971354167,145.533701171875,150.40530924479165,17,26,5
161.476494140625,145.51644856770832,150.40640625,17,26,5
161.50958333333332,145.51790364583334,150.36524739583334,17,26,5
161.510546875,145.48852213541667,150.46291341145835,17,26,5
161.49729166666665,145.50411783854167,150.38590169270833,17,26,5
161.52734375,145.53290364583333,150.40287434895833,17,26,6
161.56131184895833,145.48428385416668,150.45417643229166,17,26,6
161.51876953125,145.51275065104167,150.39373697916668,17,26,6
161.51488606770835,145.48973958333335,150.38807291666666,17,26,6
161.52970052083333,145.48716471354166,150.40901041666666,17,26,6
161.53896809895832,145.50514322916666,150.45285481770833,17,26,6
161.51990885416666,145.55150390625,150.41917317708334,17,26,6
161.59755859375,145.52205403645834,150.424404296875,17,26,6
161.57519205729167,145.53686848958333,150.39701822916666,17,26,6
161.51423828125,145.605615234375,150.24628255208333,17,26,6
161.53359700520832,145.570390625,150.28539713541667,17,26,6
161.49868815104168,145.61121419270833,150.300146484375,17,26,6
161.56486002604166,145.53240234375,150.30630533854168,17,26,6
161.52542643229165,145.526279296875,150.26059895833333,17,26,6
161.50853515625,145.49325520833332,150.46487955729165,17,26,6
161.51444661458333,145.49080403645834,150.454912109375,17,26,6
161.53568033854165,145.5048828125,150.43202799479167,17,26,6
161.51873372395832,145.45202799479168,150.39273763020833,17,26,6
161.52526692708332,145.4844140625,150.41442057291667,17,26,6
161.58121419270833,145.49296223958333,150.29567708333335,17,26,6
161.51492513020833,145.4616015625,150.22192057291667,17,26,6
161.54602213541668,145.52885091145833,150.209267578125,17,26,6
161.55287109375,145.53898763020834,150.27966796875,17,26,6
161.57159830729168,145.507978515625,150.22786458333334,17,26,6
161.530107421875,145.52220052083334,150.22581380208334,17,26,6
161.54878255208334,145.53197916666667,150.22480794270834,17,26,7
161.50355794270834,145.547958984375,150.254853515625,17,26,7
161.51032552083333,145.59767903645835,150.19820963541667,17,26,7
161.514169921875,145.587880859375,150.19853841145834,17,26,7
161.39223958333332,145.620009765625,150.2439453125,17,26,7
161.37304036458335,145.61396158854166,150.23868489583333,17,26,7
161.3718359375,145.635966796875,150.25561197916667,17,26,7
161.389375,145.64751627604167,150.21410481770835,17,26,7
161.3589453125,145.68494466145833,150.19850911458335,17,26,7
161.47263671875,145.63379231770833,150.44738932291668,17,26,7
161.52202799479167,145.59981770833335,150.43464518229166,17,26,7
161.470908203125,145.633125,150.390498046875,17,26,7
161.47851888020833,145.571962890625,150.46332682291666,17,26,7
161.51719075520833,145.58073567708334,150.4219140625,17,26,7
161.51685872395834,145.56111328125,150.44287434895833,17,26,7
161.51605794270833,145.55541015625,150.43659830729166,17,26,7
161.51809895833333,145.53069986979168,150.496416015625,17,26,7
161.53800455729166,145.56050455729167,150.45022786458333,17,26,7
161.51511393229165,145.56539713541667,150.44054036458334,17,26,7
161.521640625,145.58091145833333,150.242802734375,17,26,7
161.489248046875,145.613115234375,150.2764453125,17,26,7
161.50767903645834,145.55683919270834,150.29582356770834,17,26,7
161.44823567708335,145.598564453125,150.2734765625,17,26,7
161.47703125,145.59189127604168,150.29306315104168,17,26,7
161.496806640625,145.589931640625,150.46245442708334,17,26,7
161.48857421875,145.58534830729167,150.47722981770832,17,26,8
161.483759765625,145.62392252604167,150.486220703125,17,26,8
161.47998697916665,145.62894856770833,150.48974609375,17,26,8
161.47210611979168,145.61256510416666,150.48607747395835,17,26,8
161.50913411458333,145.64527018229165,150.34166666666667,17,26,8
161.51095052083335,145.670634765625,150.2801171875,17,26,8
161.429140625,145.67488606770834,150.30049479166667,17,26,8
161.45032552083333,145.65926106770834,150.27371744791665,17,26,8
161.45611979166668,145.65281575520834,150.27976236979165,17,26,8
161.48173177083333,145.60530924479167,150.54410481770833,17,26,8
161.44775716145833,145.60177083333335,150.47673502604167,17,26,8
161.43430338541665,145.53674153645832,150.44966796875,17,26,8
161.45638671875,145.57436848958332,150.43498046875,17,26,8
161.4720703125,145.562353515625,150.46544270833334,17,26,8
161.48717447916667,145.55787109375,150.43748697916666,17,26,8
161.48531575520835,145.59149739583333,150.490693359375,17,26,8
161.50443033854165,145.5726953125,150.44447591145834,17,26,8
161.414306640625,145.55256184895833,150.43790690104166,17,26,8
161.4963671875,145.57469401041666,150.43099934895832,17,26,8
161.49513997395835,145.567080078125,150.305126953125,17,26,8
161.45413736979165,145.55095052083334,150.23508463541665,17,26,8
161.48850911458334,145.57578450520833,150.25073893229165,17,26,8
161.488212890625,145.57578125,150.23952473958335,17,26,8
161.54337239583333,145.587666015625,150.27025065104166,17,26,8
161.50742838541666,145.59830078125,150.4057421875,17,26,8
161.46253255208333,145.62417317708332,150.428583984375,17,26,9
161.47868489583334,145.62320638020833,150.40521809895833,17,26,9
161.44833333333332,145.63465169270833,150.45371744791666,17,26,9
161.436474609375,145.63790364583335,150.47603515625,17,26,9
161.46221028645834,145.63691731770834,150.50231119791667,17,26,9
161.45808919270834,145.619775390625,150.47201497395832,17,26,9
161.44978841145834,145.56467122395833,150.485205078125,17,26,9
161.4254296875,145.55764322916667,150.46341796875,17,26,9
161.404736328125,145.565078125,150.36443359375,17,26,9
161.415205078125,145.52223958333335,150.17678385416667,17,26,9
161.451845703125,145.50341471354167,150.22334309895834,17,26,9
161.451025390625,145.51150716145833,150.26553059895832,17,26,9
161.43669596354167,145.50246419270835,150.20859700520833,17,26,9
161.408681640625,145.54676432291666,150.15737955729168,17,26,9
161.38405598958335,145.523828125,150.15202473958334,17,26,9
161.43178059895834,145.47384765625,150.17209309895833,17,26,9
161.482099609375,145.48682942708334,150.18372395833333,17,26,9
161.43013997395835,145.49279296875,150.14524088541665,17,26,9
161.38305989583333,145.50555338541668,150.24275065104166,17,26,9
161.42472005208333,145.49647786458334,150.2221875,17,26,9
161.45692057291666,145.48055989583332,150.16904622395833,17,26,9
161.43224609375,145.50621744791667,150.19734700520834,17,26,9
161.443046875,145.556962890625,150.12610677083333,17,26,9
161.3762890625,145.58806315104167,150.206162109375,17,26,9
161.47466145833334,145.566748046875,150.18681315104166,17,26,9
161.414619140625,145.5520703125,150.20686197916666,17,26,10
161.414658203125,145.530234375,150.20883138020832,17,26,10
161.456201171875,145.51658854166666,150.20069661458334,17,26,10
161.41375,145.48652994791667,150.162353515625,17,26,10
161.40842447916665,145.47506510416667,150.17408854166666,17,26,10
161.43535481770834,145.47353190104167,150.15396158854168,17,26,10
161.42574544270835,145.46814778645833,150.15458984375,17,26,10
161.44168294270833,145.43935546875,150.12869791666665,17,26,10
161.40588541666668,145.47093424479166,150.1999609375,17,26,10
161.43531901041666,145.444814453125,150.1178125,17,26,10
161.43632486979166,145.45217447916667,150.13776041666668,17,26,10
161.39208333333335,145.48830729166667,150.14218098958332,17,26,10
161.41137369791667,145.45287434895835,150.15007161458334,17,26,10
161.41761067708333,145.45775716145835,150.127119140625,17,26,10
161.40048502604168,145.519384765625,150.1723828125,17,26,10
161.47368489583334,145.4915625,150.149443359375,17,26,10
161.426826171875,145.54443684895833,150.19919270833333,17,26,10
161.449736328125,145.50840494791666,150.191513671875,17,26,10
161.41537760416668,145.55287109375,150.23039713541667,17,26,10
161.43940755208334,145.546376953125,150.37102864583332,17,26,10
161.438056640625,145.572275390625,150.40504231770834,17,26,10
161.458271484375,145.57173828125,150.43570963541666,17,26,10
161.44681966145833,145.61868815104165,150.410908203125,17,26,10
161.45115559895834,145.576650390625,150.44812825520833,17,26,10
161.43463541666668,145.58909830729166,150.49594401041668,17,26,10
161.44015299479167,145.533857421875,150.34421223958333,17,26,11
161.393203125,145.52681315104167,150.35598958333333,17,26,11
161.458095703125,145.48067708333335,150.42263671875,17,26,11
161.46787760416666,145.50921549479168,150.4455078125,17,26,11
161.41947265625,145.521044921875,150.31375325520833,17,26,11
161.435234375,145.51650065104167,150.325283203125,17,26,11
161.44071940104166,145.50842447916668,150.41507486979165,17,26,11
161.46758138020834,145.516337890625,150.34762369791667,17,26,11
161.445478515625,145.51330078125,150.36814778645834,17,26,11
161.44630533854166,145.49785807291667,150.228515625,17,26,11
161.40492838541667,145.51638020833335,150.25306640625,17,26,11
161.46318359375,145.51838216145833,150.222275390625,17,26,11
161.4440625,145.51702799479168,150.31303385416666,17,26,11
161.37687174479166,145.55411783854166,150.189208984375,17,26,11
161.449853515625,145.54484375,150.374345703125,17,26,11
161.44537760416668,145.58092447916667,150.42428385416667,17,26,11
161.46359375,145.578525390625,150.46815104166666,17,26,11
161.45727213541667,145.599521484375,150.41287109375,17,26,11
161.451630859375,145.58974934895832,150.458798828125,17,26,11
161.416494140625,145.61057942708334,150.264892578125,17,26,11
161.40955729166666,145.60489908854166,150.278525390625,17,26,11
161.46561197916665,145.59962239583334,150.17471028645832,17,26,11
161.35466145833334,145.601669921875,150.25164388020832,17,26,11
161.38902994791667,145.55597981770833,150.22395833333334,17,26,11
161.41204752604168,145.545712890625,150.19371744791667,17,26,11
161.39714192708334,145.56163411458334,150.247490234375,17,26,12
161.44247395833332,145.50284830729166,150.2548046875,17,26,12
161.4517578125,145.47866861979168,150.194580078125,17,26,12
161.37197265625,145.4913671875,150.20440104166667,17,26,12
161.41396484375,145.49616536458333,150.16556640625,17,26,12
161.43650390625,145.515830078125,150.23116536458335,17,26,12
161.44531901041665,145.499228515625,150.18326171875,17,26,12
161.421279296875,145.46241861979166,150.18945963541665,17,26,12
161.402431640625,145.51659505208335,150.22990559895834,17,26,12
161.4215234375,145.51147135416667,150.18275716145834,17,26,12
161.47538411458333,145.516435546875,150.21588216145832,17,26,12
161.40319986979168,145.52583333333334,150.26357421875,17,26,12
161.386171875,145.561220703125,150.22637044270834,17,26,12
161.42215169270833,145.58360677083334,150.19251627604166,17,26,12
161.48357421875,145.54654296875,150.22351236979168,17,26,12
161.44389973958334,145.57751302083332,150.26318359375,17,26,12
161.44192057291667,145.61232747395835,150.22494466145832,17,26,12
161.444716796875,145.58951822916666,150.218046875,17,26,12
161.49550455729167,145.57334309895833,150.26681640625,17,26,12
161.476904296875,145.572978515625,150.22005859375,17,26,12
161.4042578125,145.57821940104168,150.25483723958334,17,26,12
161.3908984375,145.52444661458333,150.18605143229166,17,26,12
161.39638997395832,145.48667643229166,150.17029947916666,17,26,12
161.44834309895833,145.456435546875,150.08119140625,17,26,12
161.38711588541668,145.49690755208334,150.20290690104167,17,26,12
161.37680338541668,145.47008463541667,150.14093424479168,17,26,13
161.37449544270834,145.42896484375,150.1555078125,17,26,13
161.39615559895833,145.46470703125,150.147490234375,17,26,13
161.40730794270834,145.42880533854168,150.10240559895834,17,26,13
161.38429361979166,145.46026041666667,150.13456705729166,17,26,13
161.40464518229166,145.44198893229168,150.16023763020834,17,26,13
161.36923502604168,145.42207356770834,150.11776692708332,17,26,13
161.38345377604168,145.41820638020835,150.08067708333334,17,26,13
161.342041015625,145.46943359375,150.12731770833332,17,26,13
161.38014322916666,145.42469075520833,150.1128515625,17,26,13
161.37633138020834,145.46532552083335,150.07597005208333,17,26,13
161.419072265625,145.43862955729168,150.17212890625,17,26,13
161.37869466145833,145.45821940104167,150.127724609375,17,26,13
161.35435221354166,145.48781575520835,150.09566080729167,17,26,13
161.37638346354166,145.55152018229165,150.13421549479168,17,26,13
161.39828125,145.49405924479166,150.179052734375,17,26,13
161.431533203125,145.51710286458334,150.211337890625,17,26,13
161.359111328125,145.52327799479167,150.11931966145832,17,26,13
161.36129557291667,145.47111328125,150.14049479166667,17,26,13
161.36780598958333,145.47803059895833,150.3654296875,17,26,13
161.35170572916667,145.50544921875,150.29722005208333,17,26,13
161.336455078125,145.465322265625,150.29334635416666,17,26,13
161.37590169270834,145.456630859375,150.30960286458333,17,26,13
161.3371484375,145.46656575520834,150.26915364583334,17,26,13
161.37195963541666,145.43163736979167,150.13422200520833,17,26,13
161.419150390625,145.460556640625,150.07615234375,17,26,14
161.32864908854165,145.44298828125,150.15403645833334,17,26,14
161.406220703125,145.42357747395835,150.16002278645834,17,26,14
161.399794921875,145.463515625,150.17232747395835,17,26,14
161.413681640625,145.43662434895833,150.07904947916666,17,26,14
161.38302408854167,145.43677408854165,150.16218098958333,17,26,14
161.34795572916667,145.472548828125,150.09991861979168,17,26,14
161.43388997395834,145.47699544270833,150.14279296875,17,26,14
161.42443033854167,145.50478841145832,150.140322265625,17,26,14
161.36860026041666,145.51063802083334,150.11310872395833,17,26,14
161.37209635416667,145.52819010416667,150.19591471354167,17,26,14
161.399013671875,145.540107421875,150.19008463541667,17,26,14
161.46693033854166,145.552119140625,150.19814778645832,17,26,14
161.44675455729165,145.55790690104166,150.22997721354167,17,26,14
161.38916015625,145.57179036458334,150.1949609375,17,26,14
161.43180989583334,145.54160807291666,150.168505859375,17,26,14
161.41173502604167,145.56990885416667,150.25634765625,17,26,14
161.46209635416668,145.540712890625,150.16623697916665,17,26,14
161.40504231770834,145.49530924479166,150.149033203125,17,26,14
161.37962890625,145.51235677083332,150.250302734375,17,26,14
161.42103841145834,145.51283203125,150.21984375,17,26,14
161.37487955729168,145.49772786458334,150.213037109375,17,26,14
161.41451171875,145.534814453125,150.17837565104168,17,26,14
161.4260546875,145.50640950520832,150.16111653645834,17,26,14
161.40555338541665,145.49518880208333,150.29635091145835,17,26,14
161.40256184895833,145.52246419270833,150.30253580729166,17,26,15
161.38498372395833,145.50319661458335,150.32994791666667,17,26,15
161.41182291666667,145.485107421875,150.36305989583335,17,26,15
161.42732421875,145.50802408854167,150.32043619791668,17,26,15
161.41133463541667,145.50295572916667,150.15251953125,17,26,15
161.390361328125,145.51779947916665,150.128740234375,17,26,15
161.39927408854166,145.55888671875,150.16989583333333,17,26,15
161.41874674479166,145.56282877604167,150.28696614583333,17,26,15
161.4508984375,145.56595377604165,150.22111979166667,17,26,15
161.382822265625,145.568349609375,150.17818359375,17,26,15
161.38818033854167,145.62544270833334,150.232890625,17,26,15
161.43317057291668,145.61193359375,150.23570638020834,17,26,15
161.382080078125,145.62012369791665,150.21650390625,17,26,15
161.39325520833333,145.618125,150.2238671875,17,26,15
161.41445638020832,145.60025390625,150.41814453125,17,26,15
161.332822265625,145.60371419270834,150.34011393229167,17,26,15
161.334599609375,145.553466796875,150.262685546875,17,26,15
161.37832682291668,145.53586588541665,150.33610677083334,17,26,15
161.386650390625,145.53571614583333,150.34822591145834,17,26,15
161.375380859375,145.532880859375,150.19552083333335,17,26,15
161.39917643229165,145.50117838541667,150.22462565104166,17,26,15
161.38913736979165,145.51568359375,150.18370768229167,17,26,15
161.38908854166667,145.49913736979167,150.05653645833334,17,26,15
161.38540690104168,145.499833984375,150.14658528645833,17,26,15
161.360986328125,145.51576822916667,150.117470703125,17,26,15
161.37375,145.48379231770832,150.09440755208334,17,26,16
161.41454427083335,145.4787890625,150.12058268229165,17,26,16
161.34066731770832,145.530419921875,150.12977864583334,17,26,16
161.40559895833334,145.50438802083335,150.14771809895834,17,26,16
161.39087890625,145.512998046875,150.172294921875,17,26,16
161.35065104166668,145.533779296875,150.10776041666668,17,26,16
161.37481770833332,145.55117513020832,150.16806966145833,17,26,16
161.329951171875,145.52978190104167,150.10201497395835,17,26,16
161.41258463541666,145.5325390625,150.15014322916667,17,26,16
161.408505859375,145.58048502604166,150.15667317708332,17,26,16
161.3888671875,145.56400065104165,150.15726888020833,17,26,16
161.40292643229168,145.52760416666666,150.15569661458332,17,26,16
161.35985026041666,145.521220703125,150.19881184895834,17,26,16
161.36484049479168,145.53104817708333,150.09479817708333,17,26,16
161.305546875,145.50336263020833,150.08983072916666,17,26,16
161.37575520833335,145.44853515625,150.12891276041665,17,26,16
161.333349609375,145.4616015625,150.127646484375,17,26,16
161.35379231770833,145.47344075520834,150.0553515625,17,26,16
161.3545703125,145.46015299479166,150.168662109375,17,26,16
161.31584635416667,145.43919270833334,150.08287760416667,17,26,16
161.32976888020832,145.45235026041667,150.04277994791667,17,26,16
161.35661458333334,145.42828450520832,150.06902018229167,17,26,16
161.29672200520832,145.45940104166667,149.99474283854167,17,26,16
161.30036458333333,145.420380859375,150.06139322916667,17,26,16
161.37036458333333,145.396396484375,150.23942708333334,17,26,16
161.30918294270833,145.4166015625,150.2271875,17,26,17
161.28876953125,145.44727864583334,150.25759114583335,17,26,17
161.36740234375,145.44269856770833,150.22230794270834,17,26,17
161.3612890625,145.44607421875,150.22052734375,17,26,17
161.3967578125,145.42040690104167,150.102294921875,17,26,17
161.354052734375,145.43990885416667,150.06518229166667,17,26,17
161.32640950520835,145.46205403645834,150.09796875,17,26,17
161.31612630208335,145.47536783854167,150.07652994791667,17,26,17
161.324150390625,145.46281901041667,150.07726236979167,17,26,17
161.36921875,145.5283203125,150.08078450520833,17,26,17
161.34391276041666,145.51955403645835,150.11684244791667,17,26,17
161.30324869791667,145.472705078125,150.059130859375,17,26,17
161.34488932291666,145.45230794270833,150.06133463541667,17,26,17
161.29991861979167,145.44712565104166,150.04154296875,17,26,17
161.280556640625,145.433662109375,150.08466471354166,17,26,17
161.33673502604168,145.42186197916666,150.074423828125,17,26,17
161.34235677083333,145.42511393229168,150.01061848958332,17,26,17
161.36111653645833,145.44444661458334,150.032783203125,17,26,17
161.38021484375,145.39599283854167,150.04791666666668,17,26,17
161.316884765625,145.42782877604168,150.0915625,17,26,17
161.35278645833333,145.43185872395833,150.064091796875,17,26,17
161.362958984375,145.460419921875,150.142080078125,17,26,17
161.338056640625,145.5025,150.08741536458334,17,26,17
161.38402018229166,145.491591796875,150.160966796875,17,26,17
161.3753515625,145.48358723958333,150.023935546875,17,26,17
161.36106770833334,145.49824869791667,150.06996744791667,17,26,18
161.40551106770835,145.507353515625,150.14568684895832,17,26,18
161.41384765625,145.534287109375,150.15095052083333,17,26,18
161.36515950520834,145.56119791666666,150.046884765625,17,26,18
161.4085546875,145.53790364583332,150.15301432291668,17,26,18
161.39044921875,145.56240885416668,150.139345703125,17,26,18
161.41666666666666,145.553623046875,150.10279947916666,17,26,18
161.389267578125,145.583291015625,150.11543619791667,17,26,18
161.33305338541666,145.57678385416668,150.03946614583333,17,26,18
161.17472330729166,145.60035807291666,150.12009114583333,17,26,18
161.17311848958335,145.63100911458332,150.07366536458332,17,26,18
161.18876627604166,145.51548177083333,150.10783854166667,17,26,18
161.17505208333333,145.5144921875,150.106513671875,17,26,18
161.15125,145.51668619791667,150.0906640625,17,26,18
161.34275065104165,145.46773763020835,150.084140625,17,26,18
161.329033203125,145.454775390625,150.05098307291667,17,26,18
161.29451497395834,145.46676432291667,150.02692708333333,17,26,18
161.34633138020834,145.44856770833334,150.05245442708335,17,26,18
161.3073046875,145.461435546875,150.07466796875,17,26,18
161.25994466145832,145.45044921875,150.112333984375,17,26,18
161.23054036458333,145.45895833333333,150.13782552083333,17,26,18
161.31531575520833,145.47432291666667,150.09037760416666,17,26,18
161.27931315104166,145.47455078125,150.02202799479167,17,26,18
161.3093359375,145.48091796875,150.17345052083334,17,26,18
161.3437890625,145.47779947916666,150.122822265625,17,26,18
161.318125,145.52111979166668,150.09488932291666,17,26,19
161.27724283854167,145.50994140625,150.10556315104168,17,26,19
161.361708984375,145.523994140625,150.055185546875,17,26,19
161.3559375,145.553955078125,150.06774088541667,17,26,19
161.36412109375,145.58046875,150.10480143229168,17,26,19
161.342998046875,145.53196614583334,150.13829752604167,17,26,19
161.26333658854168,145.526064453125,150.124423828125,17,26,19
161.24959635416667,145.59656575520833,150.15524088541667,17,26,19
161.29449544270832,145.53818359375,150.12811197916668,17,26,19
161.257509765625,145.52953125,150.045439453125,17,26,19
161.33732747395834,145.47065104166666,150.14850911458333,17,26,19
161.24770182291667,145.45785807291668,150.05015625,17,26,19
161.336376953125,145.46645182291667,150.05436197916666,17,26,19
161.34045572916668,145.43435221354167,150.0819921875,17,26,19
161.25474609375,145.46843098958334,150.07215494791666,17,26,19
161.28510416666666,145.46887369791668,149.98437825520833,17,26,19
161.295302734375,145.47597005208334,150.060458984375,17,26,19
161.31148111979167,145.40535481770834,150.068037109375,17,26,19
161.32369466145835,145.421748046875,150.06904296875,17,26,19
161.26759440104166,145.44895833333334,150.05810221354167,17,26,19
161.24574869791667,145.46521158854168,150.00860026041667,17,26,19
161.249462890625,145.464296875,150.028125,17,26,19
161.3064453125,145.48261393229166,150.12542643229168,17,26,19
161.30062825520832,145.47408854166667,150.0990234375,17,26,19
161.28578125,145.519150390625,150.056513671875,17,26,19
161.26626953125,145.53025065104165,150.14125,17,26,20
161.30926106770832,145.53841471354167,150.12268229166668,17,26,20
161.30749674479168,145.557978515625,150.11968098958334,17,26,20
161.29041666666666,145.54029296875,150.08383463541668,17,26,20
161.23338541666666,145.573857421875,150.17769205729167,17,26,20
161.25076497395833,145.556708984375,150.26856770833334,17,26,20
161.30416341145835,145.566904296875,150.220712890625,17,26,20
161.271572265625,145.48297526041668,150.29006184895835,17,26,20
161.28709309895834,145.44831380208333,150.24732096354165,17,26,20
161.29648763020833,145.428349609375,150.29186848958332,17,26,20
161.26735026041666,145.40865885416667,150.17924479166666,17,26,20
161.29188151041666,145.41434895833333,150.21015299479166,17,26,20
161.28399739583332,145.38422200520833,150.16473958333333,17,26,20
161.25296223958333,145.41632486979168,150.204560546875,17,26,20
161.29654947916666,145.37431966145834,150.01879231770835,17,26,20
161.26995768229168,145.40282552083335,149.98915364583334,17,26,20
161.24964192708333,145.36916341145835,149.96766276041666,17,26,20
161.242607421875,145.388173828125,149.94958984375,17,26,20
161.265810546875,145.36123046875,149.97578125,17,26,20
161.27724609375,145.36368489583333,149.94129557291666,17,26,20
161.2146484375,145.34881184895832,150.014326171875,17,26,20
161.25243489583335,145.39185221354165,149.95625,17,26,20
161.21831705729167,145.40469401041668,150.03236979166667,17,26,20
161.31783528645835,145.384033203125,149.97884765625,17,26,20
161.09143880208333,145.47257161458333,150.00216471354167,17,26,20
161.121748046875,145.475791015625,150.06758463541667,17,26,21
161.14052734375,145.49780924479165,149.970263671875,17,26,21
161.08093098958332,145.48997721354166,150.05310546875,17,26,21
161.11814778645834,145.462490234375,150.00794921875,17,26,21
161.079189453125,145.45937174479167,150.00888671875,17,26,21
161.067451171875,145.46185546875,149.91760416666668,17,26,21
161.056650390625,145.45655924479166,149.90617838541667,17,26,21
161.09599609375,145.398154296875,150.01933919270834,17,26,21
161.12022786458334,145.39907552083332,150.00467447916665,17,26,21
161.10186848958332,145.41521158854167,149.99297526041667,17,26,21
161.10395833333334,145.418203125,149.914130859375,17,26,21
161.13099934895834,145.41442708333332,149.971728515625,17,26,21
161.14597981770834,145.38154296875,149.9591015625,17,26,21
161.1003125,145.40236979166667,149.971376953125,17,26,21
161.30836588541666,145.35033854166667,149.98766276041667,17,26,21
161.241904296875,145.389599609375,149.93150716145834,17,26,21
161.27229166666666,145.432373046875,150.05222005208333,17,26,21
161.27082356770833,145.42572916666666,149.974150390625,17,26,21
161.27507486979167,145.43235677083334,150.04482421875,17,26,21
161.32313151041666,145.42691731770833,150.00939778645832,17,26,21
161.30515950520834,145.44319010416666,150.00568684895833,17,26,21
161.30474283854167,145.485751953125,150.000478515625,17,26,21
161.328564453125,145.47592447916668,150.01119791666667,17,26,21
161.25231770833332,145.51559895833333,150.02945963541666,17,26,21
161.30958984375,145.47510091145833,150.03906901041665,17,26,21
161.24388020833334,145.50042317708332,150.06581705729167,17,26,22
161.225810546875,145.49528971354167,150.03845377604168,17,26,22
161.22172200520833,145.45729166666666,150.02468098958335,17,26,22
161.26008138020833,145.45577473958335,149.94572265625,17,26,22
161.296982421875,145.42987630208333,150.02758138020835,17,26,22
161.27488606770834,145.39807942708333,150.00183268229168,17,26,22
161.26855794270833,145.38662109375,150.00925455729165,17,26,22
161.27318033854166,145.40499348958335,149.94336263020833,17,26,22
161.22724283854166,145.38310221354166,150.05262369791666,17,26,22
161.199599609375,145.39900390625,150.01722981770834,17,26,22
161.20412760416667,145.434013671875,150.03338541666668,17,26,22
161.17091471354166,145.40717122395833,150.06790364583333,17,26,22
161.221357421875,145.39586263020834,150.01951497395834,17,26,22
161.18585286458332,145.37150716145834,150.006875,17,26,22
161.19713541666667,145.40666015625,149.979091796875,17,26,22
161.224345703125,145.37568033854166,150.018134765625,17,26,22
161.227666015625,145.39025716145832,150.01027018229166,17,26,22
161.20815104166667,145.41639322916666,150.05859375,17,26,22
161.20544921875,145.40621419270835,150.00892578125,17,26,22
161.20736979166668,145.46462239583335,150.062392578125,17,26,22
161.22248372395833,145.45380533854166,150.07530924479167,17,26,22
161.242412109375,145.43591796875,150.08201171875,17,26,22
161.21744140625,145.474775390625,150.09844401041667,17,26,22
161.21267903645833,145.49620768229167,150.09469075520835,17,26,22
161.22903645833333,145.470166015625,150.04297200520833,17,26,22
161.25613606770833,145.436728515625,150.11705403645834,17,26,23
161.25237955729168,145.43113932291666,150.0156640625,17,26,23
161.229951171875,145.36087565104165,150.00060546875,17,26,23
161.21318359375,145.37397786458334,149.97139322916667,17,26,23
161.2303125,145.33060546875,150.07907877604165,17,26,23
161.20599934895833,145.34144856770834,150.02464192708334,17,26,23
161.22660481770833,145.34094075520832,149.95550455729168,17,26,23
161.23287109375,145.37018880208333,150.04239908854166,17,26,23
161.24310221354168,145.35904296875,150.03654296875,17,26,23
161.06520833333335,145.42015950520835,149.98077473958332,17,26,23
161.03363606770833,145.406748046875,149.940546875,17,26,23
161.07986979166665,145.35138020833332,149.93015950520834,17,26,23
161.03783854166667,145.390048828125,149.98726236979167,17,26,23
161.044921875,145.3633984375,150.00468098958333,17,26,23
161.2042578125,145.35879231770832,149.969072265625,17,26,23
161.20521809895834,145.35474609375,150.05179036458333,17,26,23
161.17931640625,145.37804036458334,149.90697916666667,17,26,23
161.16114583333334,145.408486328125,149.96073567708333,17,26,23
161.1880078125,145.38859700520834,149.93510416666666,17,26,23
161.20041341145833,145.395771484375,150.01990559895833,17,26,23
161.21583658854166,145.42733072916667,149.93287109375,17,26,23
161.23751953125,145.42914713541666,150.001376953125,17,26,23
161.23634440104166,145.40190755208334,149.99781575520834,17,26,23
161.20957682291666,145.424228515625,150.01654622395833,17,26,23
161.25037109375,145.39984049479168,149.98379557291668,17,26,23
161.23039388020834,145.31760416666665,149.97017578125,17,26,24
161.20412760416667,145.26294270833333,149.87079752604166,17,26,24
161.20154296875,145.29771484375,149.88060872395835,17,26,24
161.198369140625,145.26823893229167,149.92989583333335,17,26,24
161.22268880208333,145.26504231770832,149.88926432291666,17,26,24
161.22407552083334,145.26838541666666,149.87597005208335,17,26,24
161.19244140625,145.248740234375,149.89715169270832,17,26,24
161.20116861979167,145.27643880208333,149.87515625,17,26,24
161.18388671875,145.242421875,149.83912760416666,17,26,24
161.24298828125,145.19992513020833,149.83119140625,17,26,24
161.19677408854167,145.23197591145833,149.88847005208333,17,26,24
161.22810221354166,145.23646809895834,149.83407877604168,17,26,24
161.19948567708335,145.21661458333332,149.83767903645833,17,26,24
161.22055338541668,145.2353125,149.90767252604167,17,26,24
161.20425130208332,145.2075390625,149.86738606770834,17,26,24
161.186552734375,145.24432942708333,149.84532552083334,17,26,24
161.24873046875,145.22958333333332,149.89513020833334,17,26,24
161.14144205729167,145.335654296875,149.840341796875,17,26,24
161.247216796875,145.30093098958332,149.798671875,17,26,24
161.21361328125,145.27295572916665,149.84135416666666,17,26,24
161.18376627604167,145.29279296875,149.87373697916667,17,26,24
161.19026692708334,145.232705078125,149.82920247395833,17,26,24
161.21376627604167,145.23616536458334,149.83973958333334,17,26,24
161.17585611979166,145.232265625,149.89427734375,17,26,24
161.21139322916667,145.23596354166668,149.83771158854168,17,26,24
161.17531575520835,145.21836263020833,149.84862955729167,17,26,25
161.21046549479166,145.18874348958335,149.884755859375,17,26,25
161.24373697916667,145.19236653645834,149.83448567708334,17,26,25
161.22059244791666,145.19603190104166,149.841533203125,17,26,25
161.265654296875,145.19480143229165,149.8355078125,17,26,25
161.22546549479168,145.18069010416667,149.83804361979168,17,26,25
161.25343424479166,145.21848307291665,149.80847330729168,17,26,25
161.275869140625,145.186015625,149.824990234375,17,26,25
161.21579752604165,145.22813151041666,149.841005859375,17,26,25
161.2365234375,145.24937174479166,149.834892578125,17,26,25
161.208720703125,145.22560221354166,149.84228190104167,17,26,25
161.22606770833335,145.216650390625,149.80156901041667,17,26,25
161.272314453125,145.26585611979166,149.83738606770834,17,26,25
161.27531575520834,145.21638346354166,149.89200520833333,17,26,25
161.231923828125,145.27220377604166,149.879208984375,17,26,25
161.29376627604168,145.27989908854167,149.966142578125,17,26,25
161.27478841145833,145.2757421875,149.89052734375,17,26,25
161.27386393229168,145.30852213541667,149.92806640625,17,26,25
161.26823567708334,145.29854166666667,149.94888997395833,17,26,25
161.18778971354166,145.29136067708333,149.91554036458334,17,26,25
161.28837890625,145.25806640625,149.84370442708334,17,26,25
161.24951822916665,145.26268229166666,149.89530924479166,17,26,25
161.16594075520834,145.21324544270834,149.91103515625,17,26,25
161.20377604166666,145.211416015625,149.87368489583332,17,26,25
161.07196940104166,145.24211588541667,149.82821940104168,17,26,25
161.033515625,145.199130859375,149.80635091145834,17,26,26
161.07134765625,145.21942057291668,149.82138020833332,17,26,26
160.980859375,145.212255859375,149.817587890625,17,26,26
161.04576171875,145.19867513020833,149.79143229166667,17,26,26
161.05610026041666,145.223662109375,149.85696614583333,17,26,26
161.01771809895834,145.23676106770833,149.81667317708335,17,26,26
161.04129557291665,145.192587890625,149.794228515625,17,26,26
161.05279622395832,145.27355794270832,149.85244466145832,17,26,26
161.05205403645834,145.24038736979168,149.85246419270834,17,26,26
161.231513671875,145.21627604166667,149.83458333333334,17,26,26
161.213759765625,145.19839518229168,149.95374348958333,17,26,26
161.21677083333333,145.26119466145835,149.80912434895833,17,26,26
161.27208658854167,145.23877278645833,149.87960611979167,17,26,26
161.217119140625,145.261455078125,149.87563151041667,17,26,26
161.19686848958332,145.28822591145834,149.91838541666667,17,26,26
161.1797265625,145.25545247395834,149.85816080729165,17,26,26
161.195400390625,145.30361328125,149.8332421875,17,26,26
161.202314453125,145.23,149.877158203125,17,26,26
161.21823893229165,145.219833984375,149.84378255208333,17,26,26
161.03459309895834,145.21054036458332,149.89416341145832,17,26,26
161.092548828125,145.17684244791667,149.82107421875,17,26,26
161.026552734375,145.14719401041665,149.80090494791668,17,26,26
160.980390625,145.18375651041666,149.81089518229166,17,26,26
161.000009765625,145.16605143229165,149.84106770833333,17,26,26
161.00095052083333,145.11861979166667,149.79019856770833,17,26,26
161.00917317708334,145.13647135416667,149.83547526041667,17,26,27
160.99370442708334,145.13297200520833,149.76711588541667,17,26,27
161.037568359375,145.13590169270833,149.73524088541666,17,26,27
160.98466471354166,145.174951171875,149.81541666666666,17,26,27
161.010478515625,145.14735026041666,149.76513346354167,17,26,27
161.025966796875,145.16921875,149.784833984375,17,26,27
161.02707356770833,145.15952473958333,149.83627604166668,17,26,27
161.02059244791667,145.15545572916668,149.83175130208335,17,26,27
160.973759765625,145.208466796875,149.78830078125,17,26,27
161.02266276041667,145.16422200520833,149.7581640625,17,26,27
161.04433919270832,145.19692057291667,149.73684895833333,17,26,27
160.99848958333334,145.215810546875,149.78398763020834,17,26,27
161.00869140625,145.22503255208332,149.78205403645833,17,26,27
161.04509114583334,145.21462565104167,149.73764973958333,17,26,27
160.99486979166667,145.20837890625,149.80449869791667,17,26,27
161.00913411458333,145.26380859375,149.80788736979167,17,26,27
161.02486002604167,145.16863606770832,149.757060546875,17,26,27
161.00419596354166,145.13920247395833,149.77516927083335,17,26,27
161.026572265625,145.08294270833332,149.732275390625,17,26,27
161.175791015625,145.04952799479167,149.74607421875,17,26,27
161.1730078125,145.00345703125,149.69934895833333,17,26,27
161.189609375,145.04085611979167,149.70711588541667,17,26,27
161.14921223958333,145.005859375,149.659892578125,17,26,27
161.17727213541667,144.95650390625,149.65553385416666,17,26,27
161.01783854166666,145.0341015625,149.67822591145833,17,26,27
160.957431640625,145.05286458333333,149.67229817708332,17,26,28
160.94554361979166,144.981416015625,149.59020833333332,17,26,28
160.99630533854167,144.97829752604167,149.62972330729167,17,26,28
160.99143880208334,144.99200846354168,149.65116861979166,17,26,28
160.96296549479166,145.009697265625,149.63053385416666,17,26,28
160.95310872395834,145.01096354166665,149.64673502604165,17,26,28
160.97735026041667,144.99348958333334,149.72502278645834,17,26,28
160.955,145.05259114583333,149.66155598958332,17,26,28
160.9780859375,145.050029296875,149.637763671875,17,26,28
160.95585286458333,145.06055989583334,149.68759765625,17,26,28
160.96050130208334,145.07265299479167,149.66357421875,17,26,28
160.99548177083332,145.09298828125,149.642080078125,17,26,28
160.94614583333333,145.092373046875,149.61917317708333,17,26,28
160.95205729166668,145.03684244791665,149.63501627604165,17,26,28
161.10810546875,145.015458984375,149.58674479166666,17,26,28
161.108193359375,144.97015299479168,149.633212890625,17,26,28
161.09320638020833,144.96388020833334,149.62507161458333,17,26,28
161.1080078125,144.9301953125,149.647666015625,17,26,28
161.07756510416667,144.91486979166666,149.60958658854167,17,26,28
160.94562825520833,144.981767578125,149.566240234375,17,26,28
160.9704296875,144.94493489583334,149.60625,17,26,28
160.98460286458334,144.93978841145832,149.56948893229168,17,26,28
160.97798177083334,144.97887044270834,149.610234375,17,26,28
160.92662760416667,144.957490234375,149.56125325520833,17,26,28
161.1438671875,144.90491536458333,149.61646158854165,17,26,28
161.05546875,144.871748046875,149.59702473958333,17,26,29
161.11969075520832,144.862021484375,149.60397135416667,17,26,29
161.12841471354167,144.93812174479166,149.602900390625,17,26,29
161.12642578125,144.91873697916665,149.55333984375,17,26,29
160.96257486979167,144.95112955729167,149.53287434895833,17,26,29
160.976767578125,144.99607421875,149.61068684895832,17,26,29
161.004638671875,144.99923502604167,149.601708984375,17,26,29
160.97869791666668,145.0341015625,149.660166015625,17,26,29
160.99713541666668,145.008974609375,149.54783203125,17,26,29
161.00184895833334,145.0298828125,149.65044596354167,17,26,29
161.00751302083333,145.03097330729167,149.61238606770834,17,26,29
160.95706380208333,145.06432942708332,149.65249348958332,17,26,29
160.93475911458333,144.98971028645835,149.56693684895833,17,26,29
160.92212890625,145.02286783854166,149.575107421875,17,26,29
160.903271484375,144.99855794270835,149.63730143229168,17,26,29
160.92108072916668,144.99701822916666,149.61855794270832,17,26,29
160.9662890625,144.93166015625,149.596650390625,17,26,29
160.95556966145833,144.936025390625,149.58814127604165,17,26,29
160.93273111979167,144.94244791666668,149.565263671875,17,26,29
160.943798828125,144.96167643229165,149.58274739583334,17,26,29
160.921435546875,144.97491536458332,149.5181640625,17,26,29
160.91995768229165,144.9551953125,149.61709309895832,17,26,29
160.94253580729168,144.946767578125,149.59012369791665,17,26,29
160.94380208333334,144.93230143229167,149.66484049479166,17,26,29
160.95658854166666,144.96195963541666,149.58968424479167,17,26,29
160.93708984375,144.96783203125,149.58723307291666,17,26,30
160.86625651041666,145.02424479166666,149.64287109375,17,26,30
160.91650390625,145.00656901041665,149.63820963541667,17,26,30
160.91061197916667,145.01826497395834,149.68055013020833,17,26,30
160.946298828125,145.00953450520834,149.64649088541665,17,26,30
160.94818359375,145.02127604166665,149.6251171875,17,26,30
160.96823893229165,145.00550130208333,149.76840169270832,17,26,30
160.95541341145832,145.05745442708334,149.6041796875,17,26,30
160.92964518229167,145.03392252604166,149.6416796875,17,26,30
160.90209635416667,145.07180989583333,149.640009765625,17,26,30
160.90920572916667,145.05668294270833,149.61712239583332,17,26,30
160.881767578125,145.01162434895832,149.62280598958333,17,26,30
160.83207682291666,145.00144205729165,149.59877278645834,17,26,30
160.91830078125,144.95910481770832,149.630048828125,17,26,30
160.94200846354167,144.95739583333332,149.61934244791667,17,26,30
160.91066080729166,144.91927083333334,149.5805859375,17,26,30
160.862880859375,144.97096354166666,149.552421875,17,26,30
160.91094075520834,144.930498046875,149.59332682291668,17,26,30
160.935185546875,144.94258463541667,149.54595703125,17,26,30
160.960283203125,144.93794921875,149.55943684895834,17,26,30
160.92294921875,144.927236328125,149.593759765625,17,26,30
160.88639322916666,144.937685546875,149.59443033854166,17,26,30
160.96244791666666,144.94695638020832,149.63337239583333,17,26,30
160.87773111979166,144.960791015625,149.54814127604166,17,26,30
160.94973307291667,144.94972330729166,149.63215494791666,17,26,30
160.91263671875,144.959384765625,149.67313802083333,17,26,31
160.92930338541666,144.95943033854167,149.5990625,17,26,31
160.91244466145832,144.98678059895835,149.59729817708333,17,26,31
160.91618815104167,145.02017252604168,149.70195963541667,17,26,31
160.93588216145832,145.01384114583334,149.69806315104168,17,26,31
160.8968359375,145.00217122395833,149.63045247395834,17,26,31
160.9265234375,145.04283854166667,149.67630859375,17,26,31
160.92921223958334,145.04783528645834,149.68596354166667,17,26,31
160.907763671875,145.0526953125,149.65232096354165,17,26,31
160.93132161458334,145.05557942708333,149.64097981770834,17,26,31
160.87188802083332,145.00669596354166,149.64971028645834,17,26,31
160.816123046875,145.02769856770834,149.67778971354167,17,26,31
160.87560546875,144.94450520833334,149.66340494791666,17,26,31
160.83151692708333,144.959150390625,149.57500325520834,17,26,31
160.84794921875,144.93027018229168,149.508076171875,17,26,31
160.82777669270834,144.86527018229165,149.55652994791666,17,26,31
160.78146484375,144.90185221354167,149.57050455729166,17,26,31
160.88878580729167,144.86595377604166,149.52723958333334,17,26,31
160.84253580729165,144.89562825520832,149.558359375,17,26,31
160.90901692708334,144.84115234375,149.575615234375,17,26,31
160.83433268229166,144.88064778645833,149.54504231770832,17,26,31
160.82040364583332,144.85120768229166,149.55902669270833,17,26,31
160.811337890625,144.91155598958332,149.542021484375,17,26,31
160.81207356770832,144.87811197916668,149.53442708333333,17,26,31
160.81570963541665,144.85486328125,149.467041015625,17,26,31
160.82798828125,144.86469075520833,149.54644856770832,17,26,32
160.85477864583333,144.9242578125,149.529365234375,17,26,32
160.88510091145832,144.89201822916667,149.51299153645834,17,26,32
160.886474609375,144.91366861979168,149.50334635416667,17,26,32
160.89349283854168,144.91369791666668,149.49333658854167,17,26,32
160.81087565104167,144.97864908854166,149.47872395833335,17,26,32
160.86509765625,144.92729166666666,149.550888671875,17,26,32
160.86269205729167,144.96222981770833,149.4905859375,17,26,32
160.87076497395833,144.934619140625,149.57983072916667,17,26,32
160.867265625,144.90224609375,149.58348958333335,17,26,32
160.82495442708333,144.856064453125,149.51310221354166,17,26,32
160.86586588541667,144.845498046875,149.51526692708333,17,26,32
160.805537109375,144.854228515625,149.41543294270832,17,26,32
160.82810546875,144.830234375,149.43352864583332,17,26,32
160.83870442708334,144.80099934895833,149.48623372395832,17,26,32
160.873369140625,144.81138997395834,149.45979817708334,17,26,32
160.81171223958333,144.8033203125,149.50734700520835,17,26,32
160.81093424479167,144.82040690104168,149.39347981770834,17,26,32
160.84601888020833,144.80070963541667,149.46521158854168,17,26,32
160.87057291666667,144.80714518229166,149.48676432291666,17,26,32
160.831630859375,144.80282552083332,149.41729817708332,17,26,32
160.822314453125,144.82447591145834,149.406728515625,17,26,32
160.88209309895834,144.82651041666668,149.44239583333334,17,26,32
160.860830078125,144.85693359375,149.52489583333335,17,26,32
160.83413736979168,144.88709309895833,149.50714192708332,17,26,32
160.83627604166668,144.89785481770832,149.54816731770833,17,26,33
160.85328125,144.89188151041665,149.50597330729167,17,26,33
160.90670247395835,144.93546875,149.50763020833332,17,26,33
160.93039388020833,144.89271484375,149.558212890625,17,26,33
160.89284505208335,144.94423828125,149.59533854166668,17,26,33
160.905263671875,144.99362955729165,149.59675130208333,17,26,33
160.9238671875,144.91404296875,149.52775716145834,17,26,33
160.848349609375,144.98611002604167,149.53929036458334,17,26,33
160.88499348958334,144.95097981770834,149.58835286458333,17,26,33
160.8816796875,144.92943033854166,149.54765299479166,17,26,33
160.90803385416666,144.91431640625,149.5346484375,17,26,33
160.90548502604167,144.92287760416667,149.52189127604166,17,26,33
160.945166015625,144.89248697916668,149.5441796875,17,26,33
160.874296875,144.93646809895833,149.54267903645834,17,26,33
160.92597330729166,144.922021484375,149.59284505208333,17,26,33
160.93095703125,144.90519205729166,149.5818359375,17,26,33
160.936884765625,144.93781575520833,149.51088216145834,17,26,33
160.8588671875,144.972314453125,149.58671875,17,26,33
160.86729166666666,144.94840169270833,149.52780598958333,17,26,33
160.88514973958334,144.967548828125,149.607197265625,17,26,33
160.89607096354166,144.95274088541666,149.5895703125,17,26,33
160.873466796875,144.98789388020833,149.516787109375,17,26,33
160.89185546875,145.01062825520833,149.668603515625,17,26,33
160.89257161458335,145.022939453125,149.60131510416667,17,26,33
160.90658203125,145.024814453125,149.5624609375,17,26,33
160.945244140625,145.022490234375,149.665498046875,17,26,34
160.94489583333333,145.03176432291667,149.5816796875,17,26,34
160.93850911458333,145.06482421875,149.60288736979166,17,26,34
160.93939778645833,145.08885091145834,149.65920572916667,17,26,34
160.90499674479167,145.062275390625,149.61944661458332,17,26,34
160.92672200520835,145.04456705729166,149.677138671875,17,26,34
160.95499348958333,145.026884765625,149.61269205729167,17,26,34
160.87035807291667,145.00644856770833,149.58372721354166,17,26,34
160.83024088541666,145.00425455729166,149.60406901041668,17,26,34
160.91294270833333,144.94837239583333,149.630869140625,17,26,34
160.89550455729167,144.96383138020835,149.57384765625,17,26,34
160.95471028645832,144.97940755208333,149.65359375,17,26,34
160.90270833333332,144.97425455729166,149.56868815104167,17,26,34
160.91427408854167,144.94014322916667,149.55544596354167,17,26,34
160.90886067708334,144.96781575520833,149.65313802083332,17,26,34
160.913427734375,144.977734375,149.59777669270832,17,26,34
160.87144856770834,145.00933268229167,149.659541015625,17,26,34
160.92307291666665,144.97051432291667,149.64711263020834,17,26,34
160.94469401041667,144.996826171875,149.61824869791667,17,26,34
160.8805078125,145.00192057291667,149.61553385416667,17,26,34
160.89555338541666,145.01135091145832,149.63705078125,17,26,34
160.85763346354167,145.04374674479166,149.67302408854167,17,26,34
160.87686197916668,145.08158528645833,149.621376953125,17,26,34
160.90199544270834,145.06541666666666,149.56024739583333,17,26,34
160.8565234375,145.10839192708335,149.62049479166666,17,26,34
160.922939453125,145.05402994791666,149.6412109375,17,26,35
160.95971354166667,145.0723046875,149.66754557291668,17,26,35
160.927294921875,145.07359700520834,149.69226236979168,17,26,35
160.91616861979168,145.07956380208333,149.70100260416666,17,26,35
160.88283528645835,145.04979817708335,149.626279296875,17,26,35
160.88354166666667,145.03582356770832,149.68501953125,17,26,35
160.93781901041666,145.04072591145834,149.58740234375,17,26,35
160.93093098958335,145.00829752604167,149.59530924479168,17,26,35
160.912734375,144.97008138020834,149.58446614583335,17,26,35
161.01118489583334,144.95316080729165,149.59454427083332,17,26,35
161.05859375,144.94327799479166,149.565283203125,17,26,35
161.05015950520834,144.92606770833333,149.59341796875,17,26,35
161.03995768229166,144.975498046875,149.512890625,17,26,35
161.04061848958332,144.90835611979168,149.55716145833333,17,26,35
160.84893229166667,144.94960611979167,149.58894205729166,17,26,35
160.83814127604165,144.97049153645833,149.551357421875,17,26,35
160.82714192708335,144.95089192708335,149.57816731770833,17,26,35
160.877255859375,144.99388997395835,149.55907552083335,17,26,35
160.8396875,144.994775390625,149.52616536458333,17,26,35
161.01378255208334,144.95229166666667,149.59777018229167,17,26,35
161.014404296875,144.92861979166668,149.527314453125,17,26,35
161.004609375,144.95931315104167,149.56876953125,17,26,35
161.00903971354165,144.996396484375,149.64631510416666,17,26,35
161.035859375,144.98898111979167,149.564345703125,17,26,35
160.86048502604166,145.04106770833334,149.64263997395832,17,26,35
160.86786458333333,145.02653971354167,149.596376953125,17,26,36
160.8812890625,145.01897135416667,149.597666015625,17,26,36
160.861669921875,145.005185546875,149.57812825520833,17,26,36
160.83446614583335,144.986123046875,149.55898763020832,17,26,36
160.84853190104167,144.99632486979166,149.62045247395832,17,26,36
160.85727213541668,144.92341471354166,149.595107421875,17,26,36
160.86874674479168,144.90779296875,149.56288736979167,17,26,36
160.89181966145833,144.93178385416667,149.48319986979166,17,26,36
160.82080403645833,144.91001302083333,149.479453125,17,26,36
160.905703125,144.90434895833334,149.51365234375,17,26,36
160.860458984375,144.93425455729167,149.559794921875,17,26,36
160.8384375,144.92052408854167,149.56223958333334,17,26,36
160.88788411458333,144.90766276041666,149.506201171875,17,26,36
160.85945963541667,144.91976888020832,149.428974609375,17,26,36
160.855078125,144.913388671875,149.503486328125,17,26,36
160.85963216145834,144.96025390625,149.52149088541665,17,26,36
160.849482421875,144.93638346354166,149.46360026041665,17,26,36
160.82834635416665,144.94068684895834,149.48758463541665,17,26,36
160.82135416666668,144.97416666666666,149.48247395833334,17,26,36
160.82017903645834,144.94899088541666,149.52568684895834,17,26,36
160.8515625,144.96358723958335,149.50078125,17,26,36
160.865908203125,145.02458333333334,149.54226236979167,17,26,36
160.84740234375,145.00978841145835,149.5615625,17,26,36
160.85130533854166,145.016650390625,149.57245442708333,17,26,36
160.89630208333332,144.99624674479168,149.52687174479166,17,26,36
160.81867513020833,145.07679036458333,149.57582682291667,17,26,37
160.85409505208332,145.009404296875,149.54719401041666,17,26,37
160.86634765625,145.00907877604166,149.609140625,17,26,37
160.90545247395832,145.01512044270834,149.6125390625,17,26,37
160.93351888020834,144.985693359375,149.578291015625,17,26,37
160.944150390625,145.019697265625,149.59284830729166,17,26,37
160.921806640625,145.02075846354165,149.57134765625,17,26,37
160.860263671875,145.04599609375,149.56499674479167,17,26,37
160.89125325520834,145.04305338541667,149.58371419270833,17,26,37
160.88853190104166,145.064873046875,149.62299479166666,17,26,37
160.887509765625,145.02154947916668,149.57556966145833,17,26,37
160.894658203125,145.05759440104165,149.60917317708333,17,26,37
160.88824869791668,145.04236979166666,149.64549479166666,17,26,37
160.89227213541668,145.09943033854168,149.620576171875,17,26,37
160.86427734375,145.09367838541667,149.70279622395833,17,26,37
160.93981770833332,145.07797526041668,149.619892578125,17,26,37
160.89865559895833,145.11677734375,149.68771158854167,17,26,37
160.92595052083334,145.13661458333334,149.649990234375,17,26,37
160.90558268229168,145.17139322916665,149.6784765625,17,26,37
160.94259114583335,145.16490559895834,149.65009765625,17,26,37
160.95722981770834,145.18,149.70818033854167,17,26,37
160.90820963541665,145.15504231770834,149.70243489583333,17,26,37
160.8878515625,145.19614908854166,149.657177734375,17,26,37
160.93597005208332,145.12162109375,149.66405924479167,17,26,37
161.07649088541666,145.08317057291666,149.7327734375,17,26,37
161.03978841145835,145.06736979166666,149.69975911458334,17,26,38
161.05693033854166,145.03412760416666,149.61782552083332,17,26,38
161.10505208333333,145.054130859375,149.633896484375,17,26,38
161.1306640625,145.038359375,149.694619140625,17,26,38
160.89193684895832,145.06932942708335,149.6151171875,17,26,38
160.866025390625,145.11068033854167,149.60960611979166,17,26,38
160.8874609375,145.12850260416667,149.69127604166667,17,26,38
160.870166015625,145.107392578125,149.65490234375,17,26,38
160.94998046875,145.13159830729165,149.692529296875,17,26,38
160.95916015625,145.15781901041666,149.622939453125,17,26,38
160.94287760416665,145.13825520833333,149.62013346354166,17,26,38
160.9537109375,145.16467122395832,149.69184244791666,17,26,38
160.90327473958334,145.19296549479168,149.67002604166666,17,26,38
160.914267578125,145.172744140625,149.72981770833334,17,26,38
161.12116861979166,145.17510091145834,149.77972005208332,17,26,38
161.10245768229166,145.194404296875,149.69010091145833,17,26,38
161.12219401041668,145.173857421875,149.72592122395832,17,26,38
161.10745442708333,145.21979817708333,149.80338216145833,17,26,38
161.13600911458335,145.22414388020835,149.725,17,26,38
160.920634765625,145.2755859375,149.819189453125,17,26,38
160.91450846354167,145.25839518229168,149.79988932291667,17,26,38
160.92546223958334,145.193125,149.75115234375,17,26,38
160.94498372395833,145.197216796875,149.79448567708334,17,26,38
160.91777994791667,145.20599934895833,149.77643880208333,17,26,38
160.93540690104166,145.171455078125,149.74005533854168,17,26,38
160.94779622395833,145.167470703125,149.67036458333334,17,26,39
160.89910481770832,145.153017578125,149.75444986979167,17,26,39
160.936044921875,145.18305013020833,149.75714192708332,17,26,39
160.96865234375,145.16437174479168,149.71722330729168,17,26,39
160.93816731770832,145.18223307291666,149.76755533854165,17,26,39
160.92039388020834,145.15670247395835,149.72161458333332,17,26,39
160.9281640625,145.18912109375,149.72531575520833,17,26,39
160.94157877604167,145.1841796875,149.70910481770832,17,26,39
160.93884114583332,145.20282877604166,149.771357421875,17,26,39
160.94314778645833,145.21318684895834,149.79867838541668,17,26,39
160.95716471354166,145.18589192708333,149.796533203125,17,26,39
160.99546223958333,145.19667643229167,149.8218359375,17,26,39
160.95587565104168,145.25825846354167,149.77582682291666,17,26,39
160.95730794270833,145.24595377604166,149.85494791666667,17,26,39
161.13800455729168,145.20350911458334,149.82459309895833,17,26,39
161.13870442708333,145.2491796875,149.82578450520833,17,26,39
161.10824869791668,145.26189127604167,149.83878255208333,17,26,39
161.12802408854168,145.22662109375,149.81877604166667,17,26,39
161.12729817708333,145.23518229166666,149.83415690104167,17,26,39
161.113505859375,145.271328125,149.86768880208334,17,26,39
161.0689453125,145.232998046875,149.94818684895833,17,26,39
161.08234375,145.20356770833334,149.84353190104167,17,26,39
161.11608072916667,145.17732747395834,149.77842447916666,17,26,39
161.079892578125,145.18345052083333,149.851630859375,17,26,39
160.96845703125,145.21116536458334,149.664931640625,17,26,39
160.99615559895832,145.19421223958332,149.818544921875,17,26,40
160.99735677083333,145.181796875,149.76756184895834,17,26,40
160.955146484375,145.19150390625,149.73992513020832,17,26,40
160.97280598958332,145.17577799479167,149.73018229166667,17,26,40
161.05545247395833,145.1479296875,149.79121744791667,17,26,40
161.11578776041668,145.14568033854167,149.75095052083333,17,26,40
161.08083658854167,145.16711588541668,149.806123046875,17,26,40
161.11005859375,145.18927083333332,149.81254557291666,17,26,40
161.1121484375,145.19166341145834,149.78805338541667,17,26,40
161.05644205729166,145.17070963541667,149.74744466145833,17,26,40
161.11201171875,145.18547526041667,149.78892578125,17,26,40
161.12270833333332,145.233486328125,149.789296875,17,26,40
161.116220703125,145.19560872395834,149.81513997395834,17,26,40
161.12861653645834,145.231416015625,149.86684895833332,17,26,40
160.96914713541668,145.32064778645832,149.72722981770832,17,26,40
160.90145182291667,145.34986653645834,149.80890950520833,17,26,40
160.957724609375,145.27666341145834,149.85380533854166,17,26,40
